# Kloth Garment Template Generator - Exported Simulated OBJ

g front_panel
usemtl Material_front_panel
v 0.06020 1.31940 -0.03090
v 0.12650 1.28440 -0.02430
v 0.13650 1.25600 -0.00980
v 0.14520 1.22640 0.00040
v 0.14950 1.19760 0.00580
v 0.15540 1.16870 0.01250
v 0.16030 1.13880 0.00530
v 0.16420 1.10790 -0.00460
v 0.16740 1.07600 -0.01400
v 0.16090 0.87550 0.00390
v 0.18030 0.68540 -0.01050
v 0.17450 0.35300 -0.05130
v 0.00000 0.34300 0.11000
v -0.17450 0.35300 -0.05130
v -0.18410 0.68540 -0.00950
v -0.16090 0.87550 0.00390
v -0.16740 1.07600 -0.01400
v -0.16420 1.10790 -0.00460
v -0.16030 1.13880 0.00530
v -0.15540 1.16870 0.01250
v -0.14950 1.19760 0.00580
v -0.14640 1.22700 0.00210
v -0.13690 1.25690 -0.00880
v -0.12620 1.28450 -0.02430
v -0.06110 1.31680 -0.02890
v -0.04850 1.28810 -0.00950
v -0.03790 1.26560 0.00410
v -0.02800 1.24760 0.01420
v -0.01870 1.23720 0.02600
v -0.00940 1.23110 0.03330
v 0.00000 1.22900 0.03570
v 0.00940 1.23110 0.03330
v 0.01870 1.23720 0.02600
v 0.02800 1.24790 0.01470
v 0.03770 1.26590 0.00460
v 0.04820 1.28830 -0.00920
v -0.17180 0.37300 -0.03160
v -0.17180 0.40300 -0.03160
v -0.17180 0.43300 -0.03160
v -0.16690 0.37300 -0.01240
v -0.16690 0.40300 -0.01240
v -0.16690 0.43300 -0.01240
v -0.16690 0.46300 -0.01240
v -0.16690 0.49300 -0.01240
v -0.16690 0.52300 -0.01240
v -0.17180 0.55210 -0.01160
v -0.17660 0.58180 -0.01100
v -0.17970 0.61170 -0.01030
v -0.15990 0.37300 0.00610
v -0.15990 0.40300 0.00610
v -0.15990 0.43300 0.00610
v -0.15990 0.46300 0.00610
v -0.15990 0.49300 0.00610
v -0.15990 0.52300 0.00610
v -0.16190 0.55250 0.00750
v -0.16590 0.58200 0.00990
v -0.16920 0.61190 0.01160
v -0.17090 0.64230 0.01360
v -0.17210 0.67300 0.01520
v -0.17170 0.70400 0.01660
v -0.17010 0.73440 0.01550
v -0.16740 0.76410 0.01280
v -0.16410 0.79410 0.01100
v -0.15990 0.94300 0.00610
v -0.15990 0.97300 0.00610
v -0.15990 1.00300 0.00610
v -0.15990 1.03300 0.00610
v -0.15990 1.06300 0.00610
v -0.15990 1.09300 0.00610
v -0.15080 0.37300 0.02380
v -0.15080 0.40300 0.02380
v -0.15080 0.43300 0.02380
v -0.15080 0.46300 0.02380
v -0.15080 0.49300 0.02380
v -0.15080 0.52300 0.02380
v -0.15100 0.55290 0.02420
v -0.15350 0.58210 0.02850
v -0.15560 0.61190 0.03150
v -0.15710 0.64220 0.03380
v -0.16040 0.67300 0.03100
v -0.15890 0.70370 0.03100
v -0.15700 0.73390 0.02960
v -0.15470 0.76350 0.02720
v -0.15080 0.79300 0.02380
v -0.15080 0.82300 0.02380
v -0.15080 0.85300 0.02380
v -0.15080 0.88300 0.02380
v -0.15080 0.91300 0.02380
v -0.15080 0.94300 0.02380
v -0.15080 0.97300 0.02380
v -0.15080 1.00300 0.02380
v -0.15080 1.03300 0.02380
v -0.15080 1.06300 0.02380
v -0.15080 1.09300 0.02380
v -0.15080 1.12300 0.02380
v -0.15080 1.15300 0.02380
v -0.13980 0.37300 0.04020
v -0.13980 0.40300 0.04020
v -0.13980 0.43300 0.04020
v -0.13980 0.46300 0.04020
v -0.13980 0.49300 0.04020
v -0.13980 0.52300 0.04020
v -0.13980 0.55300 0.04020
v -0.13980 0.58300 0.04020
v -0.14030 0.61290 0.04110
v -0.14180 0.64270 0.04340
v -0.14240 0.67290 0.04460
v -0.14190 0.70320 0.04390
v -0.14030 0.73310 0.04110
v -0.13980 0.76300 0.04020
v -0.13980 0.79300 0.04020
v -0.13980 0.82300 0.04020
v -0.13980 0.85300 0.04020
v -0.13980 0.88300 0.04020
v -0.13980 0.91300 0.04020
v -0.13980 0.94300 0.04020
v -0.13980 0.97300 0.04020
v -0.13980 1.00300 0.04020
v -0.13980 1.03300 0.04020
v -0.13980 1.06300 0.04020
v -0.13980 1.09300 0.04020
v -0.13980 1.12300 0.04020
v -0.13980 1.15300 0.04020
v -0.13980 1.18300 0.02670
v -0.14090 1.21360 0.00860
v -0.12700 0.37300 0.05540
v -0.12700 0.40300 0.05540
v -0.12700 0.43300 0.05540
v -0.12700 0.46300 0.05540
v -0.12700 0.49300 0.05540
v -0.12700 0.52300 0.05540
v -0.12700 0.55300 0.05540
v -0.12700 0.58300 0.05540
v -0.12700 0.61300 0.05540
v -0.12700 0.64300 0.05540
v -0.12700 0.67300 0.05540
v -0.12700 0.70300 0.05540
v -0.12700 0.73300 0.05540
v -0.12700 0.76300 0.05540
v -0.12700 0.79300 0.05540
v -0.12700 0.82300 0.05540
v -0.12700 0.85300 0.05540
v -0.12700 0.88300 0.05540
v -0.12700 0.91300 0.05540
v -0.12700 0.94300 0.05540
v -0.12700 0.97300 0.05540
v -0.12700 1.00300 0.05540
v -0.12700 1.03300 0.05540
v -0.12700 1.06300 0.05540
v -0.12700 1.09300 0.05540
v -0.12700 1.12300 0.05540
v -0.12700 1.15300 0.05540
v -0.12700 1.18300 0.03990
v -0.12700 1.21300 0.01670
v -0.12900 1.24650 -0.00040
v -0.11260 0.37300 0.06900
v -0.11260 0.40300 0.06900
v -0.11260 0.43300 0.06900
v -0.11260 0.46300 0.06900
v -0.11260 0.49300 0.06900
v -0.11260 0.52300 0.06900
v -0.11260 0.55300 0.06900
v -0.11260 0.58300 0.06900
v -0.11260 0.61300 0.06900
v -0.11260 0.64300 0.06900
v -0.11260 0.67300 0.06900
v -0.11260 0.70300 0.06900
v -0.11260 0.73300 0.06900
v -0.11260 0.76300 0.06900
v -0.11260 0.79300 0.06900
v -0.11260 0.82300 0.06900
v -0.11260 0.85300 0.06900
v -0.11260 0.88300 0.06900
v -0.11260 0.91300 0.06900
v -0.11260 0.94300 0.06900
v -0.11260 0.97300 0.06900
v -0.11260 1.00300 0.06900
v -0.11260 1.03300 0.06900
v -0.11260 1.06300 0.06900
v -0.11260 1.09300 0.06900
v -0.11260 1.12300 0.06900
v -0.11260 1.15300 0.06900
v -0.11260 1.18300 0.05170
v -0.11260 1.21300 0.02590
v -0.11380 1.24530 0.00450
v -0.09670 0.37300 0.08080
v -0.09670 0.40300 0.08080
v -0.09670 0.43300 0.08080
v -0.09670 0.46300 0.08080
v -0.09670 0.49300 0.08080
v -0.09670 0.52300 0.08080
v -0.09670 0.55300 0.08080
v -0.09670 0.58300 0.08080
v -0.09670 0.61300 0.08080
v -0.09670 0.64300 0.08080
v -0.09670 0.67300 0.08080
v -0.09670 0.70300 0.08080
v -0.09670 0.73300 0.08080
v -0.09670 0.76300 0.08080
v -0.09670 0.79300 0.08080
v -0.09670 0.82300 0.08080
v -0.09670 0.85300 0.08080
v -0.09670 0.88300 0.08080
v -0.09670 0.91300 0.08080
v -0.09670 0.94300 0.08080
v -0.09670 0.97300 0.08080
v -0.09670 1.00300 0.08080
v -0.09670 1.03300 0.08080
v -0.09670 1.06300 0.08080
v -0.09670 1.09300 0.08080
v -0.09670 1.12300 0.08080
v -0.09670 1.15300 0.08080
v -0.09670 1.18300 0.06210
v -0.09670 1.21300 0.03400
v -0.09730 1.24450 0.00850
v -0.09860 1.27900 -0.01310
v -0.07960 0.37300 0.09080
v -0.07960 0.40300 0.09080
v -0.07960 0.43300 0.09080
v -0.07960 0.46300 0.09080
v -0.07960 0.49300 0.09080
v -0.07960 0.52300 0.09080
v -0.07960 0.55300 0.09080
v -0.07960 0.58300 0.09080
v -0.07960 0.61300 0.09080
v -0.07960 0.64300 0.09080
v -0.07960 0.67300 0.09080
v -0.07960 0.70300 0.09080
v -0.07960 0.73300 0.09080
v -0.07960 0.76300 0.09080
v -0.07960 0.79300 0.09080
v -0.07960 0.82300 0.09080
v -0.07960 0.85300 0.09080
v -0.07960 0.88300 0.09080
v -0.07960 0.91300 0.09080
v -0.07960 0.94300 0.09080
v -0.07960 0.97300 0.09080
v -0.07960 1.00300 0.09080
v -0.07960 1.03300 0.09080
v -0.07960 1.06300 0.09080
v -0.07960 1.09300 0.09080
v -0.07960 1.12300 0.09080
v -0.07960 1.15300 0.09080
v -0.07960 1.18300 0.07080
v -0.07960 1.21300 0.04080
v -0.07980 1.24370 0.01200
v -0.08150 1.27870 -0.01000
v -0.06150 0.37300 0.09880
v -0.06150 0.40300 0.09880
v -0.06150 0.43300 0.09880
v -0.06150 0.46300 0.09880
v -0.06150 0.49300 0.09880
v -0.06150 0.52300 0.09880
v -0.06150 0.55300 0.09880
v -0.06150 0.58300 0.09880
v -0.06150 0.61300 0.09880
v -0.06150 0.64300 0.09880
v -0.06150 0.67300 0.09880
v -0.06150 0.70300 0.09880
v -0.06150 0.73300 0.09880
v -0.06150 0.76300 0.09880
v -0.06150 0.79300 0.09880
v -0.06150 0.82300 0.09880
v -0.06150 0.85300 0.09880
v -0.06150 0.88300 0.09880
v -0.06150 0.91300 0.09880
v -0.06150 0.94300 0.09880
v -0.06150 0.97300 0.09880
v -0.06150 1.00300 0.09880
v -0.06150 1.03300 0.09880
v -0.06150 1.06300 0.09880
v -0.06150 1.09300 0.09880
v -0.06150 1.12300 0.09880
v -0.06150 1.15300 0.09880
v -0.06150 1.18300 0.07780
v -0.06150 1.21300 0.04620
v -0.06150 1.24300 0.01460
v -0.06310 1.27870 -0.00660
v -0.04250 0.37300 0.10480
v -0.04250 0.40300 0.10480
v -0.04250 0.43300 0.10480
v -0.04250 0.46300 0.10480
v -0.04250 0.49300 0.10480
v -0.04250 0.52300 0.10480
v -0.04250 0.55300 0.10480
v -0.04250 0.58300 0.10480
v -0.04250 0.61300 0.10480
v -0.04250 0.64300 0.10480
v -0.04250 0.67300 0.10480
v -0.04250 0.70300 0.10480
v -0.04250 0.73300 0.10480
v -0.04250 0.76300 0.10480
v -0.04250 0.79300 0.10480
v -0.04250 0.82300 0.10480
v -0.04250 0.85300 0.10480
v -0.04250 0.88300 0.10480
v -0.04250 0.91300 0.10480
v -0.04250 0.94300 0.10480
v -0.04250 0.97300 0.10480
v -0.04250 1.00300 0.10480
v -0.04250 1.03300 0.10480
v -0.04250 1.06300 0.10480
v -0.04250 1.09300 0.10480
v -0.04250 1.12300 0.10480
v -0.04250 1.15300 0.10480
v -0.04250 1.18300 0.08290
v -0.04250 1.21300 0.05020
v -0.04250 1.24300 0.01750
v -0.02310 0.37300 0.10850
v -0.02310 0.40300 0.10850
v -0.02310 0.43300 0.10850
v -0.02310 0.46300 0.10850
v -0.02310 0.49300 0.10850
v -0.02310 0.52300 0.10850
v -0.02310 0.55300 0.10850
v -0.02310 0.58300 0.10850
v -0.02310 0.61300 0.10850
v -0.02310 0.64300 0.10850
v -0.02310 0.67300 0.10850
v -0.02310 0.70300 0.10850
v -0.02310 0.73300 0.10850
v -0.02310 0.76300 0.10850
v -0.02310 0.79300 0.10850
v -0.02310 0.82300 0.10850
v -0.02310 0.85300 0.10850
v -0.02310 0.88300 0.10850
v -0.02310 0.91300 0.10850
v -0.02310 0.94300 0.10850
v -0.02310 0.97300 0.10850
v -0.02310 1.00300 0.10850
v -0.02310 1.03300 0.10850
v -0.02310 1.06300 0.10850
v -0.02310 1.09300 0.10850
v -0.02310 1.12300 0.10850
v -0.02310 1.15300 0.10850
v -0.02310 1.18300 0.08620
v -0.02310 1.21300 0.05270
v -0.00330 0.37300 0.11000
v -0.00330 0.40300 0.11000
v -0.00330 0.43300 0.11000
v -0.00330 0.46300 0.11000
v -0.00330 0.49300 0.11000
v -0.00330 0.52300 0.11000
v -0.00330 0.55300 0.11000
v -0.00330 0.58300 0.11000
v -0.00330 0.61300 0.11000
v -0.00330 0.64300 0.11000
v -0.00330 0.67300 0.11000
v -0.00330 0.70300 0.11000
v -0.00330 0.73300 0.11000
v -0.00330 0.76300 0.11000
v -0.00330 0.79300 0.11000
v -0.00330 0.82300 0.11000
v -0.00330 0.85300 0.11000
v -0.00330 0.88300 0.11000
v -0.00330 0.91300 0.11000
v -0.00330 0.94300 0.11000
v -0.00330 0.97300 0.11000
v -0.00330 1.00300 0.11000
v -0.00330 1.03300 0.11000
v -0.00330 1.06300 0.11000
v -0.00330 1.09300 0.11000
v -0.00330 1.12300 0.11000
v -0.00330 1.15300 0.11000
v -0.00330 1.18300 0.08750
v -0.00330 1.21300 0.05370
v 0.01650 0.37300 0.10920
v 0.01650 0.40300 0.10920
v 0.01650 0.43300 0.10920
v 0.01650 0.46300 0.10920
v 0.01650 0.49300 0.10920
v 0.01650 0.52300 0.10920
v 0.01650 0.55300 0.10920
v 0.01650 0.58300 0.10920
v 0.01650 0.61300 0.10920
v 0.01650 0.64300 0.10920
v 0.01650 0.67300 0.10920
v 0.01650 0.70300 0.10920
v 0.01650 0.73300 0.10920
v 0.01650 0.76300 0.10920
v 0.01650 0.79300 0.10920
v 0.01650 0.82300 0.10920
v 0.01650 0.85300 0.10920
v 0.01650 0.88300 0.10920
v 0.01650 0.91300 0.10920
v 0.01650 0.94300 0.10920
v 0.01650 0.97300 0.10920
v 0.01650 1.00300 0.10920
v 0.01650 1.03300 0.10920
v 0.01650 1.06300 0.10920
v 0.01650 1.09300 0.10920
v 0.01650 1.12300 0.10920
v 0.01650 1.15300 0.10920
v 0.01650 1.18300 0.08680
v 0.01650 1.21300 0.05320
v 0.03610 0.37300 0.10620
v 0.03610 0.40300 0.10620
v 0.03610 0.43300 0.10620
v 0.03610 0.46300 0.10620
v 0.03610 0.49300 0.10620
v 0.03610 0.52300 0.10620
v 0.03610 0.55300 0.10620
v 0.03610 0.58300 0.10620
v 0.03610 0.61300 0.10620
v 0.03610 0.64300 0.10620
v 0.03610 0.67300 0.10620
v 0.03610 0.70300 0.10620
v 0.03610 0.73300 0.10620
v 0.03610 0.76300 0.10620
v 0.03610 0.79300 0.10620
v 0.03610 0.82300 0.10620
v 0.03610 0.85300 0.10620
v 0.03610 0.88300 0.10620
v 0.03610 0.91300 0.10620
v 0.03610 0.94300 0.10620
v 0.03610 0.97300 0.10620
v 0.03610 1.00300 0.10620
v 0.03610 1.03300 0.10620
v 0.03610 1.06300 0.10620
v 0.03610 1.09300 0.10620
v 0.03610 1.12300 0.10620
v 0.03610 1.15300 0.10620
v 0.03610 1.18300 0.08420
v 0.03610 1.21300 0.05120
v 0.03610 1.24300 0.01820
v 0.05520 0.37300 0.10110
v 0.05520 0.40300 0.10110
v 0.05520 0.43300 0.10110
v 0.05520 0.46300 0.10110
v 0.05520 0.49300 0.10110
v 0.05520 0.52300 0.10110
v 0.05520 0.55300 0.10110
v 0.05520 0.58300 0.10110
v 0.05520 0.61300 0.10110
v 0.05520 0.64300 0.10110
v 0.05520 0.67300 0.10110
v 0.05520 0.70300 0.10110
v 0.05520 0.73300 0.10110
v 0.05520 0.76300 0.10110
v 0.05520 0.79300 0.10110
v 0.05520 0.82300 0.10110
v 0.05520 0.85300 0.10110
v 0.05520 0.88300 0.10110
v 0.05520 0.91300 0.10110
v 0.05520 0.94300 0.10110
v 0.05520 0.97300 0.10110
v 0.05520 1.00300 0.10110
v 0.05520 1.03300 0.10110
v 0.05520 1.06300 0.10110
v 0.05520 1.09300 0.10110
v 0.05520 1.12300 0.10110
v 0.05520 1.15300 0.10110
v 0.05520 1.18300 0.07970
v 0.05520 1.21300 0.04770
v 0.05520 1.24300 0.01570
v 0.05670 1.27910 -0.00520
v 0.07370 0.37300 0.09370
v 0.07370 0.40300 0.09370
v 0.07370 0.43300 0.09370
v 0.07370 0.46300 0.09370
v 0.07370 0.49300 0.09370
v 0.07370 0.52300 0.09370
v 0.07370 0.55300 0.09370
v 0.07370 0.58300 0.09370
v 0.07370 0.61300 0.09370
v 0.07370 0.64300 0.09370
v 0.07370 0.67300 0.09370
v 0.07370 0.70300 0.09370
v 0.07370 0.73300 0.09370
v 0.07370 0.76300 0.09370
v 0.07370 0.79300 0.09370
v 0.07370 0.82300 0.09370
v 0.07370 0.85300 0.09370
v 0.07370 0.88300 0.09370
v 0.07370 0.91300 0.09370
v 0.07370 0.94300 0.09370
v 0.07370 0.97300 0.09370
v 0.07370 1.00300 0.09370
v 0.07370 1.03300 0.09370
v 0.07370 1.06300 0.09370
v 0.07370 1.09300 0.09370
v 0.07370 1.12300 0.09370
v 0.07370 1.15300 0.09370
v 0.07370 1.18300 0.07330
v 0.07370 1.21300 0.04270
v 0.07390 1.24370 0.01340
v 0.07560 1.27930 -0.00810
v 0.09110 0.37300 0.08440
v 0.09110 0.40300 0.08440
v 0.09110 0.43300 0.08440
v 0.09110 0.46300 0.08440
v 0.09110 0.49300 0.08440
v 0.09110 0.52300 0.08440
v 0.09110 0.55300 0.08440
v 0.09110 0.58300 0.08440
v 0.09110 0.61300 0.08440
v 0.09110 0.64300 0.08440
v 0.09110 0.67300 0.08440
v 0.09110 0.70300 0.08440
v 0.09110 0.73300 0.08440
v 0.09110 0.76300 0.08440
v 0.09110 0.79300 0.08440
v 0.09110 0.82300 0.08440
v 0.09110 0.85300 0.08440
v 0.09110 0.88300 0.08440
v 0.09110 0.91300 0.08440
v 0.09110 0.94300 0.08440
v 0.09110 0.97300 0.08440
v 0.09110 1.00300 0.08440
v 0.09110 1.03300 0.08440
v 0.09110 1.06300 0.08440
v 0.09110 1.09300 0.08440
v 0.09110 1.12300 0.08440
v 0.09110 1.15300 0.08440
v 0.09110 1.18300 0.06520
v 0.09110 1.21300 0.03640
v 0.09170 1.24440 0.01020
v 0.09310 1.27940 -0.01110
v 0.10750 0.37300 0.07310
v 0.10750 0.40300 0.07310
v 0.10750 0.43300 0.07310
v 0.10750 0.46300 0.07310
v 0.10750 0.49300 0.07310
v 0.10750 0.52300 0.07310
v 0.10750 0.55300 0.07310
v 0.10750 0.58300 0.07310
v 0.10750 0.61300 0.07310
v 0.10750 0.64300 0.07310
v 0.10750 0.67300 0.07310
v 0.10750 0.70300 0.07310
v 0.10750 0.73300 0.07310
v 0.10750 0.76300 0.07310
v 0.10750 0.79300 0.07310
v 0.10750 0.82300 0.07310
v 0.10750 0.85300 0.07310
v 0.10750 0.88300 0.07310
v 0.10750 0.91300 0.07310
v 0.10750 0.94300 0.07310
v 0.10750 0.97300 0.07310
v 0.10750 1.00300 0.07310
v 0.10750 1.03300 0.07310
v 0.10750 1.06300 0.07310
v 0.10750 1.09300 0.07310
v 0.10750 1.12300 0.07310
v 0.10750 1.15300 0.07310
v 0.10750 1.18300 0.05540
v 0.10750 1.21300 0.02870
v 0.10860 1.24490 0.00590
v 0.12240 0.37300 0.06010
v 0.12240 0.40300 0.06010
v 0.12240 0.43300 0.06010
v 0.12240 0.46300 0.06010
v 0.12240 0.49300 0.06010
v 0.12240 0.52300 0.06010
v 0.12240 0.55300 0.06010
v 0.12240 0.58300 0.06010
v 0.12240 0.61300 0.06010
v 0.12240 0.64300 0.06010
v 0.12240 0.67300 0.06010
v 0.12240 0.70300 0.06010
v 0.12240 0.73300 0.06010
v 0.12240 0.76300 0.06010
v 0.12240 0.79300 0.06010
v 0.12240 0.82300 0.06010
v 0.12240 0.85300 0.06010
v 0.12240 0.88300 0.06010
v 0.12240 0.91300 0.06010
v 0.12240 0.94300 0.06010
v 0.12240 0.97300 0.06010
v 0.12240 1.00300 0.06010
v 0.12240 1.03300 0.06010
v 0.12240 1.06300 0.06010
v 0.12240 1.09300 0.06010
v 0.12240 1.12300 0.06010
v 0.12240 1.15300 0.06010
v 0.12240 1.18300 0.04400
v 0.12240 1.21300 0.01990
v 0.12410 1.24580 0.00080
v 0.13570 0.37300 0.04540
v 0.13570 0.40300 0.04540
v 0.13570 0.43300 0.04540
v 0.13570 0.46300 0.04540
v 0.13570 0.49300 0.04540
v 0.13570 0.52300 0.04540
v 0.13570 0.55300 0.04540
v 0.13570 0.58300 0.04540
v 0.13570 0.61300 0.04540
v 0.13570 0.64300 0.04540
v 0.13570 0.67300 0.04540
v 0.13570 0.70300 0.04540
v 0.13570 0.73300 0.04540
v 0.13570 0.76300 0.04540
v 0.13570 0.79300 0.04540
v 0.13570 0.82300 0.04540
v 0.13570 0.85300 0.04540
v 0.13570 0.88300 0.04540
v 0.13570 0.91300 0.04540
v 0.13570 0.94300 0.04540
v 0.13570 0.97300 0.04540
v 0.13570 1.00300 0.04540
v 0.13570 1.03300 0.04540
v 0.13570 1.06300 0.04540
v 0.13570 1.09300 0.04540
v 0.13570 1.12300 0.04540
v 0.13570 1.15300 0.04540
v 0.13570 1.18300 0.03120
v 0.13570 1.21300 0.00990
v 0.14740 0.37300 0.02940
v 0.14740 0.40300 0.02940
v 0.14740 0.43300 0.02940
v 0.14740 0.46300 0.02940
v 0.14740 0.49300 0.02940
v 0.14740 0.52300 0.02940
v 0.14740 0.55300 0.02940
v 0.14760 0.58300 0.02960
v 0.14940 0.61260 0.03250
v 0.15060 0.64270 0.03440
v 0.15140 0.67290 0.03590
v 0.15090 0.70340 0.03570
v 0.15050 0.73340 0.03230
v 0.14740 0.76300 0.02940
v 0.14740 0.79300 0.02940
v 0.14740 0.82300 0.02940
v 0.14740 0.85300 0.02940
v 0.14740 0.88300 0.02940
v 0.14740 0.91300 0.02940
v 0.14740 0.94300 0.02940
v 0.14740 0.97300 0.02940
v 0.14740 1.00300 0.02940
v 0.14740 1.03300 0.02940
v 0.14740 1.06300 0.02940
v 0.14740 1.09300 0.02940
v 0.14740 1.12300 0.02940
v 0.14740 1.15300 0.02940
v 0.14740 1.18300 0.01730
v 0.15710 0.37300 0.01210
v 0.15710 0.40300 0.01210
v 0.15710 0.43300 0.01210
v 0.15710 0.46300 0.01210
v 0.15710 0.49300 0.01210
v 0.15710 0.52300 0.01210
v 0.15710 0.55300 0.01210
v 0.16020 0.58260 0.01400
v 0.16300 0.61240 0.01550
v 0.16440 0.64250 0.01710
v 0.16540 0.67300 0.01830
v 0.16500 0.70360 0.01910
v 0.16360 0.73380 0.01820
v 0.16160 0.76430 0.01800
v 0.15820 0.79330 0.01340
v 0.15710 0.82300 0.01210
v 0.15710 0.85300 0.01210
v 0.15710 0.88300 0.01210
v 0.15710 0.91300 0.01210
v 0.15710 0.94300 0.01210
v 0.15710 0.97300 0.01210
v 0.15710 1.00300 0.01210
v 0.15710 1.03300 0.01210
v 0.15710 1.06300 0.01210
v 0.15710 1.09300 0.01210
v 0.15710 1.12300 0.01210
v 0.16480 0.37300 -0.00610
v 0.16480 0.40300 -0.00610
v 0.16480 0.43300 -0.00610
v 0.16480 0.46300 -0.00610
v 0.16480 0.49300 -0.00610
v 0.16480 0.52300 -0.00610
v 0.16660 0.55260 -0.00490
v 0.17040 0.58220 -0.00260
v 0.17290 0.61220 -0.00140
v 0.17530 0.64240 0.00110
v 0.17680 0.67300 0.00280
v 0.17040 0.37300 -0.02520
v 0.17040 0.40300 -0.02520
v 0.17040 0.43300 -0.02520
v 0.17040 0.46300 -0.02520
v 0.17040 0.49300 -0.02520
vt 0.60760 1.00000
vt 0.76580 0.97400
vt 0.79290 0.94710
vt 0.81870 0.91920
vt 0.84310 0.89020
vt 0.86620 0.86010
vt 0.88790 0.82900
vt 0.90820 0.79680
vt 0.92720 0.76350
vt 0.89080 0.55470
vt 0.92720 0.35680
vt 1.00000 0.01040
vt 0.50000 0.00000
vt 0.00000 0.01040
vt 0.07280 0.35680
vt 0.10920 0.55470
vt 0.07280 0.76350
vt 0.09180 0.79680
vt 0.11210 0.82900
vt 0.13380 0.86010
vt 0.15690 0.89020
vt 0.18130 0.91920
vt 0.20710 0.94710
vt 0.23420 0.97400
vt 0.39240 1.00000
vt 0.41030 0.97640
vt 0.42830 0.95720
vt 0.44620 0.94220
vt 0.46410 0.93150
vt 0.48210 0.92510
vt 0.50000 0.92290
vt 0.51790 0.92510
vt 0.53590 0.93150
vt 0.55380 0.94220
vt 0.57170 0.95720
vt 0.58970 0.97640
vt 0.03800 0.03120
vt 0.03800 0.06250
vt 0.03800 0.09380
vt 0.07590 0.03120
vt 0.07590 0.06250
vt 0.07590 0.09380
vt 0.07590 0.12500
vt 0.07590 0.15620
vt 0.07590 0.18750
vt 0.07590 0.21880
vt 0.07590 0.25000
vt 0.07590 0.28120
vt 0.11390 0.03120
vt 0.11390 0.06250
vt 0.11390 0.09380
vt 0.11390 0.12500
vt 0.11390 0.15620
vt 0.11390 0.18750
vt 0.11390 0.21880
vt 0.11390 0.25000
vt 0.11390 0.28120
vt 0.11390 0.31250
vt 0.11390 0.34380
vt 0.11390 0.37500
vt 0.11390 0.40620
vt 0.11390 0.43750
vt 0.11390 0.46880
vt 0.11390 0.62500
vt 0.11390 0.65620
vt 0.11390 0.68750
vt 0.11390 0.71880
vt 0.11390 0.75000
vt 0.11390 0.78120
vt 0.15190 0.03120
vt 0.15190 0.06250
vt 0.15190 0.09380
vt 0.15190 0.12500
vt 0.15190 0.15620
vt 0.15190 0.18750
vt 0.15190 0.21880
vt 0.15190 0.25000
vt 0.15190 0.28120
vt 0.15190 0.31250
vt 0.15190 0.34380
vt 0.15190 0.37500
vt 0.15190 0.40620
vt 0.15190 0.43750
vt 0.15190 0.46880
vt 0.15190 0.50000
vt 0.15190 0.53120
vt 0.15190 0.56250
vt 0.15190 0.59380
vt 0.15190 0.62500
vt 0.15190 0.65620
vt 0.15190 0.68750
vt 0.15190 0.71880
vt 0.15190 0.75000
vt 0.15190 0.78120
vt 0.15190 0.81250
vt 0.15190 0.84380
vt 0.18990 0.03120
vt 0.18990 0.06250
vt 0.18990 0.09380
vt 0.18990 0.12500
vt 0.18990 0.15620
vt 0.18990 0.18750
vt 0.18990 0.21880
vt 0.18990 0.25000
vt 0.18990 0.28120
vt 0.18990 0.31250
vt 0.18990 0.34380
vt 0.18990 0.37500
vt 0.18990 0.40620
vt 0.18990 0.43750
vt 0.18990 0.46880
vt 0.18990 0.50000
vt 0.18990 0.53120
vt 0.18990 0.56250
vt 0.18990 0.59380
vt 0.18990 0.62500
vt 0.18990 0.65620
vt 0.18990 0.68750
vt 0.18990 0.71880
vt 0.18990 0.75000
vt 0.18990 0.78120
vt 0.18990 0.81250
vt 0.18990 0.84380
vt 0.18990 0.87500
vt 0.18990 0.90620
vt 0.22780 0.03120
vt 0.22780 0.06250
vt 0.22780 0.09380
vt 0.22780 0.12500
vt 0.22780 0.15620
vt 0.22780 0.18750
vt 0.22780 0.21880
vt 0.22780 0.25000
vt 0.22780 0.28120
vt 0.22780 0.31250
vt 0.22780 0.34380
vt 0.22780 0.37500
vt 0.22780 0.40620
vt 0.22780 0.43750
vt 0.22780 0.46880
vt 0.22780 0.50000
vt 0.22780 0.53120
vt 0.22780 0.56250
vt 0.22780 0.59380
vt 0.22780 0.62500
vt 0.22780 0.65620
vt 0.22780 0.68750
vt 0.22780 0.71880
vt 0.22780 0.75000
vt 0.22780 0.78120
vt 0.22780 0.81250
vt 0.22780 0.84380
vt 0.22780 0.87500
vt 0.22780 0.90620
vt 0.22780 0.93750
vt 0.26580 0.03120
vt 0.26580 0.06250
vt 0.26580 0.09380
vt 0.26580 0.12500
vt 0.26580 0.15620
vt 0.26580 0.18750
vt 0.26580 0.21880
vt 0.26580 0.25000
vt 0.26580 0.28120
vt 0.26580 0.31250
vt 0.26580 0.34380
vt 0.26580 0.37500
vt 0.26580 0.40620
vt 0.26580 0.43750
vt 0.26580 0.46880
vt 0.26580 0.50000
vt 0.26580 0.53120
vt 0.26580 0.56250
vt 0.26580 0.59380
vt 0.26580 0.62500
vt 0.26580 0.65620
vt 0.26580 0.68750
vt 0.26580 0.71880
vt 0.26580 0.75000
vt 0.26580 0.78120
vt 0.26580 0.81250
vt 0.26580 0.84380
vt 0.26580 0.87500
vt 0.26580 0.90620
vt 0.26580 0.93750
vt 0.30380 0.03120
vt 0.30380 0.06250
vt 0.30380 0.09380
vt 0.30380 0.12500
vt 0.30380 0.15620
vt 0.30380 0.18750
vt 0.30380 0.21880
vt 0.30380 0.25000
vt 0.30380 0.28120
vt 0.30380 0.31250
vt 0.30380 0.34380
vt 0.30380 0.37500
vt 0.30380 0.40620
vt 0.30380 0.43750
vt 0.30380 0.46880
vt 0.30380 0.50000
vt 0.30380 0.53120
vt 0.30380 0.56250
vt 0.30380 0.59380
vt 0.30380 0.62500
vt 0.30380 0.65620
vt 0.30380 0.68750
vt 0.30380 0.71880
vt 0.30380 0.75000
vt 0.30380 0.78120
vt 0.30380 0.81250
vt 0.30380 0.84380
vt 0.30380 0.87500
vt 0.30380 0.90620
vt 0.30380 0.93750
vt 0.30380 0.96880
vt 0.34180 0.03120
vt 0.34180 0.06250
vt 0.34180 0.09380
vt 0.34180 0.12500
vt 0.34180 0.15620
vt 0.34180 0.18750
vt 0.34180 0.21880
vt 0.34180 0.25000
vt 0.34180 0.28120
vt 0.34180 0.31250
vt 0.34180 0.34380
vt 0.34180 0.37500
vt 0.34180 0.40620
vt 0.34180 0.43750
vt 0.34180 0.46880
vt 0.34180 0.50000
vt 0.34180 0.53120
vt 0.34180 0.56250
vt 0.34180 0.59380
vt 0.34180 0.62500
vt 0.34180 0.65620
vt 0.34180 0.68750
vt 0.34180 0.71880
vt 0.34180 0.75000
vt 0.34180 0.78120
vt 0.34180 0.81250
vt 0.34180 0.84380
vt 0.34180 0.87500
vt 0.34180 0.90620
vt 0.34180 0.93750
vt 0.34180 0.96880
vt 0.37970 0.03120
vt 0.37970 0.06250
vt 0.37970 0.09380
vt 0.37970 0.12500
vt 0.37970 0.15620
vt 0.37970 0.18750
vt 0.37970 0.21880
vt 0.37970 0.25000
vt 0.37970 0.28120
vt 0.37970 0.31250
vt 0.37970 0.34380
vt 0.37970 0.37500
vt 0.37970 0.40620
vt 0.37970 0.43750
vt 0.37970 0.46880
vt 0.37970 0.50000
vt 0.37970 0.53120
vt 0.37970 0.56250
vt 0.37970 0.59380
vt 0.37970 0.62500
vt 0.37970 0.65620
vt 0.37970 0.68750
vt 0.37970 0.71880
vt 0.37970 0.75000
vt 0.37970 0.78120
vt 0.37970 0.81250
vt 0.37970 0.84380
vt 0.37970 0.87500
vt 0.37970 0.90620
vt 0.37970 0.93750
vt 0.37970 0.96880
vt 0.41770 0.03120
vt 0.41770 0.06250
vt 0.41770 0.09380
vt 0.41770 0.12500
vt 0.41770 0.15620
vt 0.41770 0.18750
vt 0.41770 0.21880
vt 0.41770 0.25000
vt 0.41770 0.28120
vt 0.41770 0.31250
vt 0.41770 0.34380
vt 0.41770 0.37500
vt 0.41770 0.40620
vt 0.41770 0.43750
vt 0.41770 0.46880
vt 0.41770 0.50000
vt 0.41770 0.53120
vt 0.41770 0.56250
vt 0.41770 0.59380
vt 0.41770 0.62500
vt 0.41770 0.65620
vt 0.41770 0.68750
vt 0.41770 0.71880
vt 0.41770 0.75000
vt 0.41770 0.78120
vt 0.41770 0.81250
vt 0.41770 0.84380
vt 0.41770 0.87500
vt 0.41770 0.90620
vt 0.41770 0.93750
vt 0.45570 0.03120
vt 0.45570 0.06250
vt 0.45570 0.09380
vt 0.45570 0.12500
vt 0.45570 0.15620
vt 0.45570 0.18750
vt 0.45570 0.21880
vt 0.45570 0.25000
vt 0.45570 0.28120
vt 0.45570 0.31250
vt 0.45570 0.34380
vt 0.45570 0.37500
vt 0.45570 0.40620
vt 0.45570 0.43750
vt 0.45570 0.46880
vt 0.45570 0.50000
vt 0.45570 0.53120
vt 0.45570 0.56250
vt 0.45570 0.59380
vt 0.45570 0.62500
vt 0.45570 0.65620
vt 0.45570 0.68750
vt 0.45570 0.71880
vt 0.45570 0.75000
vt 0.45570 0.78120
vt 0.45570 0.81250
vt 0.45570 0.84380
vt 0.45570 0.87500
vt 0.45570 0.90620
vt 0.49370 0.03120
vt 0.49370 0.06250
vt 0.49370 0.09380
vt 0.49370 0.12500
vt 0.49370 0.15620
vt 0.49370 0.18750
vt 0.49370 0.21880
vt 0.49370 0.25000
vt 0.49370 0.28120
vt 0.49370 0.31250
vt 0.49370 0.34380
vt 0.49370 0.37500
vt 0.49370 0.40620
vt 0.49370 0.43750
vt 0.49370 0.46880
vt 0.49370 0.50000
vt 0.49370 0.53120
vt 0.49370 0.56250
vt 0.49370 0.59380
vt 0.49370 0.62500
vt 0.49370 0.65620
vt 0.49370 0.68750
vt 0.49370 0.71880
vt 0.49370 0.75000
vt 0.49370 0.78120
vt 0.49370 0.81250
vt 0.49370 0.84380
vt 0.49370 0.87500
vt 0.49370 0.90620
vt 0.53160 0.03120
vt 0.53160 0.06250
vt 0.53160 0.09380
vt 0.53160 0.12500
vt 0.53160 0.15620
vt 0.53160 0.18750
vt 0.53160 0.21880
vt 0.53160 0.25000
vt 0.53160 0.28120
vt 0.53160 0.31250
vt 0.53160 0.34380
vt 0.53160 0.37500
vt 0.53160 0.40620
vt 0.53160 0.43750
vt 0.53160 0.46880
vt 0.53160 0.50000
vt 0.53160 0.53120
vt 0.53160 0.56250
vt 0.53160 0.59380
vt 0.53160 0.62500
vt 0.53160 0.65620
vt 0.53160 0.68750
vt 0.53160 0.71880
vt 0.53160 0.75000
vt 0.53160 0.78120
vt 0.53160 0.81250
vt 0.53160 0.84380
vt 0.53160 0.87500
vt 0.53160 0.90620
vt 0.56960 0.03120
vt 0.56960 0.06250
vt 0.56960 0.09380
vt 0.56960 0.12500
vt 0.56960 0.15620
vt 0.56960 0.18750
vt 0.56960 0.21880
vt 0.56960 0.25000
vt 0.56960 0.28120
vt 0.56960 0.31250
vt 0.56960 0.34380
vt 0.56960 0.37500
vt 0.56960 0.40620
vt 0.56960 0.43750
vt 0.56960 0.46880
vt 0.56960 0.50000
vt 0.56960 0.53120
vt 0.56960 0.56250
vt 0.56960 0.59380
vt 0.56960 0.62500
vt 0.56960 0.65620
vt 0.56960 0.68750
vt 0.56960 0.71880
vt 0.56960 0.75000
vt 0.56960 0.78120
vt 0.56960 0.81250
vt 0.56960 0.84380
vt 0.56960 0.87500
vt 0.56960 0.90620
vt 0.56960 0.93750
vt 0.60760 0.03120
vt 0.60760 0.06250
vt 0.60760 0.09380
vt 0.60760 0.12500
vt 0.60760 0.15620
vt 0.60760 0.18750
vt 0.60760 0.21880
vt 0.60760 0.25000
vt 0.60760 0.28120
vt 0.60760 0.31250
vt 0.60760 0.34380
vt 0.60760 0.37500
vt 0.60760 0.40620
vt 0.60760 0.43750
vt 0.60760 0.46880
vt 0.60760 0.50000
vt 0.60760 0.53120
vt 0.60760 0.56250
vt 0.60760 0.59380
vt 0.60760 0.62500
vt 0.60760 0.65620
vt 0.60760 0.68750
vt 0.60760 0.71880
vt 0.60760 0.75000
vt 0.60760 0.78120
vt 0.60760 0.81250
vt 0.60760 0.84380
vt 0.60760 0.87500
vt 0.60760 0.90620
vt 0.60760 0.93750
vt 0.60760 0.96880
vt 0.64560 0.03120
vt 0.64560 0.06250
vt 0.64560 0.09380
vt 0.64560 0.12500
vt 0.64560 0.15620
vt 0.64560 0.18750
vt 0.64560 0.21880
vt 0.64560 0.25000
vt 0.64560 0.28120
vt 0.64560 0.31250
vt 0.64560 0.34380
vt 0.64560 0.37500
vt 0.64560 0.40620
vt 0.64560 0.43750
vt 0.64560 0.46880
vt 0.64560 0.50000
vt 0.64560 0.53120
vt 0.64560 0.56250
vt 0.64560 0.59380
vt 0.64560 0.62500
vt 0.64560 0.65620
vt 0.64560 0.68750
vt 0.64560 0.71880
vt 0.64560 0.75000
vt 0.64560 0.78120
vt 0.64560 0.81250
vt 0.64560 0.84380
vt 0.64560 0.87500
vt 0.64560 0.90620
vt 0.64560 0.93750
vt 0.64560 0.96880
vt 0.68350 0.03120
vt 0.68350 0.06250
vt 0.68350 0.09380
vt 0.68350 0.12500
vt 0.68350 0.15620
vt 0.68350 0.18750
vt 0.68350 0.21880
vt 0.68350 0.25000
vt 0.68350 0.28120
vt 0.68350 0.31250
vt 0.68350 0.34380
vt 0.68350 0.37500
vt 0.68350 0.40620
vt 0.68350 0.43750
vt 0.68350 0.46880
vt 0.68350 0.50000
vt 0.68350 0.53120
vt 0.68350 0.56250
vt 0.68350 0.59380
vt 0.68350 0.62500
vt 0.68350 0.65620
vt 0.68350 0.68750
vt 0.68350 0.71880
vt 0.68350 0.75000
vt 0.68350 0.78120
vt 0.68350 0.81250
vt 0.68350 0.84380
vt 0.68350 0.87500
vt 0.68350 0.90620
vt 0.68350 0.93750
vt 0.68350 0.96880
vt 0.72150 0.03120
vt 0.72150 0.06250
vt 0.72150 0.09380
vt 0.72150 0.12500
vt 0.72150 0.15620
vt 0.72150 0.18750
vt 0.72150 0.21880
vt 0.72150 0.25000
vt 0.72150 0.28120
vt 0.72150 0.31250
vt 0.72150 0.34380
vt 0.72150 0.37500
vt 0.72150 0.40620
vt 0.72150 0.43750
vt 0.72150 0.46880
vt 0.72150 0.50000
vt 0.72150 0.53120
vt 0.72150 0.56250
vt 0.72150 0.59380
vt 0.72150 0.62500
vt 0.72150 0.65620
vt 0.72150 0.68750
vt 0.72150 0.71880
vt 0.72150 0.75000
vt 0.72150 0.78120
vt 0.72150 0.81250
vt 0.72150 0.84380
vt 0.72150 0.87500
vt 0.72150 0.90620
vt 0.72150 0.93750
vt 0.75950 0.03120
vt 0.75950 0.06250
vt 0.75950 0.09380
vt 0.75950 0.12500
vt 0.75950 0.15620
vt 0.75950 0.18750
vt 0.75950 0.21880
vt 0.75950 0.25000
vt 0.75950 0.28120
vt 0.75950 0.31250
vt 0.75950 0.34380
vt 0.75950 0.37500
vt 0.75950 0.40620
vt 0.75950 0.43750
vt 0.75950 0.46880
vt 0.75950 0.50000
vt 0.75950 0.53120
vt 0.75950 0.56250
vt 0.75950 0.59380
vt 0.75950 0.62500
vt 0.75950 0.65620
vt 0.75950 0.68750
vt 0.75950 0.71880
vt 0.75950 0.75000
vt 0.75950 0.78120
vt 0.75950 0.81250
vt 0.75950 0.84380
vt 0.75950 0.87500
vt 0.75950 0.90620
vt 0.75950 0.93750
vt 0.79750 0.03120
vt 0.79750 0.06250
vt 0.79750 0.09380
vt 0.79750 0.12500
vt 0.79750 0.15620
vt 0.79750 0.18750
vt 0.79750 0.21880
vt 0.79750 0.25000
vt 0.79750 0.28120
vt 0.79750 0.31250
vt 0.79750 0.34380
vt 0.79750 0.37500
vt 0.79750 0.40620
vt 0.79750 0.43750
vt 0.79750 0.46880
vt 0.79750 0.50000
vt 0.79750 0.53120
vt 0.79750 0.56250
vt 0.79750 0.59380
vt 0.79750 0.62500
vt 0.79750 0.65620
vt 0.79750 0.68750
vt 0.79750 0.71880
vt 0.79750 0.75000
vt 0.79750 0.78120
vt 0.79750 0.81250
vt 0.79750 0.84380
vt 0.79750 0.87500
vt 0.79750 0.90620
vt 0.83540 0.03120
vt 0.83540 0.06250
vt 0.83540 0.09380
vt 0.83540 0.12500
vt 0.83540 0.15620
vt 0.83540 0.18750
vt 0.83540 0.21880
vt 0.83540 0.25000
vt 0.83540 0.28120
vt 0.83540 0.31250
vt 0.83540 0.34380
vt 0.83540 0.37500
vt 0.83540 0.40620
vt 0.83540 0.43750
vt 0.83540 0.46880
vt 0.83540 0.50000
vt 0.83540 0.53120
vt 0.83540 0.56250
vt 0.83540 0.59380
vt 0.83540 0.62500
vt 0.83540 0.65620
vt 0.83540 0.68750
vt 0.83540 0.71880
vt 0.83540 0.75000
vt 0.83540 0.78120
vt 0.83540 0.81250
vt 0.83540 0.84380
vt 0.83540 0.87500
vt 0.87340 0.03120
vt 0.87340 0.06250
vt 0.87340 0.09380
vt 0.87340 0.12500
vt 0.87340 0.15620
vt 0.87340 0.18750
vt 0.87340 0.21880
vt 0.87340 0.25000
vt 0.87340 0.28120
vt 0.87340 0.31250
vt 0.87340 0.34380
vt 0.87340 0.37500
vt 0.87340 0.40620
vt 0.87340 0.43750
vt 0.87340 0.46880
vt 0.87340 0.50000
vt 0.87340 0.53120
vt 0.87340 0.56250
vt 0.87340 0.59380
vt 0.87340 0.62500
vt 0.87340 0.65620
vt 0.87340 0.68750
vt 0.87340 0.71880
vt 0.87340 0.75000
vt 0.87340 0.78120
vt 0.87340 0.81250
vt 0.91140 0.03120
vt 0.91140 0.06250
vt 0.91140 0.09380
vt 0.91140 0.12500
vt 0.91140 0.15620
vt 0.91140 0.18750
vt 0.91140 0.21880
vt 0.91140 0.25000
vt 0.91140 0.28120
vt 0.91140 0.31250
vt 0.91140 0.34380
vt 0.94940 0.03120
vt 0.94940 0.06250
vt 0.94940 0.09380
vt 0.94940 0.12500
vt 0.94940 0.15620
f 24/24 23/23 155/155
f 24/24 155/155 185/185
f 24/24 185/185 216/216
f 24/24 216/216 25/25
f 25/25 216/216 247/247
f 25/25 247/247 278/278
f 25/25 278/278 26/26
f 1/1 36/36 456/456
f 1/1 456/456 487/487
f 1/1 487/487 518/518
f 1/1 518/518 2/2
f 2/2 518/518 548/548
f 2/2 548/548 578/578
f 2/2 578/578 3/3
f 3/3 578/578 607/607
f 3/3 607/607 4/4
f 4/4 607/607 5/5
f 5/5 607/607 606/606
f 5/5 606/606 635/635
f 5/5 635/635 6/6
f 6/6 635/635 634/634
f 6/6 634/634 7/7
f 7/7 634/634 661/661
f 7/7 661/661 8/8
f 8/8 661/661 660/660
f 8/8 660/660 9/9
f 9/9 660/660 659/659
f 9/9 659/659 658/658
f 9/9 658/658 657/657
f 9/9 657/657 656/656
f 9/9 656/656 655/655
f 9/9 655/655 10/10
f 12/12 11/11 677/677
f 12/12 677/677 676/676
f 12/12 676/676 675/675
f 12/12 675/675 674/674
f 12/12 674/674 673/673
f 12/12 673/673 662/662
f 12/12 662/662 636/636
f 12/12 636/636 608/608
f 12/12 608/608 579/579
f 12/12 579/579 549/549
f 12/12 549/549 13/13
f 13/13 549/549 519/519
f 13/13 519/519 488/488
f 13/13 488/488 457/457
f 13/13 457/457 426/426
f 13/13 426/426 396/396
f 13/13 396/396 367/367
f 13/13 367/367 338/338
f 13/13 338/338 309/309
f 13/13 309/309 279/279
f 13/13 279/279 248/248
f 13/13 248/248 217/217
f 13/13 217/217 186/186
f 13/13 186/186 156/156
f 13/13 156/156 126/126
f 13/13 126/126 14/14
f 14/14 126/126 97/97
f 14/14 97/97 70/70
f 14/14 70/70 49/49
f 14/14 49/49 40/40
f 14/14 40/40 37/37
f 14/14 37/37 38/38
f 14/14 38/38 39/39
f 14/14 39/39 15/15
f 17/17 16/16 64/64
f 17/17 64/64 65/65
f 17/17 65/65 66/66
f 17/17 66/66 67/67
f 17/17 67/67 68/68
f 17/17 68/68 69/69
f 17/17 69/69 18/18
f 18/18 69/69 19/19
f 19/19 69/69 95/95
f 19/19 95/95 96/96
f 19/19 96/96 20/20
f 20/20 96/96 21/21
f 21/21 96/96 124/124
f 21/21 124/124 125/125
f 21/21 125/125 22/22
f 22/22 125/125 155/155
f 22/22 155/155 23/23
f 155/155 125/125 154/154
f 155/155 154/154 184/184
f 155/155 184/184 185/185
f 185/185 184/184 214/214
f 185/185 214/214 215/215
f 185/185 215/215 216/216
f 216/216 215/215 246/246
f 216/216 246/246 247/247
f 247/247 246/246 277/277
f 247/247 277/277 278/278
f 278/278 277/277 308/308
f 278/278 308/308 27/27
f 278/278 27/27 26/26
f 36/36 35/35 456/456
f 456/456 35/35 455/455
f 456/456 455/455 486/486
f 456/456 486/486 487/487
f 487/487 486/486 517/517
f 487/487 517/517 518/518
f 518/518 517/517 548/548
f 548/548 517/517 547/547
f 548/548 547/547 577/577
f 548/548 577/577 578/578
f 578/578 577/577 607/607
f 607/607 577/577 606/606
f 606/606 577/577 576/576
f 606/606 576/576 605/605
f 606/606 605/605 634/634
f 606/606 634/634 635/635
f 634/634 605/605 633/633
f 634/634 633/633 661/661
f 661/661 633/633 660/660
f 660/660 633/633 632/632
f 660/660 632/632 659/659
f 659/659 632/632 631/631
f 659/659 631/631 658/658
f 658/658 631/631 630/630
f 658/658 630/630 657/657
f 657/657 630/630 629/629
f 657/657 629/629 656/656
f 656/656 629/629 628/628
f 656/656 628/628 655/655
f 655/655 628/628 627/627
f 655/655 627/627 654/654
f 655/655 654/654 10/10
f 10/10 654/654 653/653
f 10/10 653/653 652/652
f 10/10 652/652 651/651
f 10/10 651/651 650/650
f 10/10 650/650 11/11
f 11/11 650/650 649/649
f 11/11 649/649 648/648
f 11/11 648/648 647/647
f 11/11 647/647 672/672
f 11/11 672/672 671/671
f 11/11 671/671 670/670
f 11/11 670/670 677/677
f 677/677 670/670 669/669
f 677/677 669/669 668/668
f 677/677 668/668 667/667
f 677/677 667/667 666/666
f 677/677 666/666 676/676
f 676/676 666/666 665/665
f 676/676 665/665 675/675
f 675/675 665/665 664/664
f 675/675 664/664 674/674
f 674/674 664/664 663/663
f 674/674 663/663 673/673
f 673/673 663/663 662/662
f 662/662 663/663 637/637
f 662/662 637/637 636/636
f 636/636 637/637 609/609
f 636/636 609/609 608/608
f 608/608 609/609 580/580
f 608/608 580/580 579/579
f 579/579 580/580 550/550
f 579/579 550/550 549/549
f 549/549 550/550 520/520
f 549/549 520/520 519/519
f 519/519 520/520 489/489
f 519/519 489/489 488/488
f 488/488 489/489 458/458
f 488/488 458/458 457/457
f 457/457 458/458 427/427
f 457/457 427/427 426/426
f 426/426 427/427 397/397
f 426/426 397/397 396/396
f 396/396 397/397 368/368
f 396/396 368/368 367/367
f 367/367 368/368 339/339
f 367/367 339/339 338/338
f 338/338 339/339 310/310
f 338/338 310/310 309/309
f 309/309 310/310 280/280
f 309/309 280/280 279/279
f 279/279 280/280 249/249
f 279/279 249/249 248/248
f 248/248 249/249 218/218
f 248/248 218/218 217/217
f 217/217 218/218 187/187
f 217/217 187/187 186/186
f 186/186 187/187 157/157
f 186/186 157/157 156/156
f 156/156 157/157 127/127
f 156/156 127/127 126/126
f 126/126 127/127 98/98
f 126/126 98/98 97/97
f 97/97 98/98 71/71
f 97/97 71/71 70/70
f 70/70 71/71 50/50
f 70/70 50/50 49/49
f 49/49 50/50 41/41
f 49/49 41/41 40/40
f 40/40 41/41 38/38
f 40/40 38/38 37/37
f 38/38 41/41 39/39
f 39/39 41/41 42/42
f 39/39 42/42 43/43
f 39/39 43/43 44/44
f 39/39 44/44 45/45
f 39/39 45/45 46/46
f 39/39 46/46 47/47
f 39/39 47/47 48/48
f 39/39 48/48 15/15
f 15/15 48/48 58/58
f 15/15 58/58 59/59
f 15/15 59/59 60/60
f 15/15 60/60 61/61
f 15/15 61/61 62/62
f 15/15 62/62 63/63
f 15/15 63/63 16/16
f 16/16 63/63 85/85
f 16/16 85/85 86/86
f 16/16 86/86 87/87
f 16/16 87/87 88/88
f 16/16 88/88 64/64
f 64/64 88/88 89/89
f 64/64 89/89 65/65
f 65/65 89/89 90/90
f 65/65 90/90 66/66
f 66/66 90/90 91/91
f 66/66 91/91 67/67
f 67/67 91/91 92/92
f 67/67 92/92 68/68
f 68/68 92/92 93/93
f 68/68 93/93 69/69
f 69/69 93/93 94/94
f 69/69 94/94 95/95
f 95/95 94/94 121/121
f 95/95 121/121 122/122
f 95/95 122/122 96/96
f 96/96 122/122 123/123
f 96/96 123/123 124/124
f 124/124 123/123 152/152
f 124/124 152/152 153/153
f 124/124 153/153 125/125
f 125/125 153/153 154/154
f 154/154 153/153 183/183
f 154/154 183/183 184/184
f 184/184 183/183 213/213
f 184/184 213/213 214/214
f 214/214 213/213 244/244
f 214/214 244/244 245/245
f 214/214 245/245 215/215
f 215/215 245/245 246/246
f 246/246 245/245 276/276
f 246/246 276/276 277/277
f 277/277 276/276 307/307
f 277/277 307/307 308/308
f 308/308 307/307 28/28
f 308/308 28/28 27/27
f 35/35 34/34 425/425
f 35/35 425/425 455/455
f 455/455 425/425 454/454
f 455/455 454/454 485/485
f 455/455 485/485 486/486
f 486/486 485/485 516/516
f 486/486 516/516 517/517
f 517/517 516/516 547/547
f 547/547 516/516 546/546
f 547/547 546/546 576/576
f 547/547 576/576 577/577
f 576/576 546/546 575/575
f 576/576 575/575 605/605
f 605/605 575/575 604/604
f 605/605 604/604 633/633
f 633/633 604/604 632/632
f 632/632 604/604 603/603
f 632/632 603/603 631/631
f 631/631 603/603 602/602
f 631/631 602/602 630/630
f 630/630 602/602 601/601
f 630/630 601/601 629/629
f 629/629 601/601 600/600
f 629/629 600/600 628/628
f 628/628 600/600 599/599
f 628/628 599/599 627/627
f 627/627 599/599 598/598
f 627/627 598/598 626/626
f 627/627 626/626 654/654
f 654/654 626/626 653/653
f 653/653 626/626 625/625
f 653/653 625/625 652/652
f 652/652 625/625 624/624
f 652/652 624/624 651/651
f 651/651 624/624 623/623
f 651/651 623/623 650/650
f 650/650 623/623 622/622
f 650/650 622/622 649/649
f 649/649 622/622 621/621
f 649/649 621/621 648/648
f 648/648 621/621 620/620
f 648/648 620/620 647/647
f 647/647 620/620 619/619
f 647/647 619/619 646/646
f 647/647 646/646 672/672
f 672/672 646/646 671/671
f 671/671 646/646 645/645
f 671/671 645/645 670/670
f 670/670 645/645 644/644
f 670/670 644/644 669/669
f 669/669 644/644 643/643
f 669/669 643/643 668/668
f 668/668 643/643 642/642
f 668/668 642/642 667/667
f 667/667 642/642 641/641
f 667/667 641/641 666/666
f 666/666 641/641 640/640
f 666/666 640/640 665/665
f 665/665 640/640 639/639
f 665/665 639/639 664/664
f 664/664 639/639 638/638
f 664/664 638/638 663/663
f 663/663 638/638 637/637
f 637/637 638/638 610/610
f 637/637 610/610 609/609
f 609/609 610/610 581/581
f 609/609 581/581 580/580
f 580/580 581/581 551/551
f 580/580 551/551 550/550
f 550/550 551/551 521/521
f 550/550 521/521 520/520
f 520/520 521/521 490/490
f 520/520 490/490 489/489
f 489/489 490/490 459/459
f 489/489 459/459 458/458
f 458/458 459/459 428/428
f 458/458 428/428 427/427
f 427/427 428/428 398/398
f 427/427 398/398 397/397
f 397/397 398/398 369/369
f 397/397 369/369 368/368
f 368/368 369/369 340/340
f 368/368 340/340 339/339
f 339/339 340/340 311/311
f 339/339 311/311 310/310
f 310/310 311/311 281/281
f 310/310 281/281 280/280
f 280/280 281/281 250/250
f 280/280 250/250 249/249
f 249/249 250/250 219/219
f 249/249 219/219 218/218
f 218/218 219/219 188/188
f 218/218 188/188 187/187
f 187/187 188/188 158/158
f 187/187 158/158 157/157
f 157/157 158/158 128/128
f 157/157 128/128 127/127
f 127/127 128/128 99/99
f 127/127 99/99 98/98
f 98/98 99/99 72/72
f 98/98 72/72 71/71
f 71/71 72/72 51/51
f 71/71 51/51 50/50
f 50/50 51/51 42/42
f 50/50 42/42 41/41
f 42/42 51/51 43/43
f 43/43 51/51 52/52
f 43/43 52/52 44/44
f 44/44 52/52 53/53
f 44/44 53/53 45/45
f 45/45 53/53 54/54
f 45/45 54/54 46/46
f 46/46 54/54 55/55
f 46/46 55/55 47/47
f 47/47 55/55 56/56
f 47/47 56/56 48/48
f 48/48 56/56 57/57
f 48/48 57/57 58/58
f 58/58 57/57 78/78
f 58/58 78/78 79/79
f 58/58 79/79 59/59
f 59/59 79/79 80/80
f 59/59 80/80 60/60
f 60/60 80/80 81/81
f 60/60 81/81 61/61
f 61/61 81/81 82/82
f 61/61 82/82 62/62
f 62/62 82/82 83/83
f 62/62 83/83 63/63
f 63/63 83/83 84/84
f 63/63 84/84 85/85
f 85/85 84/84 111/111
f 85/85 111/111 112/112
f 85/85 112/112 86/86
f 86/86 112/112 113/113
f 86/86 113/113 87/87
f 87/87 113/113 114/114
f 87/87 114/114 88/88
f 88/88 114/114 115/115
f 88/88 115/115 89/89
f 89/89 115/115 116/116
f 89/89 116/116 90/90
f 90/90 116/116 117/117
f 90/90 117/117 91/91
f 91/91 117/117 118/118
f 91/91 118/118 92/92
f 92/92 118/118 119/119
f 92/92 119/119 93/93
f 93/93 119/119 120/120
f 93/93 120/120 94/94
f 94/94 120/120 121/121
f 121/121 120/120 149/149
f 121/121 149/149 150/150
f 121/121 150/150 122/122
f 122/122 150/150 151/151
f 122/122 151/151 123/123
f 123/123 151/151 152/152
f 152/152 151/151 181/181
f 152/152 181/181 182/182
f 152/152 182/182 153/153
f 153/153 182/182 183/183
f 183/183 182/182 212/212
f 183/183 212/212 213/213
f 213/213 212/212 243/243
f 213/213 243/243 244/244
f 244/244 243/243 274/274
f 244/244 274/274 275/275
f 244/244 275/275 245/245
f 245/245 275/275 276/276
f 276/276 275/275 306/306
f 276/276 306/306 307/307
f 307/307 306/306 336/336
f 307/307 336/336 337/337
f 307/307 337/337 28/28
f 28/28 337/337 29/29
f 34/34 33/33 425/425
f 425/425 33/33 424/424
f 425/425 424/424 454/454
f 454/454 424/424 453/453
f 454/454 453/453 484/484
f 454/454 484/484 485/485
f 485/485 484/484 515/515
f 485/485 515/515 516/516
f 516/516 515/515 546/546
f 546/546 515/515 545/545
f 546/546 545/545 575/575
f 575/575 545/545 574/574
f 575/575 574/574 604/604
f 604/604 574/574 603/603
f 603/603 574/574 573/573
f 603/603 573/573 602/602
f 602/602 573/573 572/572
f 602/602 572/572 601/601
f 601/601 572/572 571/571
f 601/601 571/571 600/600
f 600/600 571/571 570/570
f 600/600 570/570 599/599
f 599/599 570/570 569/569
f 599/599 569/569 598/598
f 598/598 569/569 568/568
f 598/598 568/568 597/597
f 598/598 597/597 626/626
f 626/626 597/597 625/625
f 625/625 597/597 596/596
f 625/625 596/596 624/624
f 624/624 596/596 595/595
f 624/624 595/595 623/623
f 623/623 595/595 594/594
f 623/623 594/594 622/622
f 622/622 594/594 593/593
f 622/622 593/593 621/621
f 621/621 593/593 592/592
f 621/621 592/592 620/620
f 620/620 592/592 591/591
f 620/620 591/591 619/619
f 619/619 591/591 590/590
f 619/619 590/590 618/618
f 619/619 618/618 646/646
f 646/646 618/618 645/645
f 645/645 618/618 617/617
f 645/645 617/617 644/644
f 644/644 617/617 616/616
f 644/644 616/616 643/643
f 643/643 616/616 615/615
f 643/643 615/615 642/642
f 642/642 615/615 614/614
f 642/642 614/614 641/641
f 641/641 614/614 613/613
f 641/641 613/613 640/640
f 640/640 613/613 612/612
f 640/640 612/612 639/639
f 639/639 612/612 611/611
f 639/639 611/611 638/638
f 638/638 611/611 610/610
f 610/610 611/611 582/582
f 610/610 582/582 581/581
f 581/581 582/582 552/552
f 581/581 552/552 551/551
f 551/551 552/552 522/522
f 551/551 522/522 521/521
f 521/521 522/522 491/491
f 521/521 491/491 490/490
f 490/490 491/491 460/460
f 490/490 460/460 459/459
f 459/459 460/460 429/429
f 459/459 429/429 428/428
f 428/428 429/429 399/399
f 428/428 399/399 398/398
f 398/398 399/399 370/370
f 398/398 370/370 369/369
f 369/369 370/370 341/341
f 369/369 341/341 340/340
f 340/340 341/341 312/312
f 340/340 312/312 311/311
f 311/311 312/312 282/282
f 311/311 282/282 281/281
f 281/281 282/282 251/251
f 281/281 251/251 250/250
f 250/250 251/251 220/220
f 250/250 220/220 219/219
f 219/219 220/220 189/189
f 219/219 189/189 188/188
f 188/188 189/189 159/159
f 188/188 159/159 158/158
f 158/158 159/159 129/129
f 158/158 129/129 128/128
f 128/128 129/129 100/100
f 128/128 100/100 99/99
f 99/99 100/100 73/73
f 99/99 73/73 72/72
f 72/72 73/73 52/52
f 72/72 52/52 51/51
f 52/52 73/73 53/53
f 53/53 73/73 74/74
f 53/53 74/74 54/54
f 54/54 74/74 75/75
f 54/54 75/75 55/55
f 55/55 75/75 76/76
f 55/55 76/76 56/56
f 56/56 76/76 77/77
f 56/56 77/77 57/57
f 57/57 77/77 78/78
f 78/78 77/77 104/104
f 78/78 104/104 105/105
f 78/78 105/105 79/79
f 79/79 105/105 106/106
f 79/79 106/106 80/80
f 80/80 106/106 107/107
f 80/80 107/107 81/81
f 81/81 107/107 108/108
f 81/81 108/108 82/82
f 82/82 108/108 109/109
f 82/82 109/109 83/83
f 83/83 109/109 110/110
f 83/83 110/110 84/84
f 84/84 110/110 111/111
f 111/111 110/110 139/139
f 111/111 139/139 140/140
f 111/111 140/140 112/112
f 112/112 140/140 141/141
f 112/112 141/141 113/113
f 113/113 141/141 142/142
f 113/113 142/142 114/114
f 114/114 142/142 143/143
f 114/114 143/143 115/115
f 115/115 143/143 144/144
f 115/115 144/144 116/116
f 116/116 144/144 145/145
f 116/116 145/145 117/117
f 117/117 145/145 146/146
f 117/117 146/146 118/118
f 118/118 146/146 147/147
f 118/118 147/147 119/119
f 119/119 147/147 148/148
f 119/119 148/148 120/120
f 120/120 148/148 149/149
f 149/149 148/148 178/178
f 149/149 178/178 179/179
f 149/149 179/179 150/150
f 150/150 179/179 180/180
f 150/150 180/180 151/151
f 151/151 180/180 181/181
f 181/181 180/180 210/210
f 181/181 210/210 211/211
f 181/181 211/211 182/182
f 182/182 211/211 212/212
f 212/212 211/211 242/242
f 212/212 242/242 243/243
f 243/243 242/242 273/273
f 243/243 273/273 274/274
f 274/274 273/273 304/304
f 274/274 304/304 305/305
f 274/274 305/305 275/275
f 275/275 305/305 306/306
f 306/306 305/305 335/335
f 306/306 335/335 336/336
f 336/336 335/335 364/364
f 336/336 364/364 365/365
f 336/336 365/365 337/337
f 337/337 365/365 366/366
f 337/337 366/366 30/30
f 337/337 30/30 29/29
f 33/33 32/32 395/395
f 33/33 395/395 424/424
f 424/424 395/395 423/423
f 424/424 423/423 453/453
f 453/453 423/423 452/452
f 453/453 452/452 483/483
f 453/453 483/483 484/484
f 484/484 483/483 514/514
f 484/484 514/514 515/515
f 515/515 514/514 545/545
f 545/545 514/514 544/544
f 545/545 544/544 574/574
f 574/574 544/544 573/573
f 573/573 544/544 543/543
f 573/573 543/543 572/572
f 572/572 543/543 542/542
f 572/572 542/542 571/571
f 571/571 542/542 541/541
f 571/571 541/541 570/570
f 570/570 541/541 540/540
f 570/570 540/540 569/569
f 569/569 540/540 539/539
f 569/569 539/539 568/568
f 568/568 539/539 538/538
f 568/568 538/538 567/567
f 568/568 567/567 597/597
f 597/597 567/567 596/596
f 596/596 567/567 566/566
f 596/596 566/566 595/595
f 595/595 566/566 565/565
f 595/595 565/565 594/594
f 594/594 565/565 564/564
f 594/594 564/564 593/593
f 593/593 564/564 563/563
f 593/593 563/563 592/592
f 592/592 563/563 562/562
f 592/592 562/562 591/591
f 591/591 562/562 561/561
f 591/591 561/561 590/590
f 590/590 561/561 560/560
f 590/590 560/560 589/589
f 590/590 589/589 618/618
f 618/618 589/589 617/617
f 617/617 589/589 588/588
f 617/617 588/588 616/616
f 616/616 588/588 587/587
f 616/616 587/587 615/615
f 615/615 587/587 586/586
f 615/615 586/586 614/614
f 614/614 586/586 585/585
f 614/614 585/585 613/613
f 613/613 585/585 584/584
f 613/613 584/584 612/612
f 612/612 584/584 583/583
f 612/612 583/583 611/611
f 611/611 583/583 582/582
f 582/582 583/583 553/553
f 582/582 553/553 552/552
f 552/552 553/553 523/523
f 552/552 523/523 522/522
f 522/522 523/523 492/492
f 522/522 492/492 491/491
f 491/491 492/492 461/461
f 491/491 461/461 460/460
f 460/460 461/461 430/430
f 460/460 430/430 429/429
f 429/429 430/430 400/400
f 429/429 400/400 399/399
f 399/399 400/400 371/371
f 399/399 371/371 370/370
f 370/370 371/371 342/342
f 370/370 342/342 341/341
f 341/341 342/342 313/313
f 341/341 313/313 312/312
f 312/312 313/313 283/283
f 312/312 283/283 282/282
f 282/282 283/283 252/252
f 282/282 252/252 251/251
f 251/251 252/252 221/221
f 251/251 221/221 220/220
f 220/220 221/221 190/190
f 220/220 190/190 189/189
f 189/189 190/190 160/160
f 189/189 160/160 159/159
f 159/159 160/160 130/130
f 159/159 130/130 129/129
f 129/129 130/130 101/101
f 129/129 101/101 100/100
f 100/100 101/101 74/74
f 100/100 74/74 73/73
f 74/74 101/101 75/75
f 75/75 101/101 102/102
f 75/75 102/102 76/76
f 76/76 102/102 103/103
f 76/76 103/103 77/77
f 77/77 103/103 104/104
f 104/104 103/103 132/132
f 104/104 132/132 133/133
f 104/104 133/133 105/105
f 105/105 133/133 134/134
f 105/105 134/134 106/106
f 106/106 134/134 135/135
f 106/106 135/135 107/107
f 107/107 135/135 136/136
f 107/107 136/136 108/108
f 108/108 136/136 137/137
f 108/108 137/137 109/109
f 109/109 137/137 138/138
f 109/109 138/138 110/110
f 110/110 138/138 139/139
f 139/139 138/138 168/168
f 139/139 168/168 169/169
f 139/139 169/169 140/140
f 140/140 169/169 170/170
f 140/140 170/170 141/141
f 141/141 170/170 171/171
f 141/141 171/171 142/142
f 142/142 171/171 172/172
f 142/142 172/172 143/143
f 143/143 172/172 173/173
f 143/143 173/173 144/144
f 144/144 173/173 174/174
f 144/144 174/174 145/145
f 145/145 174/174 175/175
f 145/145 175/175 146/146
f 146/146 175/175 176/176
f 146/146 176/176 147/147
f 147/147 176/176 177/177
f 147/147 177/177 148/148
f 148/148 177/177 178/178
f 178/178 177/177 207/207
f 178/178 207/207 208/208
f 178/178 208/208 179/179
f 179/179 208/208 209/209
f 179/179 209/209 180/180
f 180/180 209/209 210/210
f 210/210 209/209 240/240
f 210/210 240/240 241/241
f 210/210 241/241 211/211
f 211/211 241/241 242/242
f 242/242 241/241 272/272
f 242/242 272/272 273/273
f 273/273 272/272 303/303
f 273/273 303/303 304/304
f 304/304 303/303 333/333
f 304/304 333/333 334/334
f 304/304 334/334 305/305
f 305/305 334/334 335/335
f 335/335 334/334 363/363
f 335/335 363/363 364/364
f 364/364 363/363 392/392
f 364/364 392/392 393/393
f 364/364 393/393 365/365
f 365/365 393/393 394/394
f 365/365 394/394 366/366
f 366/366 394/394 395/395
f 366/366 395/395 32/32
f 366/366 32/32 31/31
f 366/366 31/31 30/30
f 395/395 394/394 423/423
f 423/423 394/394 422/422
f 423/423 422/422 452/452
f 452/452 422/422 451/451
f 452/452 451/451 482/482
f 452/452 482/482 483/483
f 483/483 482/482 513/513
f 483/483 513/513 514/514
f 514/514 513/513 544/544
f 544/544 513/513 543/543
f 543/543 513/513 512/512
f 543/543 512/512 542/542
f 542/542 512/512 511/511
f 542/542 511/511 541/541
f 541/541 511/511 510/510
f 541/541 510/510 540/540
f 540/540 510/510 509/509
f 540/540 509/509 539/539
f 539/539 509/509 508/508
f 539/539 508/508 538/538
f 538/538 508/508 507/507
f 538/538 507/507 537/537
f 538/538 537/537 567/567
f 567/567 537/537 566/566
f 566/566 537/537 536/536
f 566/566 536/536 565/565
f 565/565 536/536 535/535
f 565/565 535/535 564/564
f 564/564 535/535 534/534
f 564/564 534/534 563/563
f 563/563 534/534 533/533
f 563/563 533/533 562/562
f 562/562 533/533 532/532
f 562/562 532/532 561/561
f 561/561 532/532 531/531
f 561/561 531/531 560/560
f 560/560 531/531 530/530
f 560/560 530/530 559/559
f 560/560 559/559 589/589
f 589/589 559/559 588/588
f 588/588 559/559 558/558
f 588/588 558/558 587/587
f 587/587 558/558 557/557
f 587/587 557/557 586/586
f 586/586 557/557 556/556
f 586/586 556/556 585/585
f 585/585 556/556 555/555
f 585/585 555/555 584/584
f 584/584 555/555 554/554
f 584/584 554/554 583/583
f 583/583 554/554 553/553
f 553/553 554/554 524/524
f 553/553 524/524 523/523
f 523/523 524/524 493/493
f 523/523 493/493 492/492
f 492/492 493/493 462/462
f 492/492 462/462 461/461
f 461/461 462/462 431/431
f 461/461 431/431 430/430
f 430/430 431/431 401/401
f 430/430 401/401 400/400
f 400/400 401/401 372/372
f 400/400 372/372 371/371
f 371/371 372/372 343/343
f 371/371 343/343 342/342
f 342/342 343/343 314/314
f 342/342 314/314 313/313
f 313/313 314/314 284/284
f 313/313 284/284 283/283
f 283/283 284/284 253/253
f 283/283 253/253 252/252
f 252/252 253/253 222/222
f 252/252 222/222 221/221
f 221/221 222/222 191/191
f 221/221 191/191 190/190
f 190/190 191/191 161/161
f 190/190 161/161 160/160
f 160/160 161/161 131/131
f 160/160 131/131 130/130
f 130/130 131/131 102/102
f 130/130 102/102 101/101
f 102/102 131/131 103/103
f 103/103 131/131 132/132
f 132/132 131/131 161/161
f 132/132 161/161 162/162
f 132/132 162/162 133/133
f 133/133 162/162 163/163
f 133/133 163/163 134/134
f 134/134 163/163 164/164
f 134/134 164/164 135/135
f 135/135 164/164 165/165
f 135/135 165/165 136/136
f 136/136 165/165 166/166
f 136/136 166/166 137/137
f 137/137 166/166 167/167
f 137/137 167/167 138/138
f 138/138 167/167 168/168
f 168/168 167/167 197/197
f 168/168 197/197 198/198
f 168/168 198/198 169/169
f 169/169 198/198 199/199
f 169/169 199/199 170/170
f 170/170 199/199 200/200
f 170/170 200/200 171/171
f 171/171 200/200 201/201
f 171/171 201/201 172/172
f 172/172 201/201 202/202
f 172/172 202/202 173/173
f 173/173 202/202 203/203
f 173/173 203/203 174/174
f 174/174 203/203 204/204
f 174/174 204/204 175/175
f 175/175 204/204 205/205
f 175/175 205/205 176/176
f 176/176 205/205 206/206
f 176/176 206/206 177/177
f 177/177 206/206 207/207
f 207/207 206/206 237/237
f 207/207 237/237 238/238
f 207/207 238/238 208/208
f 208/208 238/238 239/239
f 208/208 239/239 209/209
f 209/209 239/239 240/240
f 240/240 239/239 270/270
f 240/240 270/270 271/271
f 240/240 271/271 241/241
f 241/241 271/271 272/272
f 272/272 271/271 302/302
f 272/272 302/302 303/303
f 303/303 302/302 332/332
f 303/303 332/332 333/333
f 333/333 332/332 361/361
f 333/333 361/361 362/362
f 333/333 362/362 334/334
f 334/334 362/362 363/363
f 363/363 362/362 391/391
f 363/363 391/391 392/392
f 392/392 391/391 420/420
f 392/392 420/420 421/421
f 392/392 421/421 393/393
f 393/393 421/421 422/422
f 393/393 422/422 394/394
f 422/422 421/421 451/451
f 451/451 421/421 450/450
f 451/451 450/450 481/481
f 451/451 481/481 482/482
f 482/482 481/481 512/512
f 482/482 512/512 513/513
f 512/512 481/481 511/511
f 511/511 481/481 480/480
f 511/511 480/480 510/510
f 510/510 480/480 479/479
f 510/510 479/479 509/509
f 509/509 479/479 478/478
f 509/509 478/478 508/508
f 508/508 478/478 477/477
f 508/508 477/477 507/507
f 507/507 477/477 476/476
f 507/507 476/476 506/506
f 507/507 506/506 537/537
f 537/537 506/506 536/536
f 536/536 506/506 505/505
f 536/536 505/505 535/535
f 535/535 505/505 504/504
f 535/535 504/504 534/534
f 534/534 504/504 503/503
f 534/534 503/503 533/533
f 533/533 503/503 502/502
f 533/533 502/502 532/532
f 532/532 502/502 501/501
f 532/532 501/501 531/531
f 531/531 501/501 500/500
f 531/531 500/500 530/530
f 530/530 500/500 499/499
f 530/530 499/499 529/529
f 530/530 529/529 559/559
f 559/559 529/529 558/558
f 558/558 529/529 528/528
f 558/558 528/528 557/557
f 557/557 528/528 527/527
f 557/557 527/527 556/556
f 556/556 527/527 526/526
f 556/556 526/526 555/555
f 555/555 526/526 525/525
f 555/555 525/525 554/554
f 554/554 525/525 524/524
f 524/524 525/525 494/494
f 524/524 494/494 493/493
f 493/493 494/494 463/463
f 493/493 463/463 462/462
f 462/462 463/463 432/432
f 462/462 432/432 431/431
f 431/431 432/432 402/402
f 431/431 402/402 401/401
f 401/401 402/402 373/373
f 401/401 373/373 372/372
f 372/372 373/373 344/344
f 372/372 344/344 343/343
f 343/343 344/344 315/315
f 343/343 315/315 314/314
f 314/314 315/315 285/285
f 314/314 285/285 284/284
f 284/284 285/285 254/254
f 284/284 254/254 253/253
f 253/253 254/254 223/223
f 253/253 223/223 222/222
f 222/222 223/223 192/192
f 222/222 192/192 191/191
f 191/191 192/192 162/162
f 191/191 162/162 161/161
f 162/162 192/192 163/163
f 163/163 192/192 193/193
f 163/163 193/193 164/164
f 164/164 193/193 194/194
f 164/164 194/194 165/165
f 165/165 194/194 195/195
f 165/165 195/195 166/166
f 166/166 195/195 196/196
f 166/166 196/196 167/167
f 167/167 196/196 197/197
f 197/197 196/196 227/227
f 197/197 227/227 228/228
f 197/197 228/228 198/198
f 198/198 228/228 229/229
f 198/198 229/229 199/199
f 199/199 229/229 230/230
f 199/199 230/230 200/200
f 200/200 230/230 231/231
f 200/200 231/231 201/201
f 201/201 231/231 232/232
f 201/201 232/232 202/202
f 202/202 232/232 233/233
f 202/202 233/233 203/203
f 203/203 233/233 234/234
f 203/203 234/234 204/204
f 204/204 234/234 235/235
f 204/204 235/235 205/205
f 205/205 235/235 236/236
f 205/205 236/236 206/206
f 206/206 236/236 237/237
f 237/237 236/236 267/267
f 237/237 267/267 268/268
f 237/237 268/268 238/238
f 238/238 268/268 269/269
f 238/238 269/269 239/239
f 239/239 269/269 270/270
f 270/270 269/269 300/300
f 270/270 300/300 301/301
f 270/270 301/301 271/271
f 271/271 301/301 302/302
f 302/302 301/301 331/331
f 302/302 331/331 332/332
f 332/332 331/331 360/360
f 332/332 360/360 361/361
f 361/361 360/360 389/389
f 361/361 389/389 390/390
f 361/361 390/390 362/362
f 362/362 390/390 391/391
f 391/391 390/390 419/419
f 391/391 419/419 420/420
f 420/420 419/419 449/449
f 420/420 449/449 450/450
f 420/420 450/450 421/421
f 450/450 449/449 480/480
f 450/450 480/480 481/481
f 480/480 449/449 479/479
f 479/479 449/449 448/448
f 479/479 448/448 478/478
f 478/478 448/448 447/447
f 478/478 447/447 477/477
f 477/477 447/447 446/446
f 477/477 446/446 476/476
f 476/476 446/446 445/445
f 476/476 445/445 475/475
f 476/476 475/475 506/506
f 506/506 475/475 505/505
f 505/505 475/475 474/474
f 505/505 474/474 504/504
f 504/504 474/474 473/473
f 504/504 473/473 503/503
f 503/503 473/473 472/472
f 503/503 472/472 502/502
f 502/502 472/472 471/471
f 502/502 471/471 501/501
f 501/501 471/471 470/470
f 501/501 470/470 500/500
f 500/500 470/470 469/469
f 500/500 469/469 499/499
f 499/499 469/469 468/468
f 499/499 468/468 498/498
f 499/499 498/498 529/529
f 529/529 498/498 528/528
f 528/528 498/498 497/497
f 528/528 497/497 527/527
f 527/527 497/497 496/496
f 527/527 496/496 526/526
f 526/526 496/496 495/495
f 526/526 495/495 525/525
f 525/525 495/495 494/494
f 494/494 495/495 464/464
f 494/494 464/464 463/463
f 463/463 464/464 433/433
f 463/463 433/433 432/432
f 432/432 433/433 403/403
f 432/432 403/403 402/402
f 402/402 403/403 374/374
f 402/402 374/374 373/373
f 373/373 374/374 345/345
f 373/373 345/345 344/344
f 344/344 345/345 316/316
f 344/344 316/316 315/315
f 315/315 316/316 286/286
f 315/315 286/286 285/285
f 285/285 286/286 255/255
f 285/285 255/255 254/254
f 254/254 255/255 224/224
f 254/254 224/224 223/223
f 223/223 224/224 193/193
f 223/223 193/193 192/192
f 193/193 224/224 194/194
f 194/194 224/224 225/225
f 194/194 225/225 195/195
f 195/195 225/225 226/226
f 195/195 226/226 196/196
f 196/196 226/226 227/227
f 227/227 226/226 257/257
f 227/227 257/257 258/258
f 227/227 258/258 228/228
f 228/228 258/258 259/259
f 228/228 259/259 229/229
f 229/229 259/259 260/260
f 229/229 260/260 230/230
f 230/230 260/260 261/261
f 230/230 261/261 231/231
f 231/231 261/261 262/262
f 231/231 262/262 232/232
f 232/232 262/262 263/263
f 232/232 263/263 233/233
f 233/233 263/263 264/264
f 233/233 264/264 234/234
f 234/234 264/264 265/265
f 234/234 265/265 235/235
f 235/235 265/265 266/266
f 235/235 266/266 236/236
f 236/236 266/266 267/267
f 267/267 266/266 297/297
f 267/267 297/297 298/298
f 267/267 298/298 268/268
f 268/268 298/298 299/299
f 268/268 299/299 269/269
f 269/269 299/299 300/300
f 300/300 299/299 329/329
f 300/300 329/329 330/330
f 300/300 330/330 301/301
f 301/301 330/330 331/331
f 331/331 330/330 359/359
f 331/331 359/359 360/360
f 360/360 359/359 388/388
f 360/360 388/388 389/389
f 389/389 388/388 417/417
f 389/389 417/417 418/418
f 389/389 418/418 390/390
f 390/390 418/418 419/419
f 419/419 418/418 448/448
f 419/419 448/448 449/449
f 448/448 418/418 447/447
f 447/447 418/418 417/417
f 447/447 417/417 446/446
f 446/446 417/417 416/416
f 446/446 416/416 445/445
f 445/445 416/416 415/415
f 445/445 415/415 444/444
f 445/445 444/444 475/475
f 475/475 444/444 474/474
f 474/474 444/444 443/443
f 474/474 443/443 473/473
f 473/473 443/443 442/442
f 473/473 442/442 472/472
f 472/472 442/442 441/441
f 472/472 441/441 471/471
f 471/471 441/441 440/440
f 471/471 440/440 470/470
f 470/470 440/440 439/439
f 470/470 439/439 469/469
f 469/469 439/439 438/438
f 469/469 438/438 468/468
f 468/468 438/438 437/437
f 468/468 437/437 467/467
f 468/468 467/467 498/498
f 498/498 467/467 497/497
f 497/497 467/467 466/466
f 497/497 466/466 496/496
f 496/496 466/466 465/465
f 496/496 465/465 495/495
f 495/495 465/465 464/464
f 464/464 465/465 434/434
f 464/464 434/434 433/433
f 433/433 434/434 404/404
f 433/433 404/404 403/403
f 403/403 404/404 375/375
f 403/403 375/375 374/374
f 374/374 375/375 346/346
f 374/374 346/346 345/345
f 345/345 346/346 317/317
f 345/345 317/317 316/316
f 316/316 317/317 287/287
f 316/316 287/287 286/286
f 286/286 287/287 256/256
f 286/286 256/256 255/255
f 255/255 256/256 225/225
f 255/255 225/225 224/224
f 225/225 256/256 226/226
f 226/226 256/256 257/257
f 257/257 256/256 287/287
f 257/257 287/287 288/288
f 257/257 288/288 258/258
f 258/258 288/288 289/289
f 258/258 289/289 259/259
f 259/259 289/289 290/290
f 259/259 290/290 260/260
f 260/260 290/290 291/291
f 260/260 291/291 261/261
f 261/261 291/291 292/292
f 261/261 292/292 262/262
f 262/262 292/292 293/293
f 262/262 293/293 263/263
f 263/263 293/293 294/294
f 263/263 294/294 264/264
f 264/264 294/294 295/295
f 264/264 295/295 265/265
f 265/265 295/295 296/296
f 265/265 296/296 266/266
f 266/266 296/296 297/297
f 297/297 296/296 326/326
f 297/297 326/326 327/327
f 297/297 327/327 298/298
f 298/298 327/327 328/328
f 298/298 328/328 299/299
f 299/299 328/328 329/329
f 329/329 328/328 357/357
f 329/329 357/357 358/358
f 329/329 358/358 330/330
f 330/330 358/358 359/359
f 359/359 358/358 387/387
f 359/359 387/387 388/388
f 388/388 387/387 416/416
f 388/388 416/416 417/417
f 416/416 387/387 415/415
f 415/415 387/387 386/386
f 415/415 386/386 414/414
f 415/415 414/414 444/444
f 444/444 414/414 443/443
f 443/443 414/414 413/413
f 443/443 413/413 442/442
f 442/442 413/413 412/412
f 442/442 412/412 441/441
f 441/441 412/412 411/411
f 441/441 411/411 440/440
f 440/440 411/411 410/410
f 440/440 410/410 439/439
f 439/439 410/410 409/409
f 439/439 409/409 438/438
f 438/438 409/409 408/408
f 438/438 408/408 437/437
f 437/437 408/408 407/407
f 437/437 407/407 436/436
f 437/437 436/436 467/467
f 467/467 436/436 466/466
f 466/466 436/436 435/435
f 466/466 435/435 465/465
f 465/465 435/435 434/434
f 434/434 435/435 405/405
f 434/434 405/405 404/404
f 404/404 405/405 376/376
f 404/404 376/376 375/375
f 375/375 376/376 347/347
f 375/375 347/347 346/346
f 346/346 347/347 318/318
f 346/346 318/318 317/317
f 317/317 318/318 288/288
f 317/317 288/288 287/287
f 288/288 318/318 289/289
f 289/289 318/318 319/319
f 289/289 319/319 290/290
f 290/290 319/319 320/320
f 290/290 320/320 291/291
f 291/291 320/320 321/321
f 291/291 321/321 292/292
f 292/292 321/321 322/322
f 292/292 322/322 293/293
f 293/293 322/322 323/323
f 293/293 323/323 294/294
f 294/294 323/323 324/324
f 294/294 324/324 295/295
f 295/295 324/324 325/325
f 295/295 325/325 296/296
f 296/296 325/325 326/326
f 326/326 325/325 354/354
f 326/326 354/354 355/355
f 326/326 355/355 327/327
f 327/327 355/355 356/356
f 327/327 356/356 328/328
f 328/328 356/356 357/357
f 357/357 356/356 385/385
f 357/357 385/385 386/386
f 357/357 386/386 358/358
f 358/358 386/386 387/387
f 386/386 385/385 414/414
f 414/414 385/385 413/413
f 413/413 385/385 384/384
f 413/413 384/384 412/412
f 412/412 384/384 383/383
f 412/412 383/383 411/411
f 411/411 383/383 382/382
f 411/411 382/382 410/410
f 410/410 382/382 381/381
f 410/410 381/381 409/409
f 409/409 381/381 380/380
f 409/409 380/380 408/408
f 408/408 380/380 379/379
f 408/408 379/379 407/407
f 407/407 379/379 378/378
f 407/407 378/378 406/406
f 407/407 406/406 436/436
f 436/436 406/406 435/435
f 435/435 406/406 405/405
f 405/405 406/406 377/377
f 405/405 377/377 376/376
f 376/376 377/377 348/348
f 376/376 348/348 347/347
f 347/347 348/348 319/319
f 347/347 319/319 318/318
f 319/319 348/348 320/320
f 320/320 348/348 349/349
f 320/320 349/349 321/321
f 321/321 349/349 350/350
f 321/321 350/350 322/322
f 322/322 350/350 351/351
f 322/322 351/351 323/323
f 323/323 351/351 352/352
f 323/323 352/352 324/324
f 324/324 352/352 353/353
f 324/324 353/353 325/325
f 325/325 353/353 354/354
f 354/354 353/353 382/382
f 354/354 382/382 383/383
f 354/354 383/383 355/355
f 355/355 383/383 384/384
f 355/355 384/384 356/356
f 356/356 384/384 385/385
f 382/382 353/353 381/381
f 381/381 353/353 352/352
f 381/381 352/352 380/380
f 380/380 352/352 351/351
f 380/380 351/351 379/379
f 379/379 351/351 350/350
f 379/379 350/350 378/378
f 378/378 350/350 349/349
f 378/378 349/349 377/377
f 378/378 377/377 406/406
f 377/377 349/349 348/348

g back_left_panel
usemtl Material_back_left_panel
v 0.00780 1.28540 -0.17440
v -0.00260 1.28650 -0.17300
v -0.01080 1.29230 -0.17270
v -0.02200 1.30280 -0.17230
v -0.06440 1.33230 -0.04410
v -0.06930 1.33160 -0.04640
v -0.12180 1.32590 -0.05980
v -0.16530 1.26980 -0.16020
v -0.16740 1.20880 -0.15630
v -0.16970 1.19240 -0.14020
v -0.16370 1.16660 -0.14300
v -0.16140 1.13920 -0.13280
v -0.16480 1.10800 -0.12390
v -0.16740 1.07600 -0.11600
v -0.16090 0.86650 -0.13390
v -0.16740 0.67250 -0.11600
v -0.17450 0.33300 -0.07870
v 0.00000 0.33300 -0.24000
v -0.17180 0.36300 -0.09840
v -0.17180 0.39300 -0.09840
v -0.17180 0.42300 -0.09840
v -0.16690 0.36300 -0.11760
v -0.16690 0.39300 -0.11760
v -0.16690 0.42300 -0.11760
v -0.16690 0.45300 -0.11760
v -0.16690 0.48300 -0.11760
v -0.16690 0.51300 -0.11760
v -0.16690 0.54300 -0.11760
v -0.16690 0.57300 -0.11760
v -0.16690 0.60300 -0.11760
v -0.15990 0.36300 -0.13610
v -0.15990 0.39300 -0.13610
v -0.15990 0.42300 -0.13610
v -0.15990 0.45300 -0.13610
v -0.15990 0.48300 -0.13610
v -0.15990 0.51300 -0.13610
v -0.15990 0.54300 -0.13610
v -0.15990 0.57300 -0.13610
v -0.15990 0.60300 -0.13610
v -0.15990 0.63300 -0.13610
v -0.15990 0.66300 -0.13610
v -0.15990 0.69300 -0.13610
v -0.15990 0.72300 -0.13610
v -0.15990 0.75300 -0.13610
v -0.15990 0.78300 -0.13610
v -0.15990 0.93300 -0.13610
v -0.15990 0.96300 -0.13610
v -0.15990 0.99300 -0.13610
v -0.15990 1.02300 -0.13610
v -0.15990 1.05300 -0.13610
v -0.15990 1.08300 -0.13610
v -0.15990 1.11300 -0.13610
v -0.15080 0.36300 -0.15380
v -0.15080 0.39300 -0.15380
v -0.15080 0.42300 -0.15380
v -0.15080 0.45300 -0.15380
v -0.15080 0.48300 -0.15380
v -0.15080 0.51300 -0.15380
v -0.15080 0.54300 -0.15380
v -0.15080 0.57300 -0.15380
v -0.15080 0.60300 -0.15380
v -0.15080 0.63300 -0.15380
v -0.15080 0.66300 -0.15380
v -0.15080 0.69300 -0.15380
v -0.15080 0.72300 -0.15380
v -0.15080 0.75300 -0.15380
v -0.15080 0.78300 -0.15380
v -0.15080 0.81300 -0.15380
v -0.15080 0.84300 -0.15380
v -0.15080 0.87300 -0.15380
v -0.15080 0.90300 -0.15380
v -0.15080 0.93300 -0.15380
v -0.15080 0.96300 -0.15380
v -0.15080 0.99300 -0.15380
v -0.15080 1.02300 -0.15380
v -0.15080 1.05300 -0.15380
v -0.15080 1.08300 -0.15380
v -0.15080 1.11300 -0.15380
v -0.15080 1.14300 -0.15380
v -0.15530 1.16970 -0.15310
v -0.13980 0.36300 -0.17020
v -0.13980 0.39300 -0.17020
v -0.13980 0.42300 -0.17020
v -0.13980 0.45300 -0.17020
v -0.13980 0.48300 -0.17020
v -0.13980 0.51300 -0.17020
v -0.13980 0.54300 -0.17020
v -0.13980 0.57300 -0.17020
v -0.13980 0.60300 -0.17020
v -0.13980 0.63300 -0.17020
v -0.13980 0.66300 -0.17020
v -0.13980 0.69300 -0.17020
v -0.13980 0.72300 -0.17020
v -0.13980 0.75300 -0.17020
v -0.13980 0.78300 -0.17020
v -0.13980 0.81300 -0.17020
v -0.13980 0.84300 -0.17020
v -0.13980 0.87300 -0.17020
v -0.13980 0.90300 -0.17020
v -0.13980 0.93300 -0.17020
v -0.13980 0.96300 -0.17020
v -0.13980 0.99300 -0.17020
v -0.13980 1.02300 -0.17020
v -0.13980 1.05300 -0.17020
v -0.13980 1.08300 -0.17020
v -0.13980 1.11300 -0.17020
v -0.13980 1.14300 -0.17020
v -0.14010 1.17280 -0.16400
v -0.15410 1.19850 -0.16450
v -0.12700 0.36300 -0.18540
v -0.12700 0.39300 -0.18540
v -0.12700 0.42300 -0.18540
v -0.12700 0.45300 -0.18540
v -0.12700 0.48300 -0.18540
v -0.12700 0.51300 -0.18540
v -0.12700 0.54300 -0.18540
v -0.12700 0.57300 -0.18540
v -0.12700 0.60300 -0.18540
v -0.12700 0.63300 -0.18540
v -0.12700 0.66300 -0.18540
v -0.12700 0.69300 -0.18540
v -0.12700 0.72300 -0.18540
v -0.12700 0.75300 -0.18540
v -0.12700 0.78300 -0.18540
v -0.12700 0.81300 -0.18540
v -0.12700 0.84300 -0.18540
v -0.12700 0.87300 -0.18540
v -0.12700 0.90300 -0.18540
v -0.12700 0.93300 -0.18540
v -0.12700 0.96300 -0.18540
v -0.12700 0.99300 -0.18540
v -0.12700 1.02300 -0.18540
v -0.12700 1.05300 -0.18540
v -0.12700 1.08300 -0.18540
v -0.12700 1.11300 -0.18540
v -0.12700 1.14300 -0.18540
v -0.12700 1.17300 -0.17760
v -0.13740 1.19800 -0.17420
v -0.14800 1.23220 -0.17310
v -0.11260 0.36300 -0.19900
v -0.11260 0.39300 -0.19900
v -0.11260 0.42300 -0.19900
v -0.11260 0.45300 -0.19900
v -0.11260 0.48300 -0.19900
v -0.11260 0.51300 -0.19900
v -0.11260 0.54300 -0.19900
v -0.11260 0.57300 -0.19900
v -0.11260 0.60300 -0.19900
v -0.11260 0.63300 -0.19900
v -0.11260 0.66300 -0.19900
v -0.11260 0.69300 -0.19900
v -0.11260 0.72300 -0.19900
v -0.11260 0.75300 -0.19900
v -0.11260 0.78300 -0.19900
v -0.11260 0.81300 -0.19900
v -0.11260 0.84300 -0.19900
v -0.11260 0.87300 -0.19900
v -0.11260 0.90300 -0.19900
v -0.11260 0.93300 -0.19900
v -0.11260 0.96300 -0.19900
v -0.11260 0.99300 -0.19900
v -0.11260 1.02300 -0.19900
v -0.11260 1.05300 -0.19900
v -0.11260 1.08300 -0.19900
v -0.11260 1.11300 -0.19900
v -0.11260 1.14300 -0.19900
v -0.11260 1.17300 -0.19040
v -0.12060 1.19990 -0.18350
v -0.13190 1.23310 -0.18130
v -0.14310 1.28410 -0.16850
v -0.09670 0.36300 -0.21080
v -0.09670 0.39300 -0.21080
v -0.09670 0.42300 -0.21080
v -0.09670 0.45300 -0.21080
v -0.09670 0.48300 -0.21080
v -0.09670 0.51300 -0.21080
v -0.09670 0.54300 -0.21080
v -0.09670 0.57300 -0.21080
v -0.09670 0.60300 -0.21080
v -0.09670 0.63300 -0.21080
v -0.09670 0.66300 -0.21080
v -0.09670 0.69300 -0.21080
v -0.09670 0.72300 -0.21080
v -0.09670 0.75300 -0.21080
v -0.09670 0.78300 -0.21080
v -0.09670 0.81300 -0.21080
v -0.09670 0.84300 -0.21080
v -0.09670 0.87300 -0.21080
v -0.09670 0.90300 -0.21080
v -0.09670 0.93300 -0.21080
v -0.09670 0.96300 -0.21080
v -0.09670 0.99300 -0.21080
v -0.09670 1.02300 -0.21080
v -0.09670 1.05300 -0.21080
v -0.09670 1.08300 -0.21080
v -0.09670 1.11300 -0.21080
v -0.09670 1.14300 -0.21080
v -0.09670 1.17300 -0.20150
v -0.10080 1.20000 -0.19190
v -0.11190 1.23460 -0.18980
v -0.12110 1.28360 -0.17900
v -0.07960 0.36300 -0.22080
v -0.07960 0.39300 -0.22080
v -0.07960 0.42300 -0.22080
v -0.07960 0.45300 -0.22080
v -0.07960 0.48300 -0.22080
v -0.07960 0.51300 -0.22080
v -0.07960 0.54300 -0.22080
v -0.07960 0.57300 -0.22080
v -0.07960 0.60300 -0.22080
v -0.07960 0.63300 -0.22080
v -0.07960 0.66300 -0.22080
v -0.07960 0.69300 -0.22080
v -0.07960 0.72300 -0.22080
v -0.07960 0.75300 -0.22080
v -0.07960 0.78300 -0.22080
v -0.07960 0.81300 -0.22080
v -0.07960 0.84300 -0.22080
v -0.07960 0.87300 -0.22080
v -0.07960 0.90300 -0.22080
v -0.07960 0.93300 -0.22080
v -0.07960 0.96300 -0.22080
v -0.07960 0.99300 -0.22080
v -0.07960 1.02300 -0.22080
v -0.07960 1.05300 -0.22080
v -0.07960 1.08300 -0.22080
v -0.07960 1.11300 -0.22080
v -0.07960 1.14300 -0.22080
v -0.07960 1.17300 -0.21080
v -0.08000 1.20060 -0.19590
v -0.08770 1.23530 -0.19600
v -0.08010 1.28150 -0.18760
v -0.06150 0.36300 -0.22880
v -0.06150 0.39300 -0.22880
v -0.06150 0.42300 -0.22880
v -0.06150 0.45300 -0.22880
v -0.06150 0.48300 -0.22880
v -0.06150 0.51300 -0.22880
v -0.06150 0.54300 -0.22880
v -0.06150 0.57300 -0.22880
v -0.06150 0.60300 -0.22880
v -0.06150 0.63300 -0.22880
v -0.06150 0.66300 -0.22880
v -0.06150 0.69300 -0.22880
v -0.06150 0.72300 -0.22880
v -0.06150 0.75300 -0.22880
v -0.06150 0.78300 -0.22880
v -0.06150 0.81300 -0.22880
v -0.06150 0.84300 -0.22880
v -0.06150 0.87300 -0.22880
v -0.06150 0.90300 -0.22880
v -0.06150 0.93300 -0.22880
v -0.06150 0.96300 -0.22880
v -0.06150 0.99300 -0.22880
v -0.06150 1.02300 -0.22880
v -0.06150 1.05300 -0.22880
v -0.06150 1.08300 -0.22880
v -0.06150 1.11300 -0.22880
v -0.06150 1.14300 -0.22880
v -0.06150 1.17300 -0.21830
v -0.05970 1.20270 -0.19500
v -0.05220 1.23710 -0.19280
v -0.04970 1.27730 -0.18550
v -0.04250 0.36300 -0.23480
v -0.04250 0.39300 -0.23480
v -0.04250 0.42300 -0.23480
v -0.04250 0.45300 -0.23480
v -0.04250 0.48300 -0.23480
v -0.04250 0.51300 -0.23480
v -0.04250 0.54300 -0.23480
v -0.04250 0.57300 -0.23480
v -0.04250 0.60300 -0.23480
v -0.04250 0.63300 -0.23480
v -0.04250 0.66300 -0.23480
v -0.04250 0.69300 -0.23480
v -0.04250 0.72300 -0.23480
v -0.04250 0.75300 -0.23480
v -0.04250 0.78300 -0.23480
v -0.04250 0.81300 -0.23480
v -0.04250 0.84300 -0.23480
v -0.04250 0.87300 -0.23480
v -0.04250 0.90300 -0.23480
v -0.04250 0.93300 -0.23480
v -0.04250 0.96300 -0.23480
v -0.04250 0.99300 -0.23480
v -0.04250 1.02300 -0.23480
v -0.04250 1.05300 -0.23480
v -0.04250 1.08300 -0.23480
v -0.04250 1.11300 -0.23480
v -0.04250 1.14300 -0.23480
v -0.04250 1.17300 -0.22380
v -0.04250 1.20300 -0.19110
v -0.03380 1.23560 -0.18730
v -0.02780 1.27340 -0.17990
v -0.02310 0.36300 -0.23850
v -0.02310 0.39300 -0.23850
v -0.02310 0.42300 -0.23850
v -0.02310 0.45300 -0.23850
v -0.02310 0.48300 -0.23850
v -0.02310 0.51300 -0.23850
v -0.02310 0.54300 -0.23850
v -0.02310 0.57300 -0.23850
v -0.02310 0.60300 -0.23850
v -0.02310 0.63300 -0.23850
v -0.02310 0.66300 -0.23850
v -0.02310 0.69300 -0.23850
v -0.02310 0.72300 -0.23850
v -0.02310 0.75300 -0.23850
v -0.02310 0.78300 -0.23850
v -0.02310 0.81300 -0.23850
v -0.02310 0.84300 -0.23850
v -0.02310 0.87300 -0.23850
v -0.02310 0.90300 -0.23850
v -0.02310 0.93300 -0.23850
v -0.02310 0.96300 -0.23850
v -0.02310 0.99300 -0.23850
v -0.02310 1.02300 -0.23850
v -0.02310 1.05300 -0.23850
v -0.02310 1.08300 -0.23850
v -0.02310 1.11300 -0.23850
v -0.02310 1.14300 -0.23850
v -0.02310 1.17300 -0.22730
v -0.02310 1.20300 -0.19390
v -0.01800 1.23490 -0.18240
v -0.01320 1.27200 -0.17680
vt 1.00000 0.97010
vt 0.95700 0.97130
vt 0.91390 0.97490
vt 0.87090 0.98090
vt 0.82780 0.98920
vt 0.78480 1.00000
vt 0.46840 0.97940
vt 0.40780 0.95140
vt 0.35210 0.92260
vt 0.30120 0.89300
vt 0.25510 0.86250
vt 0.21380 0.83120
vt 0.17730 0.79900
vt 0.14560 0.76600
vt 0.21840 0.55000
vt 0.14560 0.35000
vt 0.00000 0.00000
vt 1.00000 0.00000
vt 0.07590 0.03090
vt 0.07590 0.06190
vt 0.07590 0.09280
vt 0.15190 0.03090
vt 0.15190 0.06190
vt 0.15190 0.09280
vt 0.15190 0.12370
vt 0.15190 0.15460
vt 0.15190 0.18560
vt 0.15190 0.21650
vt 0.15190 0.24740
vt 0.15190 0.27840
vt 0.22780 0.03090
vt 0.22780 0.06190
vt 0.22780 0.09280
vt 0.22780 0.12370
vt 0.22780 0.15460
vt 0.22780 0.18560
vt 0.22780 0.21650
vt 0.22780 0.24740
vt 0.22780 0.27840
vt 0.22780 0.30930
vt 0.22780 0.34020
vt 0.22780 0.37110
vt 0.22780 0.40210
vt 0.22780 0.43300
vt 0.22780 0.46390
vt 0.22780 0.61860
vt 0.22780 0.64950
vt 0.22780 0.68040
vt 0.22780 0.71130
vt 0.22780 0.74230
vt 0.22780 0.77320
vt 0.22780 0.80410
vt 0.30380 0.03090
vt 0.30380 0.06190
vt 0.30380 0.09280
vt 0.30380 0.12370
vt 0.30380 0.15460
vt 0.30380 0.18560
vt 0.30380 0.21650
vt 0.30380 0.24740
vt 0.30380 0.27840
vt 0.30380 0.30930
vt 0.30380 0.34020
vt 0.30380 0.37110
vt 0.30380 0.40210
vt 0.30380 0.43300
vt 0.30380 0.46390
vt 0.30380 0.49480
vt 0.30380 0.52580
vt 0.30380 0.55670
vt 0.30380 0.58760
vt 0.30380 0.61860
vt 0.30380 0.64950
vt 0.30380 0.68040
vt 0.30380 0.71130
vt 0.30380 0.74230
vt 0.30380 0.77320
vt 0.30380 0.80410
vt 0.30380 0.83510
vt 0.30380 0.86600
vt 0.37970 0.03090
vt 0.37970 0.06190
vt 0.37970 0.09280
vt 0.37970 0.12370
vt 0.37970 0.15460
vt 0.37970 0.18560
vt 0.37970 0.21650
vt 0.37970 0.24740
vt 0.37970 0.27840
vt 0.37970 0.30930
vt 0.37970 0.34020
vt 0.37970 0.37110
vt 0.37970 0.40210
vt 0.37970 0.43300
vt 0.37970 0.46390
vt 0.37970 0.49480
vt 0.37970 0.52580
vt 0.37970 0.55670
vt 0.37970 0.58760
vt 0.37970 0.61860
vt 0.37970 0.64950
vt 0.37970 0.68040
vt 0.37970 0.71130
vt 0.37970 0.74230
vt 0.37970 0.77320
vt 0.37970 0.80410
vt 0.37970 0.83510
vt 0.37970 0.86600
vt 0.37970 0.89690
vt 0.45570 0.03090
vt 0.45570 0.06190
vt 0.45570 0.09280
vt 0.45570 0.12370
vt 0.45570 0.15460
vt 0.45570 0.18560
vt 0.45570 0.21650
vt 0.45570 0.24740
vt 0.45570 0.27840
vt 0.45570 0.30930
vt 0.45570 0.34020
vt 0.45570 0.37110
vt 0.45570 0.40210
vt 0.45570 0.43300
vt 0.45570 0.46390
vt 0.45570 0.49480
vt 0.45570 0.52580
vt 0.45570 0.55670
vt 0.45570 0.58760
vt 0.45570 0.61860
vt 0.45570 0.64950
vt 0.45570 0.68040
vt 0.45570 0.71130
vt 0.45570 0.74230
vt 0.45570 0.77320
vt 0.45570 0.80410
vt 0.45570 0.83510
vt 0.45570 0.86600
vt 0.45570 0.89690
vt 0.45570 0.92780
vt 0.53160 0.03090
vt 0.53160 0.06190
vt 0.53160 0.09280
vt 0.53160 0.12370
vt 0.53160 0.15460
vt 0.53160 0.18560
vt 0.53160 0.21650
vt 0.53160 0.24740
vt 0.53160 0.27840
vt 0.53160 0.30930
vt 0.53160 0.34020
vt 0.53160 0.37110
vt 0.53160 0.40210
vt 0.53160 0.43300
vt 0.53160 0.46390
vt 0.53160 0.49480
vt 0.53160 0.52580
vt 0.53160 0.55670
vt 0.53160 0.58760
vt 0.53160 0.61860
vt 0.53160 0.64950
vt 0.53160 0.68040
vt 0.53160 0.71130
vt 0.53160 0.74230
vt 0.53160 0.77320
vt 0.53160 0.80410
vt 0.53160 0.83510
vt 0.53160 0.86600
vt 0.53160 0.89690
vt 0.53160 0.92780
vt 0.53160 0.95880
vt 0.60760 0.03090
vt 0.60760 0.06190
vt 0.60760 0.09280
vt 0.60760 0.12370
vt 0.60760 0.15460
vt 0.60760 0.18560
vt 0.60760 0.21650
vt 0.60760 0.24740
vt 0.60760 0.27840
vt 0.60760 0.30930
vt 0.60760 0.34020
vt 0.60760 0.37110
vt 0.60760 0.40210
vt 0.60760 0.43300
vt 0.60760 0.46390
vt 0.60760 0.49480
vt 0.60760 0.52580
vt 0.60760 0.55670
vt 0.60760 0.58760
vt 0.60760 0.61860
vt 0.60760 0.64950
vt 0.60760 0.68040
vt 0.60760 0.71130
vt 0.60760 0.74230
vt 0.60760 0.77320
vt 0.60760 0.80410
vt 0.60760 0.83510
vt 0.60760 0.86600
vt 0.60760 0.89690
vt 0.60760 0.92780
vt 0.60760 0.95880
vt 0.68350 0.03090
vt 0.68350 0.06190
vt 0.68350 0.09280
vt 0.68350 0.12370
vt 0.68350 0.15460
vt 0.68350 0.18560
vt 0.68350 0.21650
vt 0.68350 0.24740
vt 0.68350 0.27840
vt 0.68350 0.30930
vt 0.68350 0.34020
vt 0.68350 0.37110
vt 0.68350 0.40210
vt 0.68350 0.43300
vt 0.68350 0.46390
vt 0.68350 0.49480
vt 0.68350 0.52580
vt 0.68350 0.55670
vt 0.68350 0.58760
vt 0.68350 0.61860
vt 0.68350 0.64950
vt 0.68350 0.68040
vt 0.68350 0.71130
vt 0.68350 0.74230
vt 0.68350 0.77320
vt 0.68350 0.80410
vt 0.68350 0.83510
vt 0.68350 0.86600
vt 0.68350 0.89690
vt 0.68350 0.92780
vt 0.68350 0.95880
vt 0.75950 0.03090
vt 0.75950 0.06190
vt 0.75950 0.09280
vt 0.75950 0.12370
vt 0.75950 0.15460
vt 0.75950 0.18560
vt 0.75950 0.21650
vt 0.75950 0.24740
vt 0.75950 0.27840
vt 0.75950 0.30930
vt 0.75950 0.34020
vt 0.75950 0.37110
vt 0.75950 0.40210
vt 0.75950 0.43300
vt 0.75950 0.46390
vt 0.75950 0.49480
vt 0.75950 0.52580
vt 0.75950 0.55670
vt 0.75950 0.58760
vt 0.75950 0.61860
vt 0.75950 0.64950
vt 0.75950 0.68040
vt 0.75950 0.71130
vt 0.75950 0.74230
vt 0.75950 0.77320
vt 0.75950 0.80410
vt 0.75950 0.83510
vt 0.75950 0.86600
vt 0.75950 0.89690
vt 0.75950 0.92780
vt 0.75950 0.95880
vt 0.83540 0.03090
vt 0.83540 0.06190
vt 0.83540 0.09280
vt 0.83540 0.12370
vt 0.83540 0.15460
vt 0.83540 0.18560
vt 0.83540 0.21650
vt 0.83540 0.24740
vt 0.83540 0.27840
vt 0.83540 0.30930
vt 0.83540 0.34020
vt 0.83540 0.37110
vt 0.83540 0.40210
vt 0.83540 0.43300
vt 0.83540 0.46390
vt 0.83540 0.49480
vt 0.83540 0.52580
vt 0.83540 0.55670
vt 0.83540 0.58760
vt 0.83540 0.61860
vt 0.83540 0.64950
vt 0.83540 0.68040
vt 0.83540 0.71130
vt 0.83540 0.74230
vt 0.83540 0.77320
vt 0.83540 0.80410
vt 0.83540 0.83510
vt 0.83540 0.86600
vt 0.83540 0.89690
vt 0.83540 0.92780
vt 0.83540 0.95880
vt 0.91140 0.03090
vt 0.91140 0.06190
vt 0.91140 0.09280
vt 0.91140 0.12370
vt 0.91140 0.15460
vt 0.91140 0.18560
vt 0.91140 0.21650
vt 0.91140 0.24740
vt 0.91140 0.27840
vt 0.91140 0.30930
vt 0.91140 0.34020
vt 0.91140 0.37110
vt 0.91140 0.40210
vt 0.91140 0.43300
vt 0.91140 0.46390
vt 0.91140 0.49480
vt 0.91140 0.52580
vt 0.91140 0.55670
vt 0.91140 0.58760
vt 0.91140 0.61860
vt 0.91140 0.64950
vt 0.91140 0.68040
vt 0.91140 0.71130
vt 0.91140 0.74230
vt 0.91140 0.77320
vt 0.91140 0.80410
vt 0.91140 0.83510
vt 0.91140 0.86600
vt 0.91140 0.89690
vt 0.91140 0.92780
vt 0.91140 0.95880
f 684/684 685/685 847/847
f 684/684 847/847 878/878
f 684/684 878/878 683/683
f 683/683 878/878 909/909
f 683/683 909/909 940/940
f 683/683 940/940 682/682
f 678/678 679/679 1001/1001
f 678/678 1001/1001 1000/1000
f 678/678 1000/1000 999/999
f 678/678 999/999 998/998
f 678/678 998/998 997/997
f 678/678 997/997 996/996
f 678/678 996/996 995/995
f 678/678 995/995 994/994
f 678/678 994/994 993/993
f 678/678 993/993 992/992
f 678/678 992/992 991/991
f 678/678 991/991 990/990
f 678/678 990/990 989/989
f 678/678 989/989 988/988
f 678/678 988/988 987/987
f 678/678 987/987 695/695
f 695/695 987/987 986/986
f 695/695 986/986 985/985
f 695/695 985/985 984/984
f 695/695 984/984 983/983
f 695/695 983/983 982/982
f 695/695 982/982 981/981
f 695/695 981/981 980/980
f 695/695 980/980 979/979
f 695/695 979/979 978/978
f 695/695 978/978 977/977
f 695/695 977/977 976/976
f 695/695 976/976 975/975
f 695/695 975/975 974/974
f 695/695 974/974 973/973
f 695/695 973/973 972/972
f 695/695 972/972 941/941
f 695/695 941/941 910/910
f 695/695 910/910 879/879
f 695/695 879/879 848/848
f 695/695 848/848 817/817
f 695/695 817/817 694/694
f 694/694 817/817 787/787
f 694/694 787/787 758/758
f 694/694 758/758 730/730
f 694/694 730/730 708/708
f 694/694 708/708 699/699
f 694/694 699/699 696/696
f 694/694 696/696 697/697
f 694/694 697/697 698/698
f 694/694 698/698 693/693
f 691/691 692/692 723/723
f 691/691 723/723 724/724
f 691/691 724/724 725/725
f 691/691 725/725 726/726
f 691/691 726/726 727/727
f 691/691 727/727 728/728
f 691/691 728/728 690/690
f 690/690 728/728 729/729
f 690/690 729/729 689/689
f 689/689 729/729 756/756
f 689/689 756/756 688/688
f 688/688 756/756 757/757
f 688/688 757/757 687/687
f 687/687 757/757 785/785
f 687/687 785/785 786/786
f 687/687 786/786 686/686
f 686/686 786/786 816/816
f 686/686 816/816 685/685
f 685/685 816/816 847/847
f 847/847 816/816 846/846
f 847/847 846/846 877/877
f 847/847 877/877 878/878
f 878/878 877/877 908/908
f 878/878 908/908 909/909
f 909/909 908/908 939/939
f 909/909 939/939 940/940
f 940/940 939/939 970/970
f 940/940 970/970 971/971
f 940/940 971/971 682/682
f 682/682 971/971 681/681
f 681/681 971/971 1002/1002
f 681/681 1002/1002 680/680
f 680/680 1002/1002 679/679
f 679/679 1002/1002 1001/1001
f 1001/1001 1002/1002 971/971
f 1001/1001 971/971 970/970
f 1001/1001 970/970 1000/1000
f 1000/1000 970/970 969/969
f 1000/1000 969/969 999/999
f 999/999 969/969 968/968
f 999/999 968/968 998/998
f 998/998 968/968 967/967
f 998/998 967/967 997/997
f 997/997 967/967 966/966
f 997/997 966/966 996/996
f 996/996 966/966 965/965
f 996/996 965/965 995/995
f 995/995 965/965 964/964
f 995/995 964/964 994/994
f 994/994 964/964 963/963
f 994/994 963/963 993/993
f 993/993 963/963 962/962
f 993/993 962/962 992/992
f 992/992 962/962 961/961
f 992/992 961/961 991/991
f 991/991 961/961 960/960
f 991/991 960/960 990/990
f 990/990 960/960 959/959
f 990/990 959/959 989/989
f 989/989 959/959 958/958
f 989/989 958/958 988/988
f 988/988 958/958 957/957
f 988/988 957/957 987/987
f 987/987 957/957 956/956
f 987/987 956/956 986/986
f 986/986 956/956 955/955
f 986/986 955/955 985/985
f 985/985 955/955 954/954
f 985/985 954/954 984/984
f 984/984 954/954 953/953
f 984/984 953/953 983/983
f 983/983 953/953 952/952
f 983/983 952/952 982/982
f 982/982 952/952 951/951
f 982/982 951/951 981/981
f 981/981 951/951 950/950
f 981/981 950/950 980/980
f 980/980 950/950 949/949
f 980/980 949/949 979/979
f 979/979 949/949 948/948
f 979/979 948/948 978/978
f 978/978 948/948 947/947
f 978/978 947/947 977/977
f 977/977 947/947 946/946
f 977/977 946/946 976/976
f 976/976 946/946 945/945
f 976/976 945/945 975/975
f 975/975 945/945 944/944
f 975/975 944/944 974/974
f 974/974 944/944 943/943
f 974/974 943/943 973/973
f 973/973 943/943 942/942
f 973/973 942/942 972/972
f 972/972 942/942 941/941
f 941/941 942/942 911/911
f 941/941 911/911 910/910
f 910/910 911/911 880/880
f 910/910 880/880 879/879
f 879/879 880/880 849/849
f 879/879 849/849 848/848
f 848/848 849/849 818/818
f 848/848 818/818 817/817
f 817/817 818/818 788/788
f 817/817 788/788 787/787
f 787/787 788/788 759/759
f 787/787 759/759 758/758
f 758/758 759/759 731/731
f 758/758 731/731 730/730
f 730/730 731/731 709/709
f 730/730 709/709 708/708
f 708/708 709/709 700/700
f 708/708 700/700 699/699
f 699/699 700/700 697/697
f 699/699 697/697 696/696
f 697/697 700/700 698/698
f 698/698 700/700 701/701
f 698/698 701/701 702/702
f 698/698 702/702 703/703
f 698/698 703/703 704/704
f 698/698 704/704 705/705
f 698/698 705/705 706/706
f 698/698 706/706 707/707
f 698/698 707/707 693/693
f 693/693 707/707 717/717
f 693/693 717/717 718/718
f 693/693 718/718 719/719
f 693/693 719/719 720/720
f 693/693 720/720 721/721
f 693/693 721/721 722/722
f 693/693 722/722 692/692
f 692/692 722/722 745/745
f 692/692 745/745 746/746
f 692/692 746/746 747/747
f 692/692 747/747 748/748
f 692/692 748/748 723/723
f 723/723 748/748 749/749
f 723/723 749/749 724/724
f 724/724 749/749 750/750
f 724/724 750/750 725/725
f 725/725 750/750 751/751
f 725/725 751/751 726/726
f 726/726 751/751 752/752
f 726/726 752/752 727/727
f 727/727 752/752 753/753
f 727/727 753/753 728/728
f 728/728 753/753 754/754
f 728/728 754/754 729/729
f 729/729 754/754 755/755
f 729/729 755/755 756/756
f 756/756 755/755 783/783
f 756/756 783/783 784/784
f 756/756 784/784 757/757
f 757/757 784/784 785/785
f 785/785 784/784 813/813
f 785/785 813/813 814/814
f 785/785 814/814 786/786
f 786/786 814/814 815/815
f 786/786 815/815 816/816
f 816/816 815/815 845/845
f 816/816 845/845 846/846
f 846/846 845/845 876/876
f 846/846 876/876 877/877
f 877/877 876/876 907/907
f 877/877 907/907 908/908
f 908/908 907/907 938/938
f 908/908 938/938 939/939
f 939/939 938/938 969/969
f 939/939 969/969 970/970
f 969/969 938/938 968/968
f 968/968 938/938 937/937
f 968/968 937/937 967/967
f 967/967 937/937 936/936
f 967/967 936/936 966/966
f 966/966 936/936 935/935
f 966/966 935/935 965/965
f 965/965 935/935 934/934
f 965/965 934/934 964/964
f 964/964 934/934 933/933
f 964/964 933/933 963/963
f 963/963 933/933 932/932
f 963/963 932/932 962/962
f 962/962 932/932 931/931
f 962/962 931/931 961/961
f 961/961 931/931 930/930
f 961/961 930/930 960/960
f 960/960 930/930 929/929
f 960/960 929/929 959/959
f 959/959 929/929 928/928
f 959/959 928/928 958/958
f 958/958 928/928 927/927
f 958/958 927/927 957/957
f 957/957 927/927 926/926
f 957/957 926/926 956/956
f 956/956 926/926 925/925
f 956/956 925/925 955/955
f 955/955 925/925 924/924
f 955/955 924/924 954/954
f 954/954 924/924 923/923
f 954/954 923/923 953/953
f 953/953 923/923 922/922
f 953/953 922/922 952/952
f 952/952 922/922 921/921
f 952/952 921/921 951/951
f 951/951 921/921 920/920
f 951/951 920/920 950/950
f 950/950 920/920 919/919
f 950/950 919/919 949/949
f 949/949 919/919 918/918
f 949/949 918/918 948/948
f 948/948 918/918 917/917
f 948/948 917/917 947/947
f 947/947 917/917 916/916
f 947/947 916/916 946/946
f 946/946 916/916 915/915
f 946/946 915/915 945/945
f 945/945 915/915 914/914
f 945/945 914/914 944/944
f 944/944 914/914 913/913
f 944/944 913/913 943/943
f 943/943 913/913 912/912
f 943/943 912/912 942/942
f 942/942 912/912 911/911
f 911/911 912/912 881/881
f 911/911 881/881 880/880
f 880/880 881/881 850/850
f 880/880 850/850 849/849
f 849/849 850/850 819/819
f 849/849 819/819 818/818
f 818/818 819/819 789/789
f 818/818 789/789 788/788
f 788/788 789/789 760/760
f 788/788 760/760 759/759
f 759/759 760/760 732/732
f 759/759 732/732 731/731
f 731/731 732/732 710/710
f 731/731 710/710 709/709
f 709/709 710/710 701/701
f 709/709 701/701 700/700
f 701/701 710/710 702/702
f 702/702 710/710 711/711
f 702/702 711/711 703/703
f 703/703 711/711 712/712
f 703/703 712/712 704/704
f 704/704 712/712 713/713
f 704/704 713/713 705/705
f 705/705 713/713 714/714
f 705/705 714/714 706/706
f 706/706 714/714 715/715
f 706/706 715/715 707/707
f 707/707 715/715 716/716
f 707/707 716/716 717/717
f 717/717 716/716 738/738
f 717/717 738/738 739/739
f 717/717 739/739 718/718
f 718/718 739/739 740/740
f 718/718 740/740 719/719
f 719/719 740/740 741/741
f 719/719 741/741 720/720
f 720/720 741/741 742/742
f 720/720 742/742 721/721
f 721/721 742/742 743/743
f 721/721 743/743 722/722
f 722/722 743/743 744/744
f 722/722 744/744 745/745
f 745/745 744/744 772/772
f 745/745 772/772 773/773
f 745/745 773/773 746/746
f 746/746 773/773 774/774
f 746/746 774/774 747/747
f 747/747 774/774 775/775
f 747/747 775/775 748/748
f 748/748 775/775 776/776
f 748/748 776/776 749/749
f 749/749 776/776 777/777
f 749/749 777/777 750/750
f 750/750 777/777 778/778
f 750/750 778/778 751/751
f 751/751 778/778 779/779
f 751/751 779/779 752/752
f 752/752 779/779 780/780
f 752/752 780/780 753/753
f 753/753 780/780 781/781
f 753/753 781/781 754/754
f 754/754 781/781 782/782
f 754/754 782/782 755/755
f 755/755 782/782 783/783
f 783/783 782/782 811/811
f 783/783 811/811 812/812
f 783/783 812/812 784/784
f 784/784 812/812 813/813
f 813/813 812/812 842/842
f 813/813 842/842 843/843
f 813/813 843/843 814/814
f 814/814 843/843 844/844
f 814/814 844/844 815/815
f 815/815 844/844 845/845
f 845/845 844/844 875/875
f 845/845 875/875 876/876
f 876/876 875/875 906/906
f 876/876 906/906 907/907
f 907/907 906/906 937/937
f 907/907 937/937 938/938
f 937/937 906/906 936/936
f 936/936 906/906 905/905
f 936/936 905/905 935/935
f 935/935 905/905 904/904
f 935/935 904/904 934/934
f 934/934 904/904 903/903
f 934/934 903/903 933/933
f 933/933 903/903 902/902
f 933/933 902/902 932/932
f 932/932 902/902 901/901
f 932/932 901/901 931/931
f 931/931 901/901 900/900
f 931/931 900/900 930/930
f 930/930 900/900 899/899
f 930/930 899/899 929/929
f 929/929 899/899 898/898
f 929/929 898/898 928/928
f 928/928 898/898 897/897
f 928/928 897/897 927/927
f 927/927 897/897 896/896
f 927/927 896/896 926/926
f 926/926 896/896 895/895
f 926/926 895/895 925/925
f 925/925 895/895 894/894
f 925/925 894/894 924/924
f 924/924 894/894 893/893
f 924/924 893/893 923/923
f 923/923 893/893 892/892
f 923/923 892/892 922/922
f 922/922 892/892 891/891
f 922/922 891/891 921/921
f 921/921 891/891 890/890
f 921/921 890/890 920/920
f 920/920 890/890 889/889
f 920/920 889/889 919/919
f 919/919 889/889 888/888
f 919/919 888/888 918/918
f 918/918 888/888 887/887
f 918/918 887/887 917/917
f 917/917 887/887 886/886
f 917/917 886/886 916/916
f 916/916 886/886 885/885
f 916/916 885/885 915/915
f 915/915 885/885 884/884
f 915/915 884/884 914/914
f 914/914 884/884 883/883
f 914/914 883/883 913/913
f 913/913 883/883 882/882
f 913/913 882/882 912/912
f 912/912 882/882 881/881
f 881/881 882/882 851/851
f 881/881 851/851 850/850
f 850/850 851/851 820/820
f 850/850 820/820 819/819
f 819/819 820/820 790/790
f 819/819 790/790 789/789
f 789/789 790/790 761/761
f 789/789 761/761 760/760
f 760/760 761/761 733/733
f 760/760 733/733 732/732
f 732/732 733/733 711/711
f 732/732 711/711 710/710
f 711/711 733/733 712/712
f 712/712 733/733 734/734
f 712/712 734/734 713/713
f 713/713 734/734 735/735
f 713/713 735/735 714/714
f 714/714 735/735 736/736
f 714/714 736/736 715/715
f 715/715 736/736 737/737
f 715/715 737/737 716/716
f 716/716 737/737 738/738
f 738/738 737/737 765/765
f 738/738 765/765 766/766
f 738/738 766/766 739/739
f 739/739 766/766 767/767
f 739/739 767/767 740/740
f 740/740 767/767 768/768
f 740/740 768/768 741/741
f 741/741 768/768 769/769
f 741/741 769/769 742/742
f 742/742 769/769 770/770
f 742/742 770/770 743/743
f 743/743 770/770 771/771
f 743/743 771/771 744/744
f 744/744 771/771 772/772
f 772/772 771/771 800/800
f 772/772 800/800 801/801
f 772/772 801/801 773/773
f 773/773 801/801 802/802
f 773/773 802/802 774/774
f 774/774 802/802 803/803
f 774/774 803/803 775/775
f 775/775 803/803 804/804
f 775/775 804/804 776/776
f 776/776 804/804 805/805
f 776/776 805/805 777/777
f 777/777 805/805 806/806
f 777/777 806/806 778/778
f 778/778 806/806 807/807
f 778/778 807/807 779/779
f 779/779 807/807 808/808
f 779/779 808/808 780/780
f 780/780 808/808 809/809
f 780/780 809/809 781/781
f 781/781 809/809 810/810
f 781/781 810/810 782/782
f 782/782 810/810 811/811
f 811/811 810/810 840/840
f 811/811 840/840 841/841
f 811/811 841/841 812/812
f 812/812 841/841 842/842
f 842/842 841/841 872/872
f 842/842 872/872 873/873
f 842/842 873/873 843/843
f 843/843 873/873 874/874
f 843/843 874/874 844/844
f 844/844 874/874 875/875
f 875/875 874/874 905/905
f 875/875 905/905 906/906
f 905/905 874/874 904/904
f 904/904 874/874 873/873
f 904/904 873/873 903/903
f 903/903 873/873 872/872
f 903/903 872/872 902/902
f 902/902 872/872 871/871
f 902/902 871/871 901/901
f 901/901 871/871 870/870
f 901/901 870/870 900/900
f 900/900 870/870 869/869
f 900/900 869/869 899/899
f 899/899 869/869 868/868
f 899/899 868/868 898/898
f 898/898 868/868 867/867
f 898/898 867/867 897/897
f 897/897 867/867 866/866
f 897/897 866/866 896/896
f 896/896 866/866 865/865
f 896/896 865/865 895/895
f 895/895 865/865 864/864
f 895/895 864/864 894/894
f 894/894 864/864 863/863
f 894/894 863/863 893/893
f 893/893 863/863 862/862
f 893/893 862/862 892/892
f 892/892 862/862 861/861
f 892/892 861/861 891/891
f 891/891 861/861 860/860
f 891/891 860/860 890/890
f 890/890 860/860 859/859
f 890/890 859/859 889/889
f 889/889 859/859 858/858
f 889/889 858/858 888/888
f 888/888 858/858 857/857
f 888/888 857/857 887/887
f 887/887 857/857 856/856
f 887/887 856/856 886/886
f 886/886 856/856 855/855
f 886/886 855/855 885/885
f 885/885 855/855 854/854
f 885/885 854/854 884/884
f 884/884 854/854 853/853
f 884/884 853/853 883/883
f 883/883 853/853 852/852
f 883/883 852/852 882/882
f 882/882 852/852 851/851
f 851/851 852/852 821/821
f 851/851 821/821 820/820
f 820/820 821/821 791/791
f 820/820 791/791 790/790
f 790/790 791/791 762/762
f 790/790 762/762 761/761
f 761/761 762/762 734/734
f 761/761 734/734 733/733
f 734/734 762/762 735/735
f 735/735 762/762 763/763
f 735/735 763/763 736/736
f 736/736 763/763 764/764
f 736/736 764/764 737/737
f 737/737 764/764 765/765
f 765/765 764/764 793/793
f 765/765 793/793 794/794
f 765/765 794/794 766/766
f 766/766 794/794 795/795
f 766/766 795/795 767/767
f 767/767 795/795 796/796
f 767/767 796/796 768/768
f 768/768 796/796 797/797
f 768/768 797/797 769/769
f 769/769 797/797 798/798
f 769/769 798/798 770/770
f 770/770 798/798 799/799
f 770/770 799/799 771/771
f 771/771 799/799 800/800
f 800/800 799/799 829/829
f 800/800 829/829 830/830
f 800/800 830/830 801/801
f 801/801 830/830 831/831
f 801/801 831/831 802/802
f 802/802 831/831 832/832
f 802/802 832/832 803/803
f 803/803 832/832 833/833
f 803/803 833/833 804/804
f 804/804 833/833 834/834
f 804/804 834/834 805/805
f 805/805 834/834 835/835
f 805/805 835/835 806/806
f 806/806 835/835 836/836
f 806/806 836/836 807/807
f 807/807 836/836 837/837
f 807/807 837/837 808/808
f 808/808 837/837 838/838
f 808/808 838/838 809/809
f 809/809 838/838 839/839
f 809/809 839/839 810/810
f 810/810 839/839 840/840
f 840/840 839/839 870/870
f 840/840 870/870 871/871
f 840/840 871/871 841/841
f 841/841 871/871 872/872
f 870/870 839/839 869/869
f 869/869 839/839 838/838
f 869/869 838/838 868/868
f 868/868 838/838 837/837
f 868/868 837/837 867/867
f 867/867 837/837 836/836
f 867/867 836/836 866/866
f 866/866 836/836 835/835
f 866/866 835/835 865/865
f 865/865 835/835 834/834
f 865/865 834/834 864/864
f 864/864 834/834 833/833
f 864/864 833/833 863/863
f 863/863 833/833 832/832
f 863/863 832/832 862/862
f 862/862 832/832 831/831
f 862/862 831/831 861/861
f 861/861 831/831 830/830
f 861/861 830/830 860/860
f 860/860 830/830 829/829
f 860/860 829/829 859/859
f 859/859 829/829 828/828
f 859/859 828/828 858/858
f 858/858 828/828 827/827
f 858/858 827/827 857/857
f 857/857 827/827 826/826
f 857/857 826/826 856/856
f 856/856 826/826 825/825
f 856/856 825/825 855/855
f 855/855 825/825 824/824
f 855/855 824/824 854/854
f 854/854 824/824 823/823
f 854/854 823/823 853/853
f 853/853 823/823 822/822
f 853/853 822/822 852/852
f 852/852 822/822 821/821
f 821/821 822/822 792/792
f 821/821 792/792 791/791
f 791/791 792/792 763/763
f 791/791 763/763 762/762
f 763/763 792/792 764/764
f 764/764 792/792 793/793
f 793/793 792/792 822/822
f 793/793 822/822 823/823
f 793/793 823/823 794/794
f 794/794 823/823 824/824
f 794/794 824/824 795/795
f 795/795 824/824 825/825
f 795/795 825/825 796/796
f 796/796 825/825 826/826
f 796/796 826/826 797/797
f 797/797 826/826 827/827
f 797/797 827/827 798/798
f 798/798 827/827 828/828
f 798/798 828/828 799/799
f 799/799 828/828 829/829

g back_right_panel
usemtl Material_back_right_panel
v 0.00780 1.28540 -0.17440
v 0.00000 0.33300 -0.24000
v 0.17450 0.33300 -0.07870
v 0.16740 0.67250 -0.11600
v 0.16090 0.86650 -0.13390
v 0.16740 1.07600 -0.11600
v 0.16480 1.10800 -0.12390
v 0.16140 1.13920 -0.13280
v 0.16110 1.16800 -0.14190
v 0.16780 1.19390 -0.13860
v 0.16680 1.20990 -0.15390
v 0.16180 1.26920 -0.15910
v 0.12420 1.32610 -0.05840
v 0.07260 1.33400 -0.05120
v 0.06210 1.33360 -0.04580
v 0.02280 1.30250 -0.17360
v 0.01200 1.29240 -0.17360
v 0.01840 1.28720 -0.17580
v 0.01980 0.36300 -0.23890
v 0.01980 0.39300 -0.23890
v 0.01980 0.42300 -0.23890
v 0.01980 0.45300 -0.23890
v 0.01980 0.48300 -0.23890
v 0.01980 0.51300 -0.23890
v 0.01980 0.54300 -0.23890
v 0.01980 0.57300 -0.23890
v 0.01980 0.60300 -0.23890
v 0.01980 0.63300 -0.23890
v 0.01980 0.66300 -0.23890
v 0.01980 0.69300 -0.23890
v 0.01980 0.72300 -0.23890
v 0.01980 0.75300 -0.23890
v 0.01980 0.78300 -0.23890
v 0.01980 0.81300 -0.23890
v 0.01980 0.84300 -0.23890
v 0.01980 0.87300 -0.23890
v 0.01980 0.90300 -0.23890
v 0.01980 0.93300 -0.23890
v 0.01980 0.96300 -0.23890
v 0.01980 0.99300 -0.23890
v 0.01980 1.02300 -0.23890
v 0.01980 1.05300 -0.23890
v 0.01980 1.08300 -0.23890
v 0.01980 1.11300 -0.23890
v 0.01980 1.14300 -0.23890
v 0.01980 1.17300 -0.22770
v 0.01980 1.20300 -0.19420
v 0.01490 1.23480 -0.18270
v 0.01090 1.27220 -0.17720
v 0.03930 0.36300 -0.23550
v 0.03930 0.39300 -0.23550
v 0.03930 0.42300 -0.23550
v 0.03930 0.45300 -0.23550
v 0.03930 0.48300 -0.23550
v 0.03930 0.51300 -0.23550
v 0.03930 0.54300 -0.23550
v 0.03930 0.57300 -0.23550
v 0.03930 0.60300 -0.23550
v 0.03930 0.63300 -0.23550
v 0.03930 0.66300 -0.23550
v 0.03930 0.69300 -0.23550
v 0.03930 0.72300 -0.23550
v 0.03930 0.75300 -0.23550
v 0.03930 0.78300 -0.23550
v 0.03930 0.81300 -0.23550
v 0.03930 0.84300 -0.23550
v 0.03930 0.87300 -0.23550
v 0.03930 0.90300 -0.23550
v 0.03930 0.93300 -0.23550
v 0.03930 0.96300 -0.23550
v 0.03930 0.99300 -0.23550
v 0.03930 1.02300 -0.23550
v 0.03930 1.05300 -0.23550
v 0.03930 1.08300 -0.23550
v 0.03930 1.11300 -0.23550
v 0.03930 1.14300 -0.23550
v 0.03930 1.17300 -0.22460
v 0.03930 1.20300 -0.19170
v 0.03140 1.23570 -0.18730
v 0.02580 1.27340 -0.18020
v 0.05840 0.36300 -0.23000
v 0.05840 0.39300 -0.23000
v 0.05840 0.42300 -0.23000
v 0.05840 0.45300 -0.23000
v 0.05840 0.48300 -0.23000
v 0.05840 0.51300 -0.23000
v 0.05840 0.54300 -0.23000
v 0.05840 0.57300 -0.23000
v 0.05840 0.60300 -0.23000
v 0.05840 0.63300 -0.23000
v 0.05840 0.66300 -0.23000
v 0.05840 0.69300 -0.23000
v 0.05840 0.72300 -0.23000
v 0.05840 0.75300 -0.23000
v 0.05840 0.78300 -0.23000
v 0.05840 0.81300 -0.23000
v 0.05840 0.84300 -0.23000
v 0.05840 0.87300 -0.23000
v 0.05840 0.90300 -0.23000
v 0.05840 0.93300 -0.23000
v 0.05840 0.96300 -0.23000
v 0.05840 0.99300 -0.23000
v 0.05840 1.02300 -0.23000
v 0.05840 1.05300 -0.23000
v 0.05840 1.08300 -0.23000
v 0.05840 1.11300 -0.23000
v 0.05840 1.14300 -0.23000
v 0.05840 1.17300 -0.21940
v 0.05710 1.20270 -0.19410
v 0.05060 1.23710 -0.19260
v 0.04800 1.27780 -0.18490
v 0.07660 0.36300 -0.22230
v 0.07660 0.39300 -0.22230
v 0.07660 0.42300 -0.22230
v 0.07660 0.45300 -0.22230
v 0.07660 0.48300 -0.22230
v 0.07660 0.51300 -0.22230
v 0.07660 0.54300 -0.22230
v 0.07660 0.57300 -0.22230
v 0.07660 0.60300 -0.22230
v 0.07660 0.63300 -0.22230
v 0.07660 0.66300 -0.22230
v 0.07660 0.69300 -0.22230
v 0.07660 0.72300 -0.22230
v 0.07660 0.75300 -0.22230
v 0.07660 0.78300 -0.22230
v 0.07660 0.81300 -0.22230
v 0.07660 0.84300 -0.22230
v 0.07660 0.87300 -0.22230
v 0.07660 0.90300 -0.22230
v 0.07660 0.93300 -0.22230
v 0.07660 0.96300 -0.22230
v 0.07660 0.99300 -0.22230
v 0.07660 1.02300 -0.22230
v 0.07660 1.05300 -0.22230
v 0.07660 1.08300 -0.22230
v 0.07660 1.11300 -0.22230
v 0.07660 1.14300 -0.22230
v 0.07660 1.17300 -0.21220
v 0.07740 1.20090 -0.19430
v 0.08380 1.23480 -0.19440
v 0.07760 1.28150 -0.18630
v 0.09390 0.36300 -0.21260
v 0.09390 0.39300 -0.21260
v 0.09390 0.42300 -0.21260
v 0.09390 0.45300 -0.21260
v 0.09390 0.48300 -0.21260
v 0.09390 0.51300 -0.21260
v 0.09390 0.54300 -0.21260
v 0.09390 0.57300 -0.21260
v 0.09390 0.60300 -0.21260
v 0.09390 0.63300 -0.21260
v 0.09390 0.66300 -0.21260
v 0.09390 0.69300 -0.21260
v 0.09390 0.72300 -0.21260
v 0.09390 0.75300 -0.21260
v 0.09390 0.78300 -0.21260
v 0.09390 0.81300 -0.21260
v 0.09390 0.84300 -0.21260
v 0.09390 0.87300 -0.21260
v 0.09390 0.90300 -0.21260
v 0.09390 0.93300 -0.21260
v 0.09390 0.96300 -0.21260
v 0.09390 0.99300 -0.21260
v 0.09390 1.02300 -0.21260
v 0.09390 1.05300 -0.21260
v 0.09390 1.08300 -0.21260
v 0.09390 1.11300 -0.21260
v 0.09390 1.14300 -0.21260
v 0.09390 1.17300 -0.20320
v 0.09730 1.20090 -0.19010
v 0.10760 1.23430 -0.18890
v 0.11690 1.28370 -0.17790
v 0.11000 0.36300 -0.20110
v 0.11000 0.39300 -0.20110
v 0.11000 0.42300 -0.20110
v 0.11000 0.45300 -0.20110
v 0.11000 0.48300 -0.20110
v 0.11000 0.51300 -0.20110
v 0.11000 0.54300 -0.20110
v 0.11000 0.57300 -0.20110
v 0.11000 0.60300 -0.20110
v 0.11000 0.63300 -0.20110
v 0.11000 0.66300 -0.20110
v 0.11000 0.69300 -0.20110
v 0.11000 0.72300 -0.20110
v 0.11000 0.75300 -0.20110
v 0.11000 0.78300 -0.20110
v 0.11000 0.81300 -0.20110
v 0.11000 0.84300 -0.20110
v 0.11000 0.87300 -0.20110
v 0.11000 0.90300 -0.20110
v 0.11000 0.93300 -0.20110
v 0.11000 0.96300 -0.20110
v 0.11000 0.99300 -0.20110
v 0.11000 1.02300 -0.20110
v 0.11000 1.05300 -0.20110
v 0.11000 1.08300 -0.20110
v 0.11000 1.11300 -0.20110
v 0.11000 1.14300 -0.20110
v 0.11000 1.17300 -0.19230
v 0.11660 1.20080 -0.18330
v 0.12790 1.23300 -0.18080
v 0.13920 1.28290 -0.16790
v 0.12470 0.36300 -0.18780
v 0.12470 0.39300 -0.18780
v 0.12470 0.42300 -0.18780
v 0.12470 0.45300 -0.18780
v 0.12470 0.48300 -0.18780
v 0.12470 0.51300 -0.18780
v 0.12470 0.54300 -0.18780
v 0.12470 0.57300 -0.18780
v 0.12470 0.60300 -0.18780
v 0.12470 0.63300 -0.18780
v 0.12470 0.66300 -0.18780
v 0.12470 0.69300 -0.18780
v 0.12470 0.72300 -0.18780
v 0.12470 0.75300 -0.18780
v 0.12470 0.78300 -0.18780
v 0.12470 0.81300 -0.18780
v 0.12470 0.84300 -0.18780
v 0.12470 0.87300 -0.18780
v 0.12470 0.90300 -0.18780
v 0.12470 0.93300 -0.18780
v 0.12470 0.96300 -0.18780
v 0.12470 0.99300 -0.18780
v 0.12470 1.02300 -0.18780
v 0.12470 1.05300 -0.18780
v 0.12470 1.08300 -0.18780
v 0.12470 1.11300 -0.18780
v 0.12470 1.14300 -0.18780
v 0.12470 1.17300 -0.17990
v 0.13420 1.19960 -0.17420
v 0.14490 1.23270 -0.17230
v 0.15500 1.28190 -0.15890
v 0.13780 0.36300 -0.17290
v 0.13780 0.39300 -0.17290
v 0.13780 0.42300 -0.17290
v 0.13780 0.45300 -0.17290
v 0.13780 0.48300 -0.17290
v 0.13780 0.51300 -0.17290
v 0.13780 0.54300 -0.17290
v 0.13780 0.57300 -0.17290
v 0.13780 0.60300 -0.17290
v 0.13780 0.63300 -0.17290
v 0.13780 0.66300 -0.17290
v 0.13780 0.69300 -0.17290
v 0.13780 0.72300 -0.17290
v 0.13780 0.75300 -0.17290
v 0.13780 0.78300 -0.17290
v 0.13780 0.81300 -0.17290
v 0.13780 0.84300 -0.17290
v 0.13780 0.87300 -0.17290
v 0.13780 0.90300 -0.17290
v 0.13780 0.93300 -0.17290
v 0.13780 0.96300 -0.17290
v 0.13780 0.99300 -0.17290
v 0.13780 1.02300 -0.17290
v 0.13780 1.05300 -0.17290
v 0.13780 1.08300 -0.17290
v 0.13780 1.11300 -0.17290
v 0.13780 1.14300 -0.17290
v 0.13810 1.17290 -0.16620
v 0.15080 1.19910 -0.16420
v 0.14910 0.36300 -0.15660
v 0.14910 0.39300 -0.15660
v 0.14910 0.42300 -0.15660
v 0.14910 0.45300 -0.15660
v 0.14910 0.48300 -0.15660
v 0.14910 0.51300 -0.15660
v 0.14910 0.54300 -0.15660
v 0.14910 0.57300 -0.15660
v 0.14910 0.60300 -0.15660
v 0.14910 0.63300 -0.15660
v 0.14910 0.66300 -0.15660
v 0.14910 0.69300 -0.15660
v 0.14910 0.72300 -0.15660
v 0.14910 0.75300 -0.15660
v 0.14910 0.78300 -0.15660
v 0.14910 0.81300 -0.15660
v 0.14910 0.84300 -0.15660
v 0.14910 0.87300 -0.15660
v 0.14910 0.90300 -0.15660
v 0.14910 0.93300 -0.15660
v 0.14910 0.96300 -0.15660
v 0.14910 0.99300 -0.15660
v 0.14910 1.02300 -0.15660
v 0.14910 1.05300 -0.15660
v 0.14910 1.08300 -0.15660
v 0.14910 1.11300 -0.15660
v 0.14910 1.14300 -0.15660
v 0.15270 1.17150 -0.15390
v 0.15850 0.36300 -0.13910
v 0.15850 0.39300 -0.13910
v 0.15850 0.42300 -0.13910
v 0.15850 0.45300 -0.13910
v 0.15850 0.48300 -0.13910
v 0.15850 0.51300 -0.13910
v 0.15850 0.54300 -0.13910
v 0.15850 0.57300 -0.13910
v 0.15850 0.60300 -0.13910
v 0.15850 0.63300 -0.13910
v 0.15850 0.66300 -0.13910
v 0.15850 0.69300 -0.13910
v 0.15850 0.72300 -0.13910
v 0.15850 0.75300 -0.13910
v 0.15850 0.78300 -0.13910
v 0.15850 0.81300 -0.13910
v 0.15850 0.84300 -0.13910
v 0.15850 0.90300 -0.13910
v 0.15850 0.93300 -0.13910
v 0.15850 0.96300 -0.13910
v 0.15850 0.99300 -0.13910
v 0.15850 1.02300 -0.13910
v 0.15850 1.05300 -0.13910
v 0.15850 1.08300 -0.13910
v 0.15850 1.11300 -0.13910
v 0.16590 0.36300 -0.12070
v 0.16590 0.39300 -0.12070
v 0.16590 0.42300 -0.12070
v 0.16590 0.45300 -0.12070
v 0.16590 0.48300 -0.12070
v 0.16590 0.51300 -0.12070
v 0.16590 0.54300 -0.12070
v 0.16590 0.57300 -0.12070
v 0.16590 0.60300 -0.12070
v 0.16590 0.63300 -0.12070
v 0.17110 0.36300 -0.10160
v 0.17110 0.39300 -0.10160
v 0.17110 0.42300 -0.10160
v 0.17110 0.45300 -0.10160
vt 0.00000 0.97010
vt 0.00000 0.00000
vt 1.00000 0.00000
vt 0.85440 0.35000
vt 0.78160 0.55000
vt 0.85440 0.76600
vt 0.82270 0.79900
vt 0.78620 0.83120
vt 0.74490 0.86250
vt 0.69880 0.89300
vt 0.64790 0.92260
vt 0.59220 0.95140
vt 0.53160 0.97940
vt 0.21520 1.00000
vt 0.17220 0.98920
vt 0.12910 0.98090
vt 0.08610 0.97490
vt 0.04300 0.97130
vt 0.07590 0.03090
vt 0.07590 0.06190
vt 0.07590 0.09280
vt 0.07590 0.12370
vt 0.07590 0.15460
vt 0.07590 0.18560
vt 0.07590 0.21650
vt 0.07590 0.24740
vt 0.07590 0.27840
vt 0.07590 0.30930
vt 0.07590 0.34020
vt 0.07590 0.37110
vt 0.07590 0.40210
vt 0.07590 0.43300
vt 0.07590 0.46390
vt 0.07590 0.49480
vt 0.07590 0.52580
vt 0.07590 0.55670
vt 0.07590 0.58760
vt 0.07590 0.61860
vt 0.07590 0.64950
vt 0.07590 0.68040
vt 0.07590 0.71130
vt 0.07590 0.74230
vt 0.07590 0.77320
vt 0.07590 0.80410
vt 0.07590 0.83510
vt 0.07590 0.86600
vt 0.07590 0.89690
vt 0.07590 0.92780
vt 0.07590 0.95880
vt 0.15190 0.03090
vt 0.15190 0.06190
vt 0.15190 0.09280
vt 0.15190 0.12370
vt 0.15190 0.15460
vt 0.15190 0.18560
vt 0.15190 0.21650
vt 0.15190 0.24740
vt 0.15190 0.27840
vt 0.15190 0.30930
vt 0.15190 0.34020
vt 0.15190 0.37110
vt 0.15190 0.40210
vt 0.15190 0.43300
vt 0.15190 0.46390
vt 0.15190 0.49480
vt 0.15190 0.52580
vt 0.15190 0.55670
vt 0.15190 0.58760
vt 0.15190 0.61860
vt 0.15190 0.64950
vt 0.15190 0.68040
vt 0.15190 0.71130
vt 0.15190 0.74230
vt 0.15190 0.77320
vt 0.15190 0.80410
vt 0.15190 0.83510
vt 0.15190 0.86600
vt 0.15190 0.89690
vt 0.15190 0.92780
vt 0.15190 0.95880
vt 0.22780 0.03090
vt 0.22780 0.06190
vt 0.22780 0.09280
vt 0.22780 0.12370
vt 0.22780 0.15460
vt 0.22780 0.18560
vt 0.22780 0.21650
vt 0.22780 0.24740
vt 0.22780 0.27840
vt 0.22780 0.30930
vt 0.22780 0.34020
vt 0.22780 0.37110
vt 0.22780 0.40210
vt 0.22780 0.43300
vt 0.22780 0.46390
vt 0.22780 0.49480
vt 0.22780 0.52580
vt 0.22780 0.55670
vt 0.22780 0.58760
vt 0.22780 0.61860
vt 0.22780 0.64950
vt 0.22780 0.68040
vt 0.22780 0.71130
vt 0.22780 0.74230
vt 0.22780 0.77320
vt 0.22780 0.80410
vt 0.22780 0.83510
vt 0.22780 0.86600
vt 0.22780 0.89690
vt 0.22780 0.92780
vt 0.22780 0.95880
vt 0.30380 0.03090
vt 0.30380 0.06190
vt 0.30380 0.09280
vt 0.30380 0.12370
vt 0.30380 0.15460
vt 0.30380 0.18560
vt 0.30380 0.21650
vt 0.30380 0.24740
vt 0.30380 0.27840
vt 0.30380 0.30930
vt 0.30380 0.34020
vt 0.30380 0.37110
vt 0.30380 0.40210
vt 0.30380 0.43300
vt 0.30380 0.46390
vt 0.30380 0.49480
vt 0.30380 0.52580
vt 0.30380 0.55670
vt 0.30380 0.58760
vt 0.30380 0.61860
vt 0.30380 0.64950
vt 0.30380 0.68040
vt 0.30380 0.71130
vt 0.30380 0.74230
vt 0.30380 0.77320
vt 0.30380 0.80410
vt 0.30380 0.83510
vt 0.30380 0.86600
vt 0.30380 0.89690
vt 0.30380 0.92780
vt 0.30380 0.95880
vt 0.37970 0.03090
vt 0.37970 0.06190
vt 0.37970 0.09280
vt 0.37970 0.12370
vt 0.37970 0.15460
vt 0.37970 0.18560
vt 0.37970 0.21650
vt 0.37970 0.24740
vt 0.37970 0.27840
vt 0.37970 0.30930
vt 0.37970 0.34020
vt 0.37970 0.37110
vt 0.37970 0.40210
vt 0.37970 0.43300
vt 0.37970 0.46390
vt 0.37970 0.49480
vt 0.37970 0.52580
vt 0.37970 0.55670
vt 0.37970 0.58760
vt 0.37970 0.61860
vt 0.37970 0.64950
vt 0.37970 0.68040
vt 0.37970 0.71130
vt 0.37970 0.74230
vt 0.37970 0.77320
vt 0.37970 0.80410
vt 0.37970 0.83510
vt 0.37970 0.86600
vt 0.37970 0.89690
vt 0.37970 0.92780
vt 0.37970 0.95880
vt 0.45570 0.03090
vt 0.45570 0.06190
vt 0.45570 0.09280
vt 0.45570 0.12370
vt 0.45570 0.15460
vt 0.45570 0.18560
vt 0.45570 0.21650
vt 0.45570 0.24740
vt 0.45570 0.27840
vt 0.45570 0.30930
vt 0.45570 0.34020
vt 0.45570 0.37110
vt 0.45570 0.40210
vt 0.45570 0.43300
vt 0.45570 0.46390
vt 0.45570 0.49480
vt 0.45570 0.52580
vt 0.45570 0.55670
vt 0.45570 0.58760
vt 0.45570 0.61860
vt 0.45570 0.64950
vt 0.45570 0.68040
vt 0.45570 0.71130
vt 0.45570 0.74230
vt 0.45570 0.77320
vt 0.45570 0.80410
vt 0.45570 0.83510
vt 0.45570 0.86600
vt 0.45570 0.89690
vt 0.45570 0.92780
vt 0.45570 0.95880
vt 0.53160 0.03090
vt 0.53160 0.06190
vt 0.53160 0.09280
vt 0.53160 0.12370
vt 0.53160 0.15460
vt 0.53160 0.18560
vt 0.53160 0.21650
vt 0.53160 0.24740
vt 0.53160 0.27840
vt 0.53160 0.30930
vt 0.53160 0.34020
vt 0.53160 0.37110
vt 0.53160 0.40210
vt 0.53160 0.43300
vt 0.53160 0.46390
vt 0.53160 0.49480
vt 0.53160 0.52580
vt 0.53160 0.55670
vt 0.53160 0.58760
vt 0.53160 0.61860
vt 0.53160 0.64950
vt 0.53160 0.68040
vt 0.53160 0.71130
vt 0.53160 0.74230
vt 0.53160 0.77320
vt 0.53160 0.80410
vt 0.53160 0.83510
vt 0.53160 0.86600
vt 0.53160 0.89690
vt 0.53160 0.92780
vt 0.53160 0.95880
vt 0.60760 0.03090
vt 0.60760 0.06190
vt 0.60760 0.09280
vt 0.60760 0.12370
vt 0.60760 0.15460
vt 0.60760 0.18560
vt 0.60760 0.21650
vt 0.60760 0.24740
vt 0.60760 0.27840
vt 0.60760 0.30930
vt 0.60760 0.34020
vt 0.60760 0.37110
vt 0.60760 0.40210
vt 0.60760 0.43300
vt 0.60760 0.46390
vt 0.60760 0.49480
vt 0.60760 0.52580
vt 0.60760 0.55670
vt 0.60760 0.58760
vt 0.60760 0.61860
vt 0.60760 0.64950
vt 0.60760 0.68040
vt 0.60760 0.71130
vt 0.60760 0.74230
vt 0.60760 0.77320
vt 0.60760 0.80410
vt 0.60760 0.83510
vt 0.60760 0.86600
vt 0.60760 0.89690
vt 0.68350 0.03090
vt 0.68350 0.06190
vt 0.68350 0.09280
vt 0.68350 0.12370
vt 0.68350 0.15460
vt 0.68350 0.18560
vt 0.68350 0.21650
vt 0.68350 0.24740
vt 0.68350 0.27840
vt 0.68350 0.30930
vt 0.68350 0.34020
vt 0.68350 0.37110
vt 0.68350 0.40210
vt 0.68350 0.43300
vt 0.68350 0.46390
vt 0.68350 0.49480
vt 0.68350 0.52580
vt 0.68350 0.55670
vt 0.68350 0.58760
vt 0.68350 0.61860
vt 0.68350 0.64950
vt 0.68350 0.68040
vt 0.68350 0.71130
vt 0.68350 0.74230
vt 0.68350 0.77320
vt 0.68350 0.80410
vt 0.68350 0.83510
vt 0.68350 0.86600
vt 0.75950 0.03090
vt 0.75950 0.06190
vt 0.75950 0.09280
vt 0.75950 0.12370
vt 0.75950 0.15460
vt 0.75950 0.18560
vt 0.75950 0.21650
vt 0.75950 0.24740
vt 0.75950 0.27840
vt 0.75950 0.30930
vt 0.75950 0.34020
vt 0.75950 0.37110
vt 0.75950 0.40210
vt 0.75950 0.43300
vt 0.75950 0.46390
vt 0.75950 0.49480
vt 0.75950 0.52580
vt 0.75950 0.58760
vt 0.75950 0.61860
vt 0.75950 0.64950
vt 0.75950 0.68040
vt 0.75950 0.71130
vt 0.75950 0.74230
vt 0.75950 0.77320
vt 0.75950 0.80410
vt 0.83540 0.03090
vt 0.83540 0.06190
vt 0.83540 0.09280
vt 0.83540 0.12370
vt 0.83540 0.15460
vt 0.83540 0.18560
vt 0.83540 0.21650
vt 0.83540 0.24740
vt 0.83540 0.27840
vt 0.83540 0.30930
vt 0.91140 0.03090
vt 0.91140 0.06190
vt 0.91140 0.09280
vt 0.91140 0.12370
f 1003/1003 1004/1004 1036/1036
f 1003/1003 1036/1036 1037/1037
f 1003/1003 1037/1037 1038/1038
f 1003/1003 1038/1038 1039/1039
f 1003/1003 1039/1039 1040/1040
f 1003/1003 1040/1040 1041/1041
f 1003/1003 1041/1041 1042/1042
f 1003/1003 1042/1042 1043/1043
f 1003/1003 1043/1043 1044/1044
f 1003/1003 1044/1044 1045/1045
f 1003/1003 1045/1045 1046/1046
f 1003/1003 1046/1046 1047/1047
f 1003/1003 1047/1047 1048/1048
f 1003/1003 1048/1048 1049/1049
f 1003/1003 1049/1049 1050/1050
f 1003/1003 1050/1050 1051/1051
f 1003/1003 1051/1051 1020/1020
f 1016/1016 1017/1017 1113/1113
f 1016/1016 1113/1113 1144/1144
f 1016/1016 1144/1144 1175/1175
f 1016/1016 1175/1175 1015/1015
f 1015/1015 1175/1175 1206/1206
f 1015/1015 1206/1206 1237/1237
f 1015/1015 1237/1237 1014/1014
f 1014/1014 1237/1237 1236/1236
f 1014/1014 1236/1236 1013/1013
f 1013/1013 1236/1236 1266/1266
f 1013/1013 1266/1266 1012/1012
f 1012/1012 1266/1266 1294/1294
f 1012/1012 1294/1294 1011/1011
f 1011/1011 1294/1294 1293/1293
f 1011/1011 1293/1293 1010/1010
f 1010/1010 1293/1293 1319/1319
f 1010/1010 1319/1319 1009/1009
f 1009/1009 1319/1319 1318/1318
f 1009/1009 1318/1318 1008/1008
f 1008/1008 1318/1318 1317/1317
f 1008/1008 1317/1317 1316/1316
f 1008/1008 1316/1316 1315/1315
f 1008/1008 1315/1315 1314/1314
f 1008/1008 1314/1314 1313/1313
f 1008/1008 1313/1313 1007/1007
f 1005/1005 1006/1006 1333/1333
f 1005/1005 1333/1333 1332/1332
f 1005/1005 1332/1332 1331/1331
f 1005/1005 1331/1331 1330/1330
f 1005/1005 1330/1330 1320/1320
f 1005/1005 1320/1320 1295/1295
f 1005/1005 1295/1295 1267/1267
f 1005/1005 1267/1267 1238/1238
f 1005/1005 1238/1238 1207/1207
f 1005/1005 1207/1207 1004/1004
f 1004/1004 1207/1207 1176/1176
f 1004/1004 1176/1176 1145/1145
f 1004/1004 1145/1145 1114/1114
f 1004/1004 1114/1114 1083/1083
f 1004/1004 1083/1083 1052/1052
f 1004/1004 1052/1052 1021/1021
f 1004/1004 1021/1021 1022/1022
f 1004/1004 1022/1022 1023/1023
f 1004/1004 1023/1023 1024/1024
f 1004/1004 1024/1024 1025/1025
f 1004/1004 1025/1025 1026/1026
f 1004/1004 1026/1026 1027/1027
f 1004/1004 1027/1027 1028/1028
f 1004/1004 1028/1028 1029/1029
f 1004/1004 1029/1029 1030/1030
f 1004/1004 1030/1030 1031/1031
f 1004/1004 1031/1031 1032/1032
f 1004/1004 1032/1032 1033/1033
f 1004/1004 1033/1033 1034/1034
f 1004/1004 1034/1034 1035/1035
f 1004/1004 1035/1035 1036/1036
f 1036/1036 1035/1035 1066/1066
f 1036/1036 1066/1066 1067/1067
f 1036/1036 1067/1067 1037/1037
f 1037/1037 1067/1067 1068/1068
f 1037/1037 1068/1068 1038/1038
f 1038/1038 1068/1068 1069/1069
f 1038/1038 1069/1069 1039/1039
f 1039/1039 1069/1069 1070/1070
f 1039/1039 1070/1070 1040/1040
f 1040/1040 1070/1070 1071/1071
f 1040/1040 1071/1071 1041/1041
f 1041/1041 1071/1071 1072/1072
f 1041/1041 1072/1072 1042/1042
f 1042/1042 1072/1072 1073/1073
f 1042/1042 1073/1073 1043/1043
f 1043/1043 1073/1073 1074/1074
f 1043/1043 1074/1074 1044/1044
f 1044/1044 1074/1074 1075/1075
f 1044/1044 1075/1075 1045/1045
f 1045/1045 1075/1075 1076/1076
f 1045/1045 1076/1076 1046/1046
f 1046/1046 1076/1076 1077/1077
f 1046/1046 1077/1077 1047/1047
f 1047/1047 1077/1077 1078/1078
f 1047/1047 1078/1078 1048/1048
f 1048/1048 1078/1078 1079/1079
f 1048/1048 1079/1079 1049/1049
f 1049/1049 1079/1079 1080/1080
f 1049/1049 1080/1080 1050/1050
f 1050/1050 1080/1080 1081/1081
f 1050/1050 1081/1081 1051/1051
f 1051/1051 1081/1081 1082/1082
f 1051/1051 1082/1082 1019/1019
f 1051/1051 1019/1019 1020/1020
f 1019/1019 1082/1082 1018/1018
f 1018/1018 1082/1082 1017/1017
f 1017/1017 1082/1082 1113/1113
f 1113/1113 1082/1082 1112/1112
f 1113/1113 1112/1112 1143/1143
f 1113/1113 1143/1143 1144/1144
f 1144/1144 1143/1143 1174/1174
f 1144/1144 1174/1174 1175/1175
f 1175/1175 1174/1174 1205/1205
f 1175/1175 1205/1205 1206/1206
f 1206/1206 1205/1205 1236/1236
f 1206/1206 1236/1236 1237/1237
f 1236/1236 1205/1205 1235/1235
f 1236/1236 1235/1235 1266/1266
f 1266/1266 1235/1235 1265/1265
f 1266/1266 1265/1265 1294/1294
f 1294/1294 1265/1265 1293/1293
f 1293/1293 1265/1265 1264/1264
f 1293/1293 1264/1264 1292/1292
f 1293/1293 1292/1292 1319/1319
f 1319/1319 1292/1292 1318/1318
f 1318/1318 1292/1292 1291/1291
f 1318/1318 1291/1291 1317/1317
f 1317/1317 1291/1291 1290/1290
f 1317/1317 1290/1290 1316/1316
f 1316/1316 1290/1290 1289/1289
f 1316/1316 1289/1289 1315/1315
f 1315/1315 1289/1289 1288/1288
f 1315/1315 1288/1288 1314/1314
f 1314/1314 1288/1288 1287/1287
f 1314/1314 1287/1287 1313/1313
f 1313/1313 1287/1287 1286/1286
f 1313/1313 1286/1286 1312/1312
f 1313/1313 1312/1312 1007/1007
f 1007/1007 1312/1312 1284/1284
f 1007/1007 1284/1284 1311/1311
f 1007/1007 1311/1311 1310/1310
f 1007/1007 1310/1310 1006/1006
f 1006/1006 1310/1310 1309/1309
f 1006/1006 1309/1309 1308/1308
f 1006/1006 1308/1308 1307/1307
f 1006/1006 1307/1307 1306/1306
f 1006/1006 1306/1306 1305/1305
f 1006/1006 1305/1305 1329/1329
f 1006/1006 1329/1329 1328/1328
f 1006/1006 1328/1328 1333/1333
f 1333/1333 1328/1328 1327/1327
f 1333/1333 1327/1327 1326/1326
f 1333/1333 1326/1326 1325/1325
f 1333/1333 1325/1325 1324/1324
f 1333/1333 1324/1324 1323/1323
f 1333/1333 1323/1323 1332/1332
f 1332/1332 1323/1323 1322/1322
f 1332/1332 1322/1322 1331/1331
f 1331/1331 1322/1322 1321/1321
f 1331/1331 1321/1321 1330/1330
f 1330/1330 1321/1321 1320/1320
f 1320/1320 1321/1321 1296/1296
f 1320/1320 1296/1296 1295/1295
f 1295/1295 1296/1296 1268/1268
f 1295/1295 1268/1268 1267/1267
f 1267/1267 1268/1268 1239/1239
f 1267/1267 1239/1239 1238/1238
f 1238/1238 1239/1239 1208/1208
f 1238/1238 1208/1208 1207/1207
f 1207/1207 1208/1208 1177/1177
f 1207/1207 1177/1177 1176/1176
f 1176/1176 1177/1177 1146/1146
f 1176/1176 1146/1146 1145/1145
f 1145/1145 1146/1146 1115/1115
f 1145/1145 1115/1115 1114/1114
f 1114/1114 1115/1115 1084/1084
f 1114/1114 1084/1084 1083/1083
f 1083/1083 1084/1084 1053/1053
f 1083/1083 1053/1053 1052/1052
f 1052/1052 1053/1053 1022/1022
f 1052/1052 1022/1022 1021/1021
f 1022/1022 1053/1053 1023/1023
f 1023/1023 1053/1053 1054/1054
f 1023/1023 1054/1054 1024/1024
f 1024/1024 1054/1054 1055/1055
f 1024/1024 1055/1055 1025/1025
f 1025/1025 1055/1055 1056/1056
f 1025/1025 1056/1056 1026/1026
f 1026/1026 1056/1056 1057/1057
f 1026/1026 1057/1057 1027/1027
f 1027/1027 1057/1057 1058/1058
f 1027/1027 1058/1058 1028/1028
f 1028/1028 1058/1058 1059/1059
f 1028/1028 1059/1059 1029/1029
f 1029/1029 1059/1059 1060/1060
f 1029/1029 1060/1060 1030/1030
f 1030/1030 1060/1060 1061/1061
f 1030/1030 1061/1061 1031/1031
f 1031/1031 1061/1061 1062/1062
f 1031/1031 1062/1062 1032/1032
f 1032/1032 1062/1062 1063/1063
f 1032/1032 1063/1063 1033/1033
f 1033/1033 1063/1063 1064/1064
f 1033/1033 1064/1064 1034/1034
f 1034/1034 1064/1064 1065/1065
f 1034/1034 1065/1065 1035/1035
f 1035/1035 1065/1065 1066/1066
f 1066/1066 1065/1065 1096/1096
f 1066/1066 1096/1096 1097/1097
f 1066/1066 1097/1097 1067/1067
f 1067/1067 1097/1097 1098/1098
f 1067/1067 1098/1098 1068/1068
f 1068/1068 1098/1098 1099/1099
f 1068/1068 1099/1099 1069/1069
f 1069/1069 1099/1099 1100/1100
f 1069/1069 1100/1100 1070/1070
f 1070/1070 1100/1100 1101/1101
f 1070/1070 1101/1101 1071/1071
f 1071/1071 1101/1101 1102/1102
f 1071/1071 1102/1102 1072/1072
f 1072/1072 1102/1102 1103/1103
f 1072/1072 1103/1103 1073/1073
f 1073/1073 1103/1103 1104/1104
f 1073/1073 1104/1104 1074/1074
f 1074/1074 1104/1104 1105/1105
f 1074/1074 1105/1105 1075/1075
f 1075/1075 1105/1105 1106/1106
f 1075/1075 1106/1106 1076/1076
f 1076/1076 1106/1106 1107/1107
f 1076/1076 1107/1107 1077/1077
f 1077/1077 1107/1107 1108/1108
f 1077/1077 1108/1108 1078/1078
f 1078/1078 1108/1108 1109/1109
f 1078/1078 1109/1109 1079/1079
f 1079/1079 1109/1109 1110/1110
f 1079/1079 1110/1110 1080/1080
f 1080/1080 1110/1110 1111/1111
f 1080/1080 1111/1111 1081/1081
f 1081/1081 1111/1111 1112/1112
f 1081/1081 1112/1112 1082/1082
f 1112/1112 1111/1111 1142/1142
f 1112/1112 1142/1142 1143/1143
f 1143/1143 1142/1142 1173/1173
f 1143/1143 1173/1173 1174/1174
f 1174/1174 1173/1173 1204/1204
f 1174/1174 1204/1204 1205/1205
f 1205/1205 1204/1204 1235/1235
f 1235/1235 1204/1204 1234/1234
f 1235/1235 1234/1234 1265/1265
f 1265/1265 1234/1234 1264/1264
f 1264/1264 1234/1234 1233/1233
f 1264/1264 1233/1233 1263/1263
f 1264/1264 1263/1263 1292/1292
f 1292/1292 1263/1263 1291/1291
f 1291/1291 1263/1263 1262/1262
f 1291/1291 1262/1262 1290/1290
f 1290/1290 1262/1262 1261/1261
f 1290/1290 1261/1261 1289/1289
f 1289/1289 1261/1261 1260/1260
f 1289/1289 1260/1260 1288/1288
f 1288/1288 1260/1260 1259/1259
f 1288/1288 1259/1259 1287/1287
f 1287/1287 1259/1259 1258/1258
f 1287/1287 1258/1258 1286/1286
f 1286/1286 1258/1258 1257/1257
f 1286/1286 1257/1257 1285/1285
f 1286/1286 1285/1285 1312/1312
f 1312/1312 1285/1285 1284/1284
f 1284/1284 1285/1285 1256/1256
f 1284/1284 1256/1256 1255/1255
f 1284/1284 1255/1255 1283/1283
f 1284/1284 1283/1283 1311/1311
f 1311/1311 1283/1283 1310/1310
f 1310/1310 1283/1283 1282/1282
f 1310/1310 1282/1282 1309/1309
f 1309/1309 1282/1282 1281/1281
f 1309/1309 1281/1281 1308/1308
f 1308/1308 1281/1281 1280/1280
f 1308/1308 1280/1280 1307/1307
f 1307/1307 1280/1280 1279/1279
f 1307/1307 1279/1279 1306/1306
f 1306/1306 1279/1279 1278/1278
f 1306/1306 1278/1278 1305/1305
f 1305/1305 1278/1278 1277/1277
f 1305/1305 1277/1277 1304/1304
f 1305/1305 1304/1304 1329/1329
f 1329/1329 1304/1304 1328/1328
f 1328/1328 1304/1304 1303/1303
f 1328/1328 1303/1303 1327/1327
f 1327/1327 1303/1303 1302/1302
f 1327/1327 1302/1302 1326/1326
f 1326/1326 1302/1302 1301/1301
f 1326/1326 1301/1301 1325/1325
f 1325/1325 1301/1301 1300/1300
f 1325/1325 1300/1300 1324/1324
f 1324/1324 1300/1300 1299/1299
f 1324/1324 1299/1299 1323/1323
f 1323/1323 1299/1299 1298/1298
f 1323/1323 1298/1298 1322/1322
f 1322/1322 1298/1298 1297/1297
f 1322/1322 1297/1297 1321/1321
f 1321/1321 1297/1297 1296/1296
f 1296/1296 1297/1297 1269/1269
f 1296/1296 1269/1269 1268/1268
f 1268/1268 1269/1269 1240/1240
f 1268/1268 1240/1240 1239/1239
f 1239/1239 1240/1240 1209/1209
f 1239/1239 1209/1209 1208/1208
f 1208/1208 1209/1209 1178/1178
f 1208/1208 1178/1178 1177/1177
f 1177/1177 1178/1178 1147/1147
f 1177/1177 1147/1147 1146/1146
f 1146/1146 1147/1147 1116/1116
f 1146/1146 1116/1116 1115/1115
f 1115/1115 1116/1116 1085/1085
f 1115/1115 1085/1085 1084/1084
f 1084/1084 1085/1085 1054/1054
f 1084/1084 1054/1054 1053/1053
f 1054/1054 1085/1085 1055/1055
f 1055/1055 1085/1085 1086/1086
f 1055/1055 1086/1086 1056/1056
f 1056/1056 1086/1086 1087/1087
f 1056/1056 1087/1087 1057/1057
f 1057/1057 1087/1087 1088/1088
f 1057/1057 1088/1088 1058/1058
f 1058/1058 1088/1088 1089/1089
f 1058/1058 1089/1089 1059/1059
f 1059/1059 1089/1089 1090/1090
f 1059/1059 1090/1090 1060/1060
f 1060/1060 1090/1090 1091/1091
f 1060/1060 1091/1091 1061/1061
f 1061/1061 1091/1091 1092/1092
f 1061/1061 1092/1092 1062/1062
f 1062/1062 1092/1092 1093/1093
f 1062/1062 1093/1093 1063/1063
f 1063/1063 1093/1093 1094/1094
f 1063/1063 1094/1094 1064/1064
f 1064/1064 1094/1094 1095/1095
f 1064/1064 1095/1095 1065/1065
f 1065/1065 1095/1095 1096/1096
f 1096/1096 1095/1095 1126/1126
f 1096/1096 1126/1126 1127/1127
f 1096/1096 1127/1127 1097/1097
f 1097/1097 1127/1127 1128/1128
f 1097/1097 1128/1128 1098/1098
f 1098/1098 1128/1128 1129/1129
f 1098/1098 1129/1129 1099/1099
f 1099/1099 1129/1129 1130/1130
f 1099/1099 1130/1130 1100/1100
f 1100/1100 1130/1130 1131/1131
f 1100/1100 1131/1131 1101/1101
f 1101/1101 1131/1131 1132/1132
f 1101/1101 1132/1132 1102/1102
f 1102/1102 1132/1132 1133/1133
f 1102/1102 1133/1133 1103/1103
f 1103/1103 1133/1133 1134/1134
f 1103/1103 1134/1134 1104/1104
f 1104/1104 1134/1134 1135/1135
f 1104/1104 1135/1135 1105/1105
f 1105/1105 1135/1135 1136/1136
f 1105/1105 1136/1136 1106/1106
f 1106/1106 1136/1136 1137/1137
f 1106/1106 1137/1137 1107/1107
f 1107/1107 1137/1137 1138/1138
f 1107/1107 1138/1138 1108/1108
f 1108/1108 1138/1138 1139/1139
f 1108/1108 1139/1139 1109/1109
f 1109/1109 1139/1139 1140/1140
f 1109/1109 1140/1140 1110/1110
f 1110/1110 1140/1140 1141/1141
f 1110/1110 1141/1141 1111/1111
f 1111/1111 1141/1141 1142/1142
f 1142/1142 1141/1141 1172/1172
f 1142/1142 1172/1172 1173/1173
f 1173/1173 1172/1172 1203/1203
f 1173/1173 1203/1203 1204/1204
f 1204/1204 1203/1203 1234/1234
f 1234/1234 1203/1203 1233/1233
f 1233/1233 1203/1203 1202/1202
f 1233/1233 1202/1202 1232/1232
f 1233/1233 1232/1232 1263/1263
f 1263/1263 1232/1232 1262/1262
f 1262/1262 1232/1232 1231/1231
f 1262/1262 1231/1231 1261/1261
f 1261/1261 1231/1231 1230/1230
f 1261/1261 1230/1230 1260/1260
f 1260/1260 1230/1230 1229/1229
f 1260/1260 1229/1229 1259/1259
f 1259/1259 1229/1229 1228/1228
f 1259/1259 1228/1228 1258/1258
f 1258/1258 1228/1228 1227/1227
f 1258/1258 1227/1227 1257/1257
f 1257/1257 1227/1227 1226/1226
f 1257/1257 1226/1226 1256/1256
f 1257/1257 1256/1256 1285/1285
f 1256/1256 1226/1226 1225/1225
f 1256/1256 1225/1225 1255/1255
f 1255/1255 1225/1225 1224/1224
f 1255/1255 1224/1224 1254/1254
f 1255/1255 1254/1254 1283/1283
f 1283/1283 1254/1254 1282/1282
f 1282/1282 1254/1254 1253/1253
f 1282/1282 1253/1253 1281/1281
f 1281/1281 1253/1253 1252/1252
f 1281/1281 1252/1252 1280/1280
f 1280/1280 1252/1252 1251/1251
f 1280/1280 1251/1251 1279/1279
f 1279/1279 1251/1251 1250/1250
f 1279/1279 1250/1250 1278/1278
f 1278/1278 1250/1250 1249/1249
f 1278/1278 1249/1249 1277/1277
f 1277/1277 1249/1249 1248/1248
f 1277/1277 1248/1248 1276/1276
f 1277/1277 1276/1276 1304/1304
f 1304/1304 1276/1276 1303/1303
f 1303/1303 1276/1276 1275/1275
f 1303/1303 1275/1275 1302/1302
f 1302/1302 1275/1275 1274/1274
f 1302/1302 1274/1274 1301/1301
f 1301/1301 1274/1274 1273/1273
f 1301/1301 1273/1273 1300/1300
f 1300/1300 1273/1273 1272/1272
f 1300/1300 1272/1272 1299/1299
f 1299/1299 1272/1272 1271/1271
f 1299/1299 1271/1271 1298/1298
f 1298/1298 1271/1271 1270/1270
f 1298/1298 1270/1270 1297/1297
f 1297/1297 1270/1270 1269/1269
f 1269/1269 1270/1270 1241/1241
f 1269/1269 1241/1241 1240/1240
f 1240/1240 1241/1241 1210/1210
f 1240/1240 1210/1210 1209/1209
f 1209/1209 1210/1210 1179/1179
f 1209/1209 1179/1179 1178/1178
f 1178/1178 1179/1179 1148/1148
f 1178/1178 1148/1148 1147/1147
f 1147/1147 1148/1148 1117/1117
f 1147/1147 1117/1117 1116/1116
f 1116/1116 1117/1117 1086/1086
f 1116/1116 1086/1086 1085/1085
f 1086/1086 1117/1117 1087/1087
f 1087/1087 1117/1117 1118/1118
f 1087/1087 1118/1118 1088/1088
f 1088/1088 1118/1118 1119/1119
f 1088/1088 1119/1119 1089/1089
f 1089/1089 1119/1119 1120/1120
f 1089/1089 1120/1120 1090/1090
f 1090/1090 1120/1120 1121/1121
f 1090/1090 1121/1121 1091/1091
f 1091/1091 1121/1121 1122/1122
f 1091/1091 1122/1122 1092/1092
f 1092/1092 1122/1122 1123/1123
f 1092/1092 1123/1123 1093/1093
f 1093/1093 1123/1123 1124/1124
f 1093/1093 1124/1124 1094/1094
f 1094/1094 1124/1124 1125/1125
f 1094/1094 1125/1125 1095/1095
f 1095/1095 1125/1125 1126/1126
f 1126/1126 1125/1125 1156/1156
f 1126/1126 1156/1156 1157/1157
f 1126/1126 1157/1157 1127/1127
f 1127/1127 1157/1157 1158/1158
f 1127/1127 1158/1158 1128/1128
f 1128/1128 1158/1158 1159/1159
f 1128/1128 1159/1159 1129/1129
f 1129/1129 1159/1159 1160/1160
f 1129/1129 1160/1160 1130/1130
f 1130/1130 1160/1160 1161/1161
f 1130/1130 1161/1161 1131/1131
f 1131/1131 1161/1161 1162/1162
f 1131/1131 1162/1162 1132/1132
f 1132/1132 1162/1162 1163/1163
f 1132/1132 1163/1163 1133/1133
f 1133/1133 1163/1163 1164/1164
f 1133/1133 1164/1164 1134/1134
f 1134/1134 1164/1164 1165/1165
f 1134/1134 1165/1165 1135/1135
f 1135/1135 1165/1165 1166/1166
f 1135/1135 1166/1166 1136/1136
f 1136/1136 1166/1166 1167/1167
f 1136/1136 1167/1167 1137/1137
f 1137/1137 1167/1167 1168/1168
f 1137/1137 1168/1168 1138/1138
f 1138/1138 1168/1168 1169/1169
f 1138/1138 1169/1169 1139/1139
f 1139/1139 1169/1169 1170/1170
f 1139/1139 1170/1170 1140/1140
f 1140/1140 1170/1170 1171/1171
f 1140/1140 1171/1171 1141/1141
f 1141/1141 1171/1171 1172/1172
f 1172/1172 1171/1171 1202/1202
f 1172/1172 1202/1202 1203/1203
f 1202/1202 1171/1171 1201/1201
f 1202/1202 1201/1201 1232/1232
f 1232/1232 1201/1201 1231/1231
f 1231/1231 1201/1201 1200/1200
f 1231/1231 1200/1200 1230/1230
f 1230/1230 1200/1200 1199/1199
f 1230/1230 1199/1199 1229/1229
f 1229/1229 1199/1199 1198/1198
f 1229/1229 1198/1198 1228/1228
f 1228/1228 1198/1198 1197/1197
f 1228/1228 1197/1197 1227/1227
f 1227/1227 1197/1197 1196/1196
f 1227/1227 1196/1196 1226/1226
f 1226/1226 1196/1196 1195/1195
f 1226/1226 1195/1195 1225/1225
f 1225/1225 1195/1195 1194/1194
f 1225/1225 1194/1194 1224/1224
f 1224/1224 1194/1194 1193/1193
f 1224/1224 1193/1193 1223/1223
f 1224/1224 1223/1223 1254/1254
f 1254/1254 1223/1223 1253/1253
f 1253/1253 1223/1223 1222/1222
f 1253/1253 1222/1222 1252/1252
f 1252/1252 1222/1222 1221/1221
f 1252/1252 1221/1221 1251/1251
f 1251/1251 1221/1221 1220/1220
f 1251/1251 1220/1220 1250/1250
f 1250/1250 1220/1220 1219/1219
f 1250/1250 1219/1219 1249/1249
f 1249/1249 1219/1219 1218/1218
f 1249/1249 1218/1218 1248/1248
f 1248/1248 1218/1218 1217/1217
f 1248/1248 1217/1217 1247/1247
f 1248/1248 1247/1247 1276/1276
f 1276/1276 1247/1247 1275/1275
f 1275/1275 1247/1247 1246/1246
f 1275/1275 1246/1246 1274/1274
f 1274/1274 1246/1246 1245/1245
f 1274/1274 1245/1245 1273/1273
f 1273/1273 1245/1245 1244/1244
f 1273/1273 1244/1244 1272/1272
f 1272/1272 1244/1244 1243/1243
f 1272/1272 1243/1243 1271/1271
f 1271/1271 1243/1243 1242/1242
f 1271/1271 1242/1242 1270/1270
f 1270/1270 1242/1242 1241/1241
f 1241/1241 1242/1242 1211/1211
f 1241/1241 1211/1211 1210/1210
f 1210/1210 1211/1211 1180/1180
f 1210/1210 1180/1180 1179/1179
f 1179/1179 1180/1180 1149/1149
f 1179/1179 1149/1149 1148/1148
f 1148/1148 1149/1149 1118/1118
f 1148/1148 1118/1118 1117/1117
f 1118/1118 1149/1149 1119/1119
f 1119/1119 1149/1149 1150/1150
f 1119/1119 1150/1150 1120/1120
f 1120/1120 1150/1150 1151/1151
f 1120/1120 1151/1151 1121/1121
f 1121/1121 1151/1151 1152/1152
f 1121/1121 1152/1152 1122/1122
f 1122/1122 1152/1152 1153/1153
f 1122/1122 1153/1153 1123/1123
f 1123/1123 1153/1153 1154/1154
f 1123/1123 1154/1154 1124/1124
f 1124/1124 1154/1154 1155/1155
f 1124/1124 1155/1155 1125/1125
f 1125/1125 1155/1155 1156/1156
f 1156/1156 1155/1155 1186/1186
f 1156/1156 1186/1186 1187/1187
f 1156/1156 1187/1187 1157/1157
f 1157/1157 1187/1187 1188/1188
f 1157/1157 1188/1188 1158/1158
f 1158/1158 1188/1188 1189/1189
f 1158/1158 1189/1189 1159/1159
f 1159/1159 1189/1189 1190/1190
f 1159/1159 1190/1190 1160/1160
f 1160/1160 1190/1190 1191/1191
f 1160/1160 1191/1191 1161/1161
f 1161/1161 1191/1191 1192/1192
f 1161/1161 1192/1192 1162/1162
f 1162/1162 1192/1192 1193/1193
f 1162/1162 1193/1193 1163/1163
f 1163/1163 1193/1193 1194/1194
f 1163/1163 1194/1194 1164/1164
f 1164/1164 1194/1194 1195/1195
f 1164/1164 1195/1195 1165/1165
f 1165/1165 1195/1195 1196/1196
f 1165/1165 1196/1196 1166/1166
f 1166/1166 1196/1196 1197/1197
f 1166/1166 1197/1197 1167/1167
f 1167/1167 1197/1197 1198/1198
f 1167/1167 1198/1198 1168/1168
f 1168/1168 1198/1198 1199/1199
f 1168/1168 1199/1199 1169/1169
f 1169/1169 1199/1199 1200/1200
f 1169/1169 1200/1200 1170/1170
f 1170/1170 1200/1200 1201/1201
f 1170/1170 1201/1201 1171/1171
f 1193/1193 1192/1192 1223/1223
f 1223/1223 1192/1192 1222/1222
f 1222/1222 1192/1192 1191/1191
f 1222/1222 1191/1191 1221/1221
f 1221/1221 1191/1191 1190/1190
f 1221/1221 1190/1190 1220/1220
f 1220/1220 1190/1190 1189/1189
f 1220/1220 1189/1189 1219/1219
f 1219/1219 1189/1189 1188/1188
f 1219/1219 1188/1188 1218/1218
f 1218/1218 1188/1188 1187/1187
f 1218/1218 1187/1187 1217/1217
f 1217/1217 1187/1187 1186/1186
f 1217/1217 1186/1186 1216/1216
f 1217/1217 1216/1216 1247/1247
f 1247/1247 1216/1216 1246/1246
f 1246/1246 1216/1216 1215/1215
f 1246/1246 1215/1215 1245/1245
f 1245/1245 1215/1215 1214/1214
f 1245/1245 1214/1214 1244/1244
f 1244/1244 1214/1214 1213/1213
f 1244/1244 1213/1213 1243/1243
f 1243/1243 1213/1213 1212/1212
f 1243/1243 1212/1212 1242/1242
f 1242/1242 1212/1212 1211/1211
f 1211/1211 1212/1212 1181/1181
f 1211/1211 1181/1181 1180/1180
f 1180/1180 1181/1181 1150/1150
f 1180/1180 1150/1150 1149/1149
f 1150/1150 1181/1181 1151/1151
f 1151/1151 1181/1181 1182/1182
f 1151/1151 1182/1182 1152/1152
f 1152/1152 1182/1182 1183/1183
f 1152/1152 1183/1183 1153/1153
f 1153/1153 1183/1183 1184/1184
f 1153/1153 1184/1184 1154/1154
f 1154/1154 1184/1184 1185/1185
f 1154/1154 1185/1185 1155/1155
f 1155/1155 1185/1185 1186/1186
f 1186/1186 1185/1185 1216/1216
f 1216/1216 1185/1185 1215/1215
f 1215/1215 1185/1185 1184/1184
f 1215/1215 1184/1184 1214/1214
f 1214/1214 1184/1184 1183/1183
f 1214/1214 1183/1183 1213/1213
f 1213/1213 1183/1183 1182/1182
f 1213/1213 1182/1182 1212/1212
f 1212/1212 1182/1182 1181/1181
