# Kloth Garment Template Generator - Exported Simulated OBJ

g front_panel
usemtl Material_front_panel
v 0.10770 1.36570 -0.09200
v 0.13220 1.35740 -0.09200
v 0.15180 1.34900 -0.09200
v 0.16570 1.34070 -0.08680
v 0.17480 1.33190 -0.07070
v 0.18400 1.31490 -0.05050
v 0.19140 1.29610 -0.04310
v 0.20810 1.27460 -0.04410
v 0.17710 1.19590 -0.14600
v 0.17340 1.20470 -0.03520
v 0.17460 1.18460 -0.05390
v 0.17440 1.15730 -0.05080
v 0.17440 1.13000 -0.05080
v 0.17440 1.10260 -0.05070
v 0.17440 1.07520 -0.05070
v 0.17440 1.04780 -0.05060
v 0.17440 1.02050 -0.05060
v 0.17440 0.99310 -0.05050
v 0.17400 0.96570 -0.04590
v 0.17400 0.93710 -0.04610
v 0.17400 0.90860 -0.04640
v 0.17400 0.88000 -0.04660
v 0.17400 0.85140 -0.04680
v 0.17630 0.82310 -0.04700
v 0.18000 0.79500 -0.04660
v 0.18340 0.76650 -0.05240
v 0.18490 0.73770 -0.05320
v 0.18730 0.70850 -0.05410
v 0.18720 0.67890 -0.05470
v 0.18540 0.64960 -0.05490
v 0.18220 0.62130 -0.05440
v 0.17880 0.59290 -0.05420
v 0.17460 0.56480 -0.05310
v 0.17460 0.53610 -0.05310
v 0.17460 0.50740 -0.05310
v 0.17460 0.47870 -0.05310
v 0.17460 0.45010 -0.05310
v 0.17460 0.42140 -0.05310
v 0.17460 0.39270 -0.05310
v 0.17460 0.36400 -0.05310
v 0.17460 0.33530 -0.05310
v 0.17460 0.30660 -0.05310
v 0.17460 0.27790 -0.05310
v 0.17460 0.24920 -0.05310
v 0.17460 0.22050 -0.05310
v 0.17460 0.19180 -0.05310
v 0.17460 0.16310 -0.05310
v 0.17460 0.13440 -0.05310
v 0.17470 0.10570 -0.05400
v 0.17100 0.10470 -0.02790
v 0.16350 0.10370 -0.00260
v 0.15230 0.10270 0.02120
v 0.13760 0.10170 0.04310
v 0.11980 0.10070 0.06260
v 0.09930 0.09970 0.07910
v 0.07650 0.09870 0.09240
v 0.05200 0.09770 0.10210
v 0.02630 0.09670 0.10800
v 0.00000 0.09570 0.11000
v -0.02630 0.09670 0.10800
v -0.05200 0.09770 0.10210
v -0.07650 0.09870 0.09240
v -0.09930 0.09970 0.07910
v -0.11980 0.10070 0.06260
v -0.13760 0.10170 0.04310
v -0.15230 0.10270 0.02120
v -0.16350 0.10370 -0.00260
v -0.17100 0.10470 -0.02790
v -0.17470 0.10570 -0.05400
v -0.17460 0.13440 -0.05310
v -0.17460 0.16310 -0.05310
v -0.17460 0.19180 -0.05310
v -0.17460 0.22050 -0.05310
v -0.17460 0.24920 -0.05310
v -0.17460 0.27790 -0.05310
v -0.17460 0.30660 -0.05310
v -0.17460 0.33530 -0.05310
v -0.17460 0.36400 -0.05310
v -0.17460 0.39270 -0.05310
v -0.17460 0.42140 -0.05310
v -0.17460 0.45010 -0.05310
v -0.17460 0.47870 -0.05310
v -0.17460 0.50740 -0.05310
v -0.17460 0.53610 -0.05310
v -0.17760 0.56430 -0.05370
v -0.18190 0.59240 -0.05500
v -0.18560 0.62090 -0.05500
v -0.18890 0.64920 -0.05550
v -0.19080 0.67870 -0.05520
v -0.19070 0.70860 -0.05440
v -0.18840 0.73810 -0.05330
v -0.18650 0.76690 -0.05210
v -0.18230 0.79520 -0.04820
v -0.17960 0.82350 -0.04690
v -0.17440 0.85150 -0.04680
v -0.17400 0.88000 -0.04660
v -0.17400 0.90860 -0.04640
v -0.17400 0.93710 -0.04610
v -0.17400 0.96570 -0.04590
v -0.17440 0.99310 -0.05050
v -0.17440 1.02050 -0.05060
v -0.17440 1.04780 -0.05060
v -0.17440 1.07520 -0.05070
v -0.17440 1.10260 -0.05070
v -0.17440 1.13000 -0.05080
v -0.17440 1.15730 -0.05080
v -0.17450 1.18460 -0.05390
v -0.17430 1.20410 -0.03510
v -0.17770 1.20060 -0.14880
v -0.20580 1.27900 -0.04440
v -0.19140 1.29640 -0.04280
v -0.18420 1.31480 -0.05000
v -0.17520 1.33310 -0.07030
v -0.16570 1.34070 -0.08680
v -0.15180 1.34900 -0.09200
v -0.13220 1.35740 -0.09200
v -0.10770 1.36570 -0.09200
v -0.09190 1.32320 -0.04260
v -0.07490 1.28850 0.04040
v -0.05700 1.26150 0.10050
v -0.03840 1.24210 0.10570
v -0.01930 1.23060 0.10890
v 0.00000 1.22670 0.11000
v 0.01930 1.23060 0.10890
v 0.03840 1.24210 0.10570
v 0.05700 1.26150 0.10050
v 0.07490 1.28850 0.04040
v 0.09190 1.32320 -0.04260
v -0.17070 0.12570 -0.02630
v -0.17080 0.15570 -0.02710
v -0.17100 0.18570 -0.02790
v -0.17120 0.21570 -0.02870
v -0.17140 0.24570 -0.02950
v -0.17150 0.27570 -0.03030
v -0.17170 0.30570 -0.03110
v -0.17180 0.33570 -0.03190
v -0.17220 0.36570 -0.03360
v -0.17230 0.39570 -0.03440
v -0.16230 0.12570 0.00040
v -0.16260 0.15570 -0.00020
v -0.16280 0.18570 -0.00090
v -0.16310 0.21570 -0.00160
v -0.16340 0.24570 -0.00220
v -0.16360 0.27570 -0.00290
v -0.16390 0.30570 -0.00360
v -0.16410 0.33570 -0.00430
v -0.16460 0.36570 -0.00570
v -0.16490 0.39570 -0.00640
v -0.16510 0.42570 -0.00710
v -0.16540 0.45570 -0.00780
v -0.16560 0.48570 -0.00860
v -0.16590 0.51570 -0.00930
v -0.17040 0.54450 -0.00930
v -0.17640 0.57390 -0.00920
v -0.18010 0.60400 -0.00960
v -0.18280 0.63410 -0.00970
v -0.18440 0.66460 -0.00910
v -0.18510 0.69560 -0.00900
v -0.18350 0.72660 -0.00880
v -0.18150 0.75710 -0.00920
v -0.17870 0.78800 -0.00970
v -0.17640 0.81680 -0.02060
v -0.14980 0.12570 0.02550
v -0.15010 0.15570 0.02490
v -0.15040 0.18570 0.02440
v -0.15080 0.21570 0.02390
v -0.15110 0.24570 0.02330
v -0.15140 0.27570 0.02280
v -0.15170 0.30570 0.02220
v -0.15200 0.33570 0.02170
v -0.15260 0.36570 0.02060
v -0.15300 0.39570 0.02000
v -0.15330 0.42570 0.01940
v -0.15360 0.45570 0.01890
v -0.15390 0.48570 0.01830
v -0.15420 0.51570 0.01770
v -0.15480 0.54560 0.01730
v -0.15980 0.57490 0.01960
v -0.16390 0.60470 0.02110
v -0.16580 0.63500 0.02230
v -0.16740 0.66570 0.02330
v -0.16720 0.69660 0.02390
v -0.16610 0.72700 0.02230
v -0.16440 0.75670 0.01980
v -0.16100 0.78680 0.01670
v -0.16220 0.81630 0.00910
v -0.16150 0.84570 0.00240
v -0.16370 0.87570 -0.00300
v -0.16570 0.90570 -0.00880
v -0.16770 0.93570 -0.01500
v -0.16960 0.96570 -0.02170
v -0.16980 0.99570 -0.02280
v -0.16910 1.02570 -0.01980
v -0.16830 1.05570 -0.01700
v -0.16750 1.08570 -0.01430
v -0.16670 1.11570 -0.01160
v -0.16580 1.14570 -0.00900
v -0.16490 1.17570 -0.00650
v -0.16490 1.20570 -0.00650
v -0.13350 0.12570 0.04820
v -0.13380 0.15570 0.04780
v -0.13410 0.18570 0.04740
v -0.13450 0.21570 0.04700
v -0.13480 0.24570 0.04660
v -0.13510 0.27570 0.04620
v -0.13550 0.30570 0.04580
v -0.13580 0.33570 0.04540
v -0.13650 0.36570 0.04450
v -0.13680 0.39570 0.04410
v -0.13720 0.42570 0.04360
v -0.13750 0.45570 0.04320
v -0.13790 0.48570 0.04280
v -0.13820 0.51570 0.04230
v -0.13860 0.54570 0.04190
v -0.13890 0.57570 0.04140
v -0.13970 0.60560 0.04160
v -0.14180 0.63540 0.04400
v -0.14310 0.66560 0.04520
v -0.14320 0.69600 0.04480
v -0.14230 0.72610 0.04220
v -0.14100 0.75570 0.03860
v -0.14140 0.78570 0.03810
v -0.14390 0.81570 0.03450
v -0.14650 0.84570 0.03070
v -0.14920 0.87570 0.02650
v -0.15180 0.90570 0.02210
v -0.15450 0.93570 0.01720
v -0.15710 0.96570 0.01200
v -0.15750 0.99570 0.01120
v -0.15640 1.02570 0.01350
v -0.15530 1.05570 0.01570
v -0.15420 1.08570 0.01780
v -0.15300 1.11570 0.01990
v -0.15190 1.14570 0.02190
v -0.15080 1.17570 0.02380
v -0.15080 1.20570 0.02380
v -0.17530 1.23790 -0.01780
v -0.17150 1.26670 -0.02340
v -0.11370 0.12570 0.06800
v -0.11400 0.15570 0.06770
v -0.11430 0.18570 0.06750
v -0.11470 0.21570 0.06720
v -0.11500 0.24570 0.06690
v -0.11530 0.27570 0.06660
v -0.11560 0.30570 0.06630
v -0.11600 0.33570 0.06610
v -0.11660 0.36570 0.06550
v -0.11700 0.39570 0.06520
v -0.11730 0.42570 0.06490
v -0.11760 0.45570 0.06460
v -0.11800 0.48570 0.06430
v -0.11830 0.51570 0.06390
v -0.11870 0.54570 0.06360
v -0.11900 0.57570 0.06330
v -0.11930 0.60570 0.06300
v -0.11970 0.63570 0.06270
v -0.12000 0.66570 0.06230
v -0.12040 0.69570 0.06200
v -0.12070 0.72570 0.06170
v -0.12110 0.75570 0.06130
v -0.12140 0.78570 0.06100
v -0.12400 0.81570 0.05850
v -0.12660 0.84570 0.05580
v -0.12940 0.87570 0.05280
v -0.13220 0.90570 0.04970
v -0.13510 0.93570 0.04620
v -0.13810 0.96570 0.04250
v -0.13850 0.99570 0.04190
v -0.13720 1.02570 0.04360
v -0.13600 1.05570 0.04510
v -0.13470 1.08570 0.04670
v -0.13350 1.11570 0.04810
v -0.13230 1.14570 0.04960
v -0.13110 1.17570 0.05090
v -0.13110 1.20570 0.05090
v -0.15580 1.23570 0.01460
v -0.15580 1.26570 0.01460
v -0.15580 1.29570 -0.02540
v -0.15620 1.33200 -0.06050
v -0.09100 0.12570 0.08450
v -0.09130 0.15570 0.08430
v -0.09160 0.18570 0.08410
v -0.09190 0.21570 0.08390
v -0.09220 0.24570 0.08380
v -0.09240 0.27570 0.08360
v -0.09270 0.30570 0.08340
v -0.09300 0.33570 0.08320
v -0.09360 0.36570 0.08290
v -0.09390 0.39570 0.08270
v -0.09420 0.42570 0.08250
v -0.09450 0.45570 0.08230
v -0.09480 0.48570 0.08210
v -0.09510 0.51570 0.08190
v -0.09540 0.54570 0.08170
v -0.09570 0.57570 0.08150
v -0.09600 0.60570 0.08130
v -0.09630 0.63570 0.08110
v -0.09660 0.66570 0.08090
v -0.09690 0.69570 0.08070
v -0.09720 0.72570 0.08050
v -0.09750 0.75570 0.08030
v -0.09780 0.78570 0.08010
v -0.10010 0.81570 0.07850
v -0.10250 0.84570 0.07680
v -0.10500 0.87570 0.07500
v -0.10760 0.90570 0.07300
v -0.11030 0.93570 0.07080
v -0.11320 0.96570 0.06850
v -0.11360 0.99570 0.06810
v -0.11240 1.02570 0.06910
v -0.11120 1.05570 0.07010
v -0.11000 1.08570 0.07110
v -0.10890 1.11570 0.07200
v -0.10770 1.14570 0.07290
v -0.10660 1.17570 0.07380
v -0.10660 1.20570 0.07380
v -0.13140 1.23570 0.05050
v -0.13140 1.26570 0.05050
v -0.13140 1.29570 -0.00290
v -0.13140 1.32580 -0.05630
v -0.06600 0.12570 0.09710
v -0.06630 0.15570 0.09700
v -0.06650 0.18570 0.09690
v -0.06670 0.21570 0.09680
v -0.06690 0.24570 0.09670
v -0.06710 0.27570 0.09660
v -0.06730 0.30570 0.09650
v -0.06760 0.33570 0.09640
v -0.06800 0.36570 0.09620
v -0.06820 0.39570 0.09610
v -0.06850 0.42570 0.09610
v -0.06870 0.45570 0.09600
v -0.06890 0.48570 0.09590
v -0.06920 0.51570 0.09580
v -0.06940 0.54570 0.09570
v -0.06960 0.57570 0.09560
v -0.06990 0.60570 0.09550
v -0.07010 0.63570 0.09530
v -0.07030 0.66570 0.09520
v -0.07060 0.69570 0.09510
v -0.07080 0.72570 0.09500
v -0.07110 0.75570 0.09490
v -0.07130 0.78570 0.09480
v -0.07310 0.81570 0.09400
v -0.07500 0.84570 0.09310
v -0.07690 0.87570 0.09220
v -0.07900 0.90570 0.09110
v -0.08120 0.93570 0.09000
v -0.08350 0.96570 0.08880
v -0.08390 0.99570 0.08860
v -0.08290 1.02570 0.08910
v -0.08190 1.05570 0.08970
v -0.08090 1.08570 0.09020
v -0.08000 1.11570 0.09060
v -0.07910 1.14570 0.09110
v -0.07820 1.17570 0.09160
v -0.07820 1.20570 0.09160
v -0.09900 1.23570 0.07930
v -0.09900 1.26570 0.07930
v -0.03940 0.12570 0.10550
v -0.03950 0.15570 0.10550
v -0.03960 0.18570 0.10550
v -0.03980 0.21570 0.10540
v -0.03990 0.24570 0.10540
v -0.04000 0.27570 0.10540
v -0.04020 0.30570 0.10530
v -0.04030 0.33570 0.10530
v -0.04060 0.36570 0.10520
v -0.04070 0.39570 0.10520
v -0.04090 0.42570 0.10520
v -0.04100 0.45570 0.10510
v -0.04110 0.48570 0.10510
v -0.04130 0.51570 0.10510
v -0.04140 0.54570 0.10500
v -0.04160 0.57570 0.10500
v -0.04170 0.60570 0.10500
v -0.04190 0.63570 0.10490
v -0.04200 0.66570 0.10490
v -0.04220 0.69570 0.10480
v -0.04230 0.72570 0.10480
v -0.04250 0.75570 0.10480
v -0.04260 0.78570 0.10470
v -0.04370 0.81570 0.10440
v -0.04490 0.84570 0.10410
v -0.04620 0.87570 0.10380
v -0.04750 0.90570 0.10340
v -0.04880 0.93570 0.10300
v -0.05030 0.96570 0.10260
v -0.05050 0.99570 0.10250
v -0.04990 1.02570 0.10270
v -0.04930 1.05570 0.10290
v -0.04870 1.08570 0.10310
v -0.04810 1.11570 0.10330
v -0.04750 1.14570 0.10340
v -0.04690 1.17570 0.10360
v -0.04690 1.20570 0.10360
v -0.01170 0.12570 0.10960
v -0.01170 0.15570 0.10960
v -0.01170 0.18570 0.10960
v -0.01180 0.21570 0.10960
v -0.01180 0.24570 0.10960
v -0.01190 0.27570 0.10960
v -0.01190 0.30570 0.10960
v -0.01200 0.33570 0.10960
v -0.01200 0.36570 0.10960
v -0.01210 0.39570 0.10960
v -0.01210 0.42570 0.10960
v -0.01220 0.45570 0.10960
v -0.01220 0.48570 0.10960
v -0.01220 0.51570 0.10960
v -0.01230 0.54570 0.10960
v -0.01230 0.57570 0.10960
v -0.01240 0.60570 0.10960
v -0.01240 0.63570 0.10960
v -0.01250 0.66570 0.10960
v -0.01250 0.69570 0.10960
v -0.01260 0.72570 0.10950
v -0.01260 0.75570 0.10950
v -0.01270 0.78570 0.10950
v -0.01300 0.81570 0.10950
v -0.01330 0.84570 0.10950
v -0.01370 0.87570 0.10950
v -0.01410 0.90570 0.10940
v -0.01450 0.93570 0.10940
v -0.01500 0.96570 0.10940
v -0.01510 0.99570 0.10940
v -0.01490 1.02570 0.10940
v -0.01470 1.05570 0.10940
v -0.01450 1.08570 0.10940
v -0.01430 1.11570 0.10940
v -0.01410 1.14570 0.10940
v -0.01400 1.17570 0.10940
v -0.01400 1.20570 0.10940
v 0.01630 0.12570 0.10920
v 0.01640 0.15570 0.10920
v 0.01640 0.18570 0.10920
v 0.01650 0.21570 0.10920
v 0.01650 0.24570 0.10920
v 0.01660 0.27570 0.10920
v 0.01670 0.30570 0.10920
v 0.01670 0.33570 0.10920
v 0.01680 0.36570 0.10920
v 0.01690 0.39570 0.10920
v 0.01700 0.42570 0.10920
v 0.01700 0.45570 0.10920
v 0.01710 0.48570 0.10920
v 0.01710 0.51570 0.10920
v 0.01720 0.54570 0.10920
v 0.01730 0.57570 0.10910
v 0.01730 0.60570 0.10910
v 0.01740 0.63570 0.10910
v 0.01740 0.66570 0.10910
v 0.01750 0.69570 0.10910
v 0.01760 0.72570 0.10910
v 0.01760 0.75570 0.10910
v 0.01770 0.78570 0.10910
v 0.01820 0.81570 0.10910
v 0.01870 0.84570 0.10900
v 0.01920 0.87570 0.10890
v 0.01970 0.90570 0.10890
v 0.02030 0.93570 0.10880
v 0.02100 0.96570 0.10870
v 0.02110 0.99570 0.10870
v 0.02080 1.02570 0.10880
v 0.02050 1.05570 0.10880
v 0.02030 1.08570 0.10880
v 0.02000 1.11570 0.10890
v 0.01980 1.14570 0.10890
v 0.01950 1.17570 0.10890
v 0.01950 1.20570 0.10890
v 0.04390 0.12570 0.10440
v 0.04400 0.15570 0.10440
v 0.04420 0.18570 0.10430
v 0.04430 0.21570 0.10430
v 0.04450 0.24570 0.10430
v 0.04460 0.27570 0.10420
v 0.04480 0.30570 0.10420
v 0.04490 0.33570 0.10410
v 0.04520 0.36570 0.10400
v 0.04540 0.39570 0.10400
v 0.04560 0.42570 0.10400
v 0.04570 0.45570 0.10390
v 0.04590 0.48570 0.10390
v 0.04600 0.51570 0.10380
v 0.04620 0.54570 0.10380
v 0.04640 0.57570 0.10370
v 0.04650 0.60570 0.10370
v 0.04670 0.63570 0.10370
v 0.04680 0.66570 0.10360
v 0.04700 0.69570 0.10360
v 0.04720 0.72570 0.10350
v 0.04730 0.75570 0.10350
v 0.04750 0.78570 0.10340
v 0.04880 0.81570 0.10310
v 0.05010 0.84570 0.10270
v 0.05140 0.87570 0.10230
v 0.05290 0.90570 0.10180
v 0.05440 0.93570 0.10130
v 0.05600 0.96570 0.10080
v 0.05630 0.99570 0.10070
v 0.05560 1.02570 0.10090
v 0.05490 1.05570 0.10120
v 0.05420 1.08570 0.10140
v 0.05360 1.11570 0.10160
v 0.05290 1.14570 0.10180
v 0.05230 1.17570 0.10200
v 0.05230 1.20570 0.10200
v 0.06710 1.23570 0.09660
v 0.07030 0.12570 0.09520
v 0.07060 0.15570 0.09510
v 0.07080 0.18570 0.09500
v 0.07100 0.21570 0.09490
v 0.07130 0.24570 0.09480
v 0.07150 0.27570 0.09470
v 0.07170 0.30570 0.09460
v 0.07200 0.33570 0.09450
v 0.07240 0.36570 0.09430
v 0.07270 0.39570 0.09420
v 0.07290 0.42570 0.09410
v 0.07310 0.45570 0.09400
v 0.07340 0.48570 0.09390
v 0.07360 0.51570 0.09380
v 0.07390 0.54570 0.09360
v 0.07410 0.57570 0.09350
v 0.07440 0.60570 0.09340
v 0.07460 0.63570 0.09330
v 0.07490 0.66570 0.09320
v 0.07510 0.69570 0.09310
v 0.07540 0.72570 0.09290
v 0.07560 0.75570 0.09280
v 0.07590 0.78570 0.09270
v 0.07780 0.81570 0.09180
v 0.07980 0.84570 0.09080
v 0.08180 0.87570 0.08970
v 0.08400 0.90570 0.08850
v 0.08630 0.93570 0.08720
v 0.08870 0.96570 0.08580
v 0.08910 0.99570 0.08560
v 0.08810 1.02570 0.08620
v 0.08700 1.05570 0.08680
v 0.08600 1.08570 0.08740
v 0.08510 1.11570 0.08790
v 0.08410 1.14570 0.08850
v 0.08320 1.17570 0.08900
v 0.08320 1.20570 0.08900
v 0.10490 1.23570 0.07510
v 0.10490 1.26570 0.07510
v 0.10490 1.29570 0.01240
v 0.09500 0.12570 0.08200
v 0.09530 0.15570 0.08180
v 0.09560 0.18570 0.08160
v 0.09590 0.21570 0.08140
v 0.09620 0.24570 0.08120
v 0.09640 0.27570 0.08100
v 0.09670 0.30570 0.08080
v 0.09700 0.33570 0.08060
v 0.09760 0.36570 0.08020
v 0.09790 0.39570 0.08000
v 0.09820 0.42570 0.07980
v 0.09850 0.45570 0.07960
v 0.09880 0.48570 0.07940
v 0.09920 0.51570 0.07920
v 0.09950 0.54570 0.07900
v 0.09980 0.57570 0.07880
v 0.10010 0.60570 0.07860
v 0.10040 0.63570 0.07830
v 0.10070 0.66570 0.07810
v 0.10100 0.69570 0.07790
v 0.10140 0.72570 0.07770
v 0.10170 0.75570 0.07740
v 0.10200 0.78570 0.07720
v 0.10440 0.81570 0.07550
v 0.10680 0.84570 0.07360
v 0.10940 0.87570 0.07160
v 0.11200 0.90570 0.06940
v 0.11480 0.93570 0.06710
v 0.11770 0.96570 0.06450
v 0.11810 0.99570 0.06410
v 0.11690 1.02570 0.06520
v 0.11570 1.05570 0.06630
v 0.11450 1.08570 0.06740
v 0.11330 1.11570 0.06840
v 0.11210 1.14570 0.06940
v 0.11100 1.17570 0.07030
v 0.11100 1.20570 0.07030
v 0.13610 1.23570 0.04500
v 0.13610 1.26570 0.04500
v 0.13610 1.29570 -0.00640
v 0.13600 1.32720 -0.05660
v 0.11720 0.12570 0.06490
v 0.11750 0.15570 0.06460
v 0.11790 0.18570 0.06440
v 0.11820 0.21570 0.06410
v 0.11850 0.24570 0.06380
v 0.11890 0.27570 0.06350
v 0.11920 0.30570 0.06310
v 0.11950 0.33570 0.06280
v 0.12020 0.36570 0.06220
v 0.12050 0.39570 0.06190
v 0.12090 0.42570 0.06160
v 0.12120 0.45570 0.06120
v 0.12150 0.48570 0.06090
v 0.12190 0.51570 0.06060
v 0.12220 0.54570 0.06020
v 0.12260 0.57570 0.05990
v 0.12290 0.60570 0.05960
v 0.12330 0.63570 0.05920
v 0.12360 0.66570 0.05890
v 0.12400 0.69570 0.05850
v 0.12430 0.72570 0.05820
v 0.12470 0.75570 0.05780
v 0.12500 0.78570 0.05740
v 0.12760 0.81570 0.05470
v 0.13030 0.84570 0.05180
v 0.13300 0.87570 0.04870
v 0.13580 0.90570 0.04530
v 0.13870 0.93570 0.04170
v 0.14170 0.96570 0.03770
v 0.14210 0.99570 0.03710
v 0.14090 1.02570 0.03880
v 0.13960 1.05570 0.04050
v 0.13840 1.08570 0.04210
v 0.13710 1.11570 0.04370
v 0.13590 1.14570 0.04520
v 0.13470 1.17570 0.04670
v 0.13470 1.20570 0.04670
v 0.15900 1.23570 0.00810
v 0.15900 1.26570 0.00810
v 0.15900 1.29570 -0.02940
v 0.13640 0.12570 0.04460
v 0.13680 0.15570 0.04420
v 0.13710 0.18570 0.04380
v 0.13740 0.21570 0.04330
v 0.13780 0.24570 0.04290
v 0.13810 0.27570 0.04250
v 0.13840 0.30570 0.04200
v 0.13880 0.33570 0.04160
v 0.13950 0.36570 0.04070
v 0.13980 0.39570 0.04030
v 0.14010 0.42570 0.03980
v 0.14050 0.45570 0.03930
v 0.14080 0.48570 0.03890
v 0.14120 0.51570 0.03840
v 0.14150 0.54570 0.03790
v 0.14190 0.57570 0.03750
v 0.14250 0.60560 0.03740
v 0.14430 0.63550 0.03920
v 0.14560 0.66560 0.04050
v 0.14590 0.69600 0.04010
v 0.14510 0.72610 0.03790
v 0.14400 0.75570 0.03450
v 0.14430 0.78570 0.03400
v 0.14680 0.81570 0.03020
v 0.14940 0.84570 0.02620
v 0.15200 0.87570 0.02180
v 0.15450 0.90570 0.01710
v 0.15710 0.93570 0.01210
v 0.15970 0.96570 0.00660
v 0.16010 0.99570 0.00570
v 0.15900 1.02570 0.00810
v 0.15790 1.05570 0.01040
v 0.15680 1.08570 0.01270
v 0.15570 1.11570 0.01480
v 0.15460 1.14570 0.01690
v 0.15350 1.17570 0.01900
v 0.15350 1.20570 0.01900
v 0.17940 1.23480 -0.01940
v 0.17520 1.26870 -0.02500
v 0.15220 0.12570 0.02140
v 0.15250 0.15570 0.02090
v 0.15280 0.18570 0.02030
v 0.15310 0.21570 0.01980
v 0.15340 0.24570 0.01920
v 0.15370 0.27570 0.01870
v 0.15400 0.30570 0.01810
v 0.15430 0.33570 0.01750
v 0.15490 0.36570 0.01630
v 0.15530 0.39570 0.01570
v 0.15560 0.42570 0.01520
v 0.15590 0.45570 0.01460
v 0.15620 0.48570 0.01390
v 0.15650 0.51570 0.01330
v 0.15680 0.54570 0.01270
v 0.16030 0.57520 0.01410
v 0.16370 0.60510 0.01520
v 0.16570 0.63520 0.01630
v 0.16740 0.66570 0.01720
v 0.16790 0.69640 0.01800
v 0.16700 0.72630 0.01640
v 0.16550 0.75660 0.01440
v 0.16370 0.78660 0.01030
v 0.16240 0.81590 0.00330
v 0.16350 0.84570 -0.00260
v 0.16550 0.87570 -0.00820
v 0.16750 0.90570 -0.01420
v 0.16930 0.93570 -0.02060
v 0.17050 1.02570 -0.02560
v 0.16980 1.05570 -0.02270
v 0.16910 1.08570 -0.01980
v 0.16830 1.11570 -0.01710
v 0.16750 1.14570 -0.01440
v 0.16670 1.17570 -0.01180
v 0.16670 1.20570 -0.01180
v 0.16400 0.12570 -0.00390
v 0.16430 0.15570 -0.00460
v 0.16450 0.18570 -0.00530
v 0.16480 0.21570 -0.00600
v 0.16500 0.24570 -0.00670
v 0.16520 0.27570 -0.00740
v 0.16550 0.30570 -0.00810
v 0.16570 0.33570 -0.00880
v 0.16620 0.36570 -0.01020
v 0.16650 0.39570 -0.01100
v 0.16670 0.42570 -0.01170
v 0.16690 0.45570 -0.01250
v 0.16720 0.48570 -0.01320
v 0.16740 0.51570 -0.01400
v 0.16870 0.54540 -0.01450
v 0.17430 0.57460 -0.01450
v 0.17730 0.60470 -0.01500
v 0.18000 0.63460 -0.01510
v 0.18170 0.66490 -0.01480
v 0.18260 0.69560 -0.01480
v 0.18170 0.72630 -0.01480
v 0.18050 0.75670 -0.01510
v 0.17820 0.78670 -0.02020
v 0.17480 0.81640 -0.02620
v 0.17160 0.12570 -0.03090
v 0.17180 0.15570 -0.03170
v 0.17200 0.18570 -0.03250
v 0.17210 0.21570 -0.03330
v 0.17230 0.24570 -0.03410
vt 0.64160 1.00000
vt 0.68290 0.99340
vt 0.72420 0.98690
vt 0.76550 0.98030
vt 0.79050 0.96520
vt 0.81450 0.94920
vt 0.83730 0.93250
vt 0.85910 0.91490
vt 0.87970 0.89660
vt 0.89930 0.87740
vt 0.91770 0.85750
vt 0.91260 0.83590
vt 0.90750 0.81440
vt 0.90240 0.79280
vt 0.89730 0.77130
vt 0.89230 0.74970
vt 0.88720 0.72810
vt 0.88210 0.70660
vt 0.87700 0.68500
vt 0.88900 0.66250
vt 0.90100 0.64000
vt 0.91300 0.61760
vt 0.92500 0.59500
vt 0.93700 0.57260
vt 0.94900 0.55010
vt 0.96110 0.52760
vt 0.96280 0.50500
vt 0.96440 0.48240
vt 0.96610 0.45980
vt 0.96780 0.43720
vt 0.96950 0.41460
vt 0.97120 0.39200
vt 0.97290 0.36940
vt 0.97460 0.34680
vt 0.97630 0.32420
vt 0.97800 0.30160
vt 0.97970 0.27900
vt 0.98140 0.25640
vt 0.98310 0.23380
vt 0.98480 0.21120
vt 0.98650 0.18860
vt 0.98810 0.16600
vt 0.98980 0.14340
vt 0.99150 0.12090
vt 0.99320 0.09830
vt 0.99490 0.07570
vt 0.99660 0.05310
vt 0.99830 0.03050
vt 1.00000 0.00790
vt 0.95000 0.00710
vt 0.90000 0.00630
vt 0.85000 0.00550
vt 0.80000 0.00470
vt 0.75000 0.00390
vt 0.70000 0.00310
vt 0.65000 0.00240
vt 0.60000 0.00160
vt 0.55000 0.00080
vt 0.50000 0.00000
vt 0.45000 0.00080
vt 0.40000 0.00160
vt 0.35000 0.00240
vt 0.30000 0.00310
vt 0.25000 0.00390
vt 0.20000 0.00470
vt 0.15000 0.00550
vt 0.10000 0.00630
vt 0.05000 0.00710
vt 0.00000 0.00790
vt 0.00170 0.03050
vt 0.00340 0.05310
vt 0.00510 0.07570
vt 0.00680 0.09830
vt 0.00850 0.12090
vt 0.01020 0.14340
vt 0.01190 0.16600
vt 0.01350 0.18860
vt 0.01520 0.21120
vt 0.01690 0.23380
vt 0.01860 0.25640
vt 0.02030 0.27900
vt 0.02200 0.30160
vt 0.02370 0.32420
vt 0.02540 0.34680
vt 0.02710 0.36940
vt 0.02880 0.39200
vt 0.03050 0.41460
vt 0.03220 0.43720
vt 0.03390 0.45980
vt 0.03560 0.48240
vt 0.03720 0.50500
vt 0.03890 0.52760
vt 0.05100 0.55010
vt 0.06300 0.57260
vt 0.07500 0.59500
vt 0.08700 0.61760
vt 0.09900 0.64000
vt 0.11100 0.66250
vt 0.12300 0.68500
vt 0.11790 0.70660
vt 0.11280 0.72810
vt 0.10770 0.74970
vt 0.10270 0.77130
vt 0.09760 0.79280
vt 0.09250 0.81440
vt 0.08740 0.83590
vt 0.08230 0.85750
vt 0.10070 0.87740
vt 0.12030 0.89660
vt 0.14090 0.91490
vt 0.16270 0.93250
vt 0.18550 0.94920
vt 0.20950 0.96520
vt 0.23450 0.98030
vt 0.27580 0.98690
vt 0.31710 0.99340
vt 0.35840 1.00000
vt 0.38200 0.96660
vt 0.40560 0.93920
vt 0.42920 0.91790
vt 0.45280 0.90270
vt 0.47640 0.89360
vt 0.50000 0.89060
vt 0.52360 0.89360
vt 0.54720 0.90270
vt 0.57080 0.91790
vt 0.59440 0.93920
vt 0.61800 0.96660
vt 0.05310 0.02360
vt 0.05310 0.04720
vt 0.05310 0.07090
vt 0.05310 0.09450
vt 0.05310 0.11810
vt 0.05310 0.14170
vt 0.05310 0.16540
vt 0.05310 0.18900
vt 0.05310 0.21260
vt 0.05310 0.23620
vt 0.10620 0.02360
vt 0.10620 0.04720
vt 0.10620 0.07090
vt 0.10620 0.09450
vt 0.10620 0.11810
vt 0.10620 0.14170
vt 0.10620 0.16540
vt 0.10620 0.18900
vt 0.10620 0.21260
vt 0.10620 0.23620
vt 0.10620 0.25980
vt 0.10620 0.28350
vt 0.10620 0.30710
vt 0.10620 0.33070
vt 0.10620 0.35430
vt 0.10620 0.37800
vt 0.10620 0.40160
vt 0.10620 0.42520
vt 0.10620 0.44880
vt 0.10620 0.47240
vt 0.10620 0.49610
vt 0.10620 0.51970
vt 0.10620 0.54330
vt 0.10620 0.56690
vt 0.15930 0.02360
vt 0.15930 0.04720
vt 0.15930 0.07090
vt 0.15930 0.09450
vt 0.15930 0.11810
vt 0.15930 0.14170
vt 0.15930 0.16540
vt 0.15930 0.18900
vt 0.15930 0.21260
vt 0.15930 0.23620
vt 0.15930 0.25980
vt 0.15930 0.28350
vt 0.15930 0.30710
vt 0.15930 0.33070
vt 0.15930 0.35430
vt 0.15930 0.37800
vt 0.15930 0.40160
vt 0.15930 0.42520
vt 0.15930 0.44880
vt 0.15930 0.47240
vt 0.15930 0.49610
vt 0.15930 0.51970
vt 0.15930 0.54330
vt 0.15930 0.56690
vt 0.15930 0.59060
vt 0.15930 0.61420
vt 0.15930 0.63780
vt 0.15930 0.66140
vt 0.15930 0.68500
vt 0.15930 0.70870
vt 0.15930 0.73230
vt 0.15930 0.75590
vt 0.15930 0.77950
vt 0.15930 0.80310
vt 0.15930 0.82680
vt 0.15930 0.85040
vt 0.15930 0.87400
vt 0.21240 0.02360
vt 0.21240 0.04720
vt 0.21240 0.07090
vt 0.21240 0.09450
vt 0.21240 0.11810
vt 0.21240 0.14170
vt 0.21240 0.16540
vt 0.21240 0.18900
vt 0.21240 0.21260
vt 0.21240 0.23620
vt 0.21240 0.25980
vt 0.21240 0.28350
vt 0.21240 0.30710
vt 0.21240 0.33070
vt 0.21240 0.35430
vt 0.21240 0.37800
vt 0.21240 0.40160
vt 0.21240 0.42520
vt 0.21240 0.44880
vt 0.21240 0.47240
vt 0.21240 0.49610
vt 0.21240 0.51970
vt 0.21240 0.54330
vt 0.21240 0.56690
vt 0.21240 0.59060
vt 0.21240 0.61420
vt 0.21240 0.63780
vt 0.21240 0.66140
vt 0.21240 0.68500
vt 0.21240 0.70870
vt 0.21240 0.73230
vt 0.21240 0.75590
vt 0.21240 0.77950
vt 0.21240 0.80310
vt 0.21240 0.82680
vt 0.21240 0.85040
vt 0.21240 0.87400
vt 0.21240 0.89760
vt 0.21240 0.92130
vt 0.26550 0.02360
vt 0.26550 0.04720
vt 0.26550 0.07090
vt 0.26550 0.09450
vt 0.26550 0.11810
vt 0.26550 0.14170
vt 0.26550 0.16540
vt 0.26550 0.18900
vt 0.26550 0.21260
vt 0.26550 0.23620
vt 0.26550 0.25980
vt 0.26550 0.28350
vt 0.26550 0.30710
vt 0.26550 0.33070
vt 0.26550 0.35430
vt 0.26550 0.37800
vt 0.26550 0.40160
vt 0.26550 0.42520
vt 0.26550 0.44880
vt 0.26550 0.47240
vt 0.26550 0.49610
vt 0.26550 0.51970
vt 0.26550 0.54330
vt 0.26550 0.56690
vt 0.26550 0.59060
vt 0.26550 0.61420
vt 0.26550 0.63780
vt 0.26550 0.66140
vt 0.26550 0.68500
vt 0.26550 0.70870
vt 0.26550 0.73230
vt 0.26550 0.75590
vt 0.26550 0.77950
vt 0.26550 0.80310
vt 0.26550 0.82680
vt 0.26550 0.85040
vt 0.26550 0.87400
vt 0.26550 0.89760
vt 0.26550 0.92130
vt 0.26550 0.94490
vt 0.26550 0.96850
vt 0.31860 0.02360
vt 0.31860 0.04720
vt 0.31860 0.07090
vt 0.31860 0.09450
vt 0.31860 0.11810
vt 0.31860 0.14170
vt 0.31860 0.16540
vt 0.31860 0.18900
vt 0.31860 0.21260
vt 0.31860 0.23620
vt 0.31860 0.25980
vt 0.31860 0.28350
vt 0.31860 0.30710
vt 0.31860 0.33070
vt 0.31860 0.35430
vt 0.31860 0.37800
vt 0.31860 0.40160
vt 0.31860 0.42520
vt 0.31860 0.44880
vt 0.31860 0.47240
vt 0.31860 0.49610
vt 0.31860 0.51970
vt 0.31860 0.54330
vt 0.31860 0.56690
vt 0.31860 0.59060
vt 0.31860 0.61420
vt 0.31860 0.63780
vt 0.31860 0.66140
vt 0.31860 0.68500
vt 0.31860 0.70870
vt 0.31860 0.73230
vt 0.31860 0.75590
vt 0.31860 0.77950
vt 0.31860 0.80310
vt 0.31860 0.82680
vt 0.31860 0.85040
vt 0.31860 0.87400
vt 0.31860 0.89760
vt 0.31860 0.92130
vt 0.31860 0.94490
vt 0.31860 0.96850
vt 0.37170 0.02360
vt 0.37170 0.04720
vt 0.37170 0.07090
vt 0.37170 0.09450
vt 0.37170 0.11810
vt 0.37170 0.14170
vt 0.37170 0.16540
vt 0.37170 0.18900
vt 0.37170 0.21260
vt 0.37170 0.23620
vt 0.37170 0.25980
vt 0.37170 0.28350
vt 0.37170 0.30710
vt 0.37170 0.33070
vt 0.37170 0.35430
vt 0.37170 0.37800
vt 0.37170 0.40160
vt 0.37170 0.42520
vt 0.37170 0.44880
vt 0.37170 0.47240
vt 0.37170 0.49610
vt 0.37170 0.51970
vt 0.37170 0.54330
vt 0.37170 0.56690
vt 0.37170 0.59060
vt 0.37170 0.61420
vt 0.37170 0.63780
vt 0.37170 0.66140
vt 0.37170 0.68500
vt 0.37170 0.70870
vt 0.37170 0.73230
vt 0.37170 0.75590
vt 0.37170 0.77950
vt 0.37170 0.80310
vt 0.37170 0.82680
vt 0.37170 0.85040
vt 0.37170 0.87400
vt 0.37170 0.89760
vt 0.37170 0.92130
vt 0.42480 0.02360
vt 0.42480 0.04720
vt 0.42480 0.07090
vt 0.42480 0.09450
vt 0.42480 0.11810
vt 0.42480 0.14170
vt 0.42480 0.16540
vt 0.42480 0.18900
vt 0.42480 0.21260
vt 0.42480 0.23620
vt 0.42480 0.25980
vt 0.42480 0.28350
vt 0.42480 0.30710
vt 0.42480 0.33070
vt 0.42480 0.35430
vt 0.42480 0.37800
vt 0.42480 0.40160
vt 0.42480 0.42520
vt 0.42480 0.44880
vt 0.42480 0.47240
vt 0.42480 0.49610
vt 0.42480 0.51970
vt 0.42480 0.54330
vt 0.42480 0.56690
vt 0.42480 0.59060
vt 0.42480 0.61420
vt 0.42480 0.63780
vt 0.42480 0.66140
vt 0.42480 0.68500
vt 0.42480 0.70870
vt 0.42480 0.73230
vt 0.42480 0.75590
vt 0.42480 0.77950
vt 0.42480 0.80310
vt 0.42480 0.82680
vt 0.42480 0.85040
vt 0.42480 0.87400
vt 0.47790 0.02360
vt 0.47790 0.04720
vt 0.47790 0.07090
vt 0.47790 0.09450
vt 0.47790 0.11810
vt 0.47790 0.14170
vt 0.47790 0.16540
vt 0.47790 0.18900
vt 0.47790 0.21260
vt 0.47790 0.23620
vt 0.47790 0.25980
vt 0.47790 0.28350
vt 0.47790 0.30710
vt 0.47790 0.33070
vt 0.47790 0.35430
vt 0.47790 0.37800
vt 0.47790 0.40160
vt 0.47790 0.42520
vt 0.47790 0.44880
vt 0.47790 0.47240
vt 0.47790 0.49610
vt 0.47790 0.51970
vt 0.47790 0.54330
vt 0.47790 0.56690
vt 0.47790 0.59060
vt 0.47790 0.61420
vt 0.47790 0.63780
vt 0.47790 0.66140
vt 0.47790 0.68500
vt 0.47790 0.70870
vt 0.47790 0.73230
vt 0.47790 0.75590
vt 0.47790 0.77950
vt 0.47790 0.80310
vt 0.47790 0.82680
vt 0.47790 0.85040
vt 0.47790 0.87400
vt 0.53100 0.02360
vt 0.53100 0.04720
vt 0.53100 0.07090
vt 0.53100 0.09450
vt 0.53100 0.11810
vt 0.53100 0.14170
vt 0.53100 0.16540
vt 0.53100 0.18900
vt 0.53100 0.21260
vt 0.53100 0.23620
vt 0.53100 0.25980
vt 0.53100 0.28350
vt 0.53100 0.30710
vt 0.53100 0.33070
vt 0.53100 0.35430
vt 0.53100 0.37800
vt 0.53100 0.40160
vt 0.53100 0.42520
vt 0.53100 0.44880
vt 0.53100 0.47240
vt 0.53100 0.49610
vt 0.53100 0.51970
vt 0.53100 0.54330
vt 0.53100 0.56690
vt 0.53100 0.59060
vt 0.53100 0.61420
vt 0.53100 0.63780
vt 0.53100 0.66140
vt 0.53100 0.68500
vt 0.53100 0.70870
vt 0.53100 0.73230
vt 0.53100 0.75590
vt 0.53100 0.77950
vt 0.53100 0.80310
vt 0.53100 0.82680
vt 0.53100 0.85040
vt 0.53100 0.87400
vt 0.58410 0.02360
vt 0.58410 0.04720
vt 0.58410 0.07090
vt 0.58410 0.09450
vt 0.58410 0.11810
vt 0.58410 0.14170
vt 0.58410 0.16540
vt 0.58410 0.18900
vt 0.58410 0.21260
vt 0.58410 0.23620
vt 0.58410 0.25980
vt 0.58410 0.28350
vt 0.58410 0.30710
vt 0.58410 0.33070
vt 0.58410 0.35430
vt 0.58410 0.37800
vt 0.58410 0.40160
vt 0.58410 0.42520
vt 0.58410 0.44880
vt 0.58410 0.47240
vt 0.58410 0.49610
vt 0.58410 0.51970
vt 0.58410 0.54330
vt 0.58410 0.56690
vt 0.58410 0.59060
vt 0.58410 0.61420
vt 0.58410 0.63780
vt 0.58410 0.66140
vt 0.58410 0.68500
vt 0.58410 0.70870
vt 0.58410 0.73230
vt 0.58410 0.75590
vt 0.58410 0.77950
vt 0.58410 0.80310
vt 0.58410 0.82680
vt 0.58410 0.85040
vt 0.58410 0.87400
vt 0.58410 0.89760
vt 0.63720 0.02360
vt 0.63720 0.04720
vt 0.63720 0.07090
vt 0.63720 0.09450
vt 0.63720 0.11810
vt 0.63720 0.14170
vt 0.63720 0.16540
vt 0.63720 0.18900
vt 0.63720 0.21260
vt 0.63720 0.23620
vt 0.63720 0.25980
vt 0.63720 0.28350
vt 0.63720 0.30710
vt 0.63720 0.33070
vt 0.63720 0.35430
vt 0.63720 0.37800
vt 0.63720 0.40160
vt 0.63720 0.42520
vt 0.63720 0.44880
vt 0.63720 0.47240
vt 0.63720 0.49610
vt 0.63720 0.51970
vt 0.63720 0.54330
vt 0.63720 0.56690
vt 0.63720 0.59060
vt 0.63720 0.61420
vt 0.63720 0.63780
vt 0.63720 0.66140
vt 0.63720 0.68500
vt 0.63720 0.70870
vt 0.63720 0.73230
vt 0.63720 0.75590
vt 0.63720 0.77950
vt 0.63720 0.80310
vt 0.63720 0.82680
vt 0.63720 0.85040
vt 0.63720 0.87400
vt 0.63720 0.89760
vt 0.63720 0.92130
vt 0.63720 0.94490
vt 0.69030 0.02360
vt 0.69030 0.04720
vt 0.69030 0.07090
vt 0.69030 0.09450
vt 0.69030 0.11810
vt 0.69030 0.14170
vt 0.69030 0.16540
vt 0.69030 0.18900
vt 0.69030 0.21260
vt 0.69030 0.23620
vt 0.69030 0.25980
vt 0.69030 0.28350
vt 0.69030 0.30710
vt 0.69030 0.33070
vt 0.69030 0.35430
vt 0.69030 0.37800
vt 0.69030 0.40160
vt 0.69030 0.42520
vt 0.69030 0.44880
vt 0.69030 0.47240
vt 0.69030 0.49610
vt 0.69030 0.51970
vt 0.69030 0.54330
vt 0.69030 0.56690
vt 0.69030 0.59060
vt 0.69030 0.61420
vt 0.69030 0.63780
vt 0.69030 0.66140
vt 0.69030 0.68500
vt 0.69030 0.70870
vt 0.69030 0.73230
vt 0.69030 0.75590
vt 0.69030 0.77950
vt 0.69030 0.80310
vt 0.69030 0.82680
vt 0.69030 0.85040
vt 0.69030 0.87400
vt 0.69030 0.89760
vt 0.69030 0.92130
vt 0.69030 0.94490
vt 0.69030 0.96850
vt 0.74340 0.02360
vt 0.74340 0.04720
vt 0.74340 0.07090
vt 0.74340 0.09450
vt 0.74340 0.11810
vt 0.74340 0.14170
vt 0.74340 0.16540
vt 0.74340 0.18900
vt 0.74340 0.21260
vt 0.74340 0.23620
vt 0.74340 0.25980
vt 0.74340 0.28350
vt 0.74340 0.30710
vt 0.74340 0.33070
vt 0.74340 0.35430
vt 0.74340 0.37800
vt 0.74340 0.40160
vt 0.74340 0.42520
vt 0.74340 0.44880
vt 0.74340 0.47240
vt 0.74340 0.49610
vt 0.74340 0.51970
vt 0.74340 0.54330
vt 0.74340 0.56690
vt 0.74340 0.59060
vt 0.74340 0.61420
vt 0.74340 0.63780
vt 0.74340 0.66140
vt 0.74340 0.68500
vt 0.74340 0.70870
vt 0.74340 0.73230
vt 0.74340 0.75590
vt 0.74340 0.77950
vt 0.74340 0.80310
vt 0.74340 0.82680
vt 0.74340 0.85040
vt 0.74340 0.87400
vt 0.74340 0.89760
vt 0.74340 0.92130
vt 0.74340 0.94490
vt 0.79650 0.02360
vt 0.79650 0.04720
vt 0.79650 0.07090
vt 0.79650 0.09450
vt 0.79650 0.11810
vt 0.79650 0.14170
vt 0.79650 0.16540
vt 0.79650 0.18900
vt 0.79650 0.21260
vt 0.79650 0.23620
vt 0.79650 0.25980
vt 0.79650 0.28350
vt 0.79650 0.30710
vt 0.79650 0.33070
vt 0.79650 0.35430
vt 0.79650 0.37800
vt 0.79650 0.40160
vt 0.79650 0.42520
vt 0.79650 0.44880
vt 0.79650 0.47240
vt 0.79650 0.49610
vt 0.79650 0.51970
vt 0.79650 0.54330
vt 0.79650 0.56690
vt 0.79650 0.59060
vt 0.79650 0.61420
vt 0.79650 0.63780
vt 0.79650 0.66140
vt 0.79650 0.68500
vt 0.79650 0.70870
vt 0.79650 0.73230
vt 0.79650 0.75590
vt 0.79650 0.77950
vt 0.79650 0.80310
vt 0.79650 0.82680
vt 0.79650 0.85040
vt 0.79650 0.87400
vt 0.79650 0.89760
vt 0.79650 0.92130
vt 0.84960 0.02360
vt 0.84960 0.04720
vt 0.84960 0.07090
vt 0.84960 0.09450
vt 0.84960 0.11810
vt 0.84960 0.14170
vt 0.84960 0.16540
vt 0.84960 0.18900
vt 0.84960 0.21260
vt 0.84960 0.23620
vt 0.84960 0.25980
vt 0.84960 0.28350
vt 0.84960 0.30710
vt 0.84960 0.33070
vt 0.84960 0.35430
vt 0.84960 0.37800
vt 0.84960 0.40160
vt 0.84960 0.42520
vt 0.84960 0.44880
vt 0.84960 0.47240
vt 0.84960 0.49610
vt 0.84960 0.51970
vt 0.84960 0.54330
vt 0.84960 0.56690
vt 0.84960 0.59060
vt 0.84960 0.61420
vt 0.84960 0.63780
vt 0.84960 0.66140
vt 0.84960 0.73230
vt 0.84960 0.75590
vt 0.84960 0.77950
vt 0.84960 0.80310
vt 0.84960 0.82680
vt 0.84960 0.85040
vt 0.84960 0.87400
vt 0.90270 0.02360
vt 0.90270 0.04720
vt 0.90270 0.07090
vt 0.90270 0.09450
vt 0.90270 0.11810
vt 0.90270 0.14170
vt 0.90270 0.16540
vt 0.90270 0.18900
vt 0.90270 0.21260
vt 0.90270 0.23620
vt 0.90270 0.25980
vt 0.90270 0.28350
vt 0.90270 0.30710
vt 0.90270 0.33070
vt 0.90270 0.35430
vt 0.90270 0.37800
vt 0.90270 0.40160
vt 0.90270 0.42520
vt 0.90270 0.44880
vt 0.90270 0.47240
vt 0.90270 0.49610
vt 0.90270 0.51970
vt 0.90270 0.54330
vt 0.90270 0.56690
vt 0.95580 0.02360
vt 0.95580 0.04720
vt 0.95580 0.07090
vt 0.95580 0.09450
vt 0.95580 0.11810
f 114/114 113/113 279/279
f 114/114 279/279 115/115
f 116/116 115/115 320/320
f 116/116 320/320 117/117
f 117/117 320/320 118/118
f 1/1 128/128 2/2
f 2/2 128/128 589/589
f 2/2 589/589 3/3
f 4/4 3/3 589/589
f 4/4 589/589 629/629
f 4/4 629/629 5/5
f 5/5 629/629 6/6
f 6/6 629/629 668/668
f 6/6 668/668 7/7
f 7/7 668/668 8/8
f 8/8 668/668 667/667
f 8/8 667/667 9/9
f 9/9 667/667 703/703
f 9/9 703/703 10/10
f 10/10 703/703 702/702
f 10/10 702/702 11/11
f 11/11 702/702 12/12
f 26/26 25/25 726/726
f 26/26 726/726 725/725
f 26/26 725/725 27/27
f 27/27 725/725 724/724
f 27/27 724/724 28/28
f 30/30 29/29 722/722
f 30/30 722/722 721/721
f 30/30 721/721 31/31
f 36/36 35/35 716/716
f 36/36 716/716 715/715
f 36/36 715/715 37/37
f 47/47 46/46 730/730
f 47/47 730/730 729/729
f 47/47 729/729 48/48
f 49/49 48/48 728/728
f 49/49 728/728 50/50
f 51/51 50/50 704/704
f 51/51 704/704 669/669
f 51/51 669/669 52/52
f 53/53 52/52 669/669
f 53/53 669/669 630/630
f 53/53 630/630 54/54
f 58/58 57/57 471/471
f 58/58 471/471 434/434
f 58/58 434/434 59/59
f 59/59 434/434 397/397
f 59/59 397/397 60/60
f 60/60 397/397 360/360
f 60/60 360/360 61/61
f 65/65 64/64 200/200
f 65/65 200/200 163/163
f 65/65 163/163 66/66
f 67/67 66/66 139/139
f 67/67 139/139 129/129
f 67/67 129/129 68/68
f 69/69 68/68 129/129
f 69/69 129/129 70/70
f 71/71 70/70 130/130
f 71/71 130/130 131/131
f 71/71 131/131 72/72
f 82/82 81/81 150/150
f 82/82 150/150 151/151
f 82/82 151/151 83/83
f 88/88 87/87 156/156
f 88/88 156/156 157/157
f 88/88 157/157 89/89
f 91/91 90/90 159/159
f 91/91 159/159 160/160
f 91/91 160/160 92/92
f 92/92 160/160 161/161
f 92/92 161/161 93/93
f 107/107 106/106 198/198
f 107/107 198/198 108/108
f 108/108 198/198 199/199
f 108/108 199/199 109/109
f 109/109 199/199 237/237
f 109/109 237/237 110/110
f 110/110 237/237 238/238
f 110/110 238/238 111/111
f 111/111 238/238 112/112
f 112/112 238/238 278/278
f 112/112 278/278 113/113
f 113/113 278/278 279/279
f 279/279 278/278 319/319
f 279/279 319/319 320/320
f 279/279 320/320 115/115
f 320/320 319/319 118/118
f 118/118 319/319 119/119
f 128/128 127/127 548/548
f 128/128 548/548 589/589
f 589/589 548/548 588/588
f 589/589 588/588 629/629
f 629/629 588/588 628/628
f 629/629 628/628 668/668
f 668/668 628/628 667/667
f 667/667 628/628 627/627
f 667/667 627/627 666/666
f 667/667 666/666 703/703
f 703/703 666/666 702/702
f 702/702 666/666 665/665
f 702/702 665/665 701/701
f 702/702 701/701 12/12
f 12/12 701/701 13/13
f 25/25 24/24 727/727
f 25/25 727/727 726/726
f 726/726 727/727 692/692
f 726/726 692/692 691/691
f 726/726 691/691 725/725
f 725/725 691/691 690/690
f 725/725 690/690 724/724
f 724/724 690/690 689/689
f 724/724 689/689 723/723
f 724/724 723/723 28/28
f 28/28 723/723 29/29
f 29/29 723/723 722/722
f 722/722 723/723 688/688
f 722/722 688/688 687/687
f 722/722 687/687 721/721
f 721/721 687/687 686/686
f 721/721 686/686 720/720
f 721/721 720/720 31/31
f 31/31 720/720 32/32
f 32/32 720/720 719/719
f 32/32 719/719 33/33
f 33/33 719/719 718/718
f 33/33 718/718 34/34
f 35/35 34/34 717/717
f 35/35 717/717 716/716
f 716/716 717/717 682/682
f 716/716 682/682 681/681
f 716/716 681/681 715/715
f 715/715 681/681 680/680
f 715/715 680/680 714/714
f 715/715 714/714 37/37
f 37/37 714/714 38/38
f 38/38 714/714 713/713
f 38/38 713/713 39/39
f 41/41 40/40 711/711
f 41/41 711/711 710/710
f 41/41 710/710 42/42
f 44/44 43/43 732/732
f 44/44 732/732 45/45
f 46/46 45/45 731/731
f 46/46 731/731 730/730
f 730/730 731/731 707/707
f 730/730 707/707 706/706
f 730/730 706/706 729/729
f 729/729 706/706 705/705
f 729/729 705/705 728/728
f 729/729 728/728 48/48
f 728/728 705/705 704/704
f 728/728 704/704 50/50
f 704/704 705/705 670/670
f 704/704 670/670 669/669
f 669/669 670/670 631/631
f 669/669 631/631 630/630
f 630/630 631/631 591/591
f 630/630 591/591 590/590
f 630/630 590/590 54/54
f 54/54 590/590 55/55
f 56/56 55/55 549/549
f 56/56 549/549 509/509
f 56/56 509/509 57/57
f 57/57 509/509 471/471
f 471/471 509/509 472/472
f 471/471 472/472 435/435
f 471/471 435/435 434/434
f 434/434 435/435 398/398
f 434/434 398/398 397/397
f 397/397 398/398 361/361
f 397/397 361/361 360/360
f 360/360 361/361 322/322
f 360/360 322/322 321/321
f 360/360 321/321 61/61
f 61/61 321/321 62/62
f 62/62 321/321 280/280
f 62/62 280/280 63/63
f 64/64 63/63 239/239
f 64/64 239/239 200/200
f 200/200 239/239 201/201
f 200/200 201/201 164/164
f 200/200 164/164 163/163
f 163/163 164/164 140/140
f 163/163 140/140 139/139
f 163/163 139/139 66/66
f 139/139 140/140 130/130
f 139/139 130/130 129/129
f 129/129 130/130 70/70
f 130/130 140/140 131/131
f 131/131 140/140 141/141
f 131/131 141/141 132/132
f 131/131 132/132 72/72
f 72/72 132/132 73/73
f 74/74 73/73 133/133
f 74/74 133/133 134/134
f 74/74 134/134 75/75
f 77/77 76/76 135/135
f 77/77 135/135 136/136
f 77/77 136/136 78/78
f 80/80 79/79 138/138
f 80/80 138/138 149/149
f 80/80 149/149 81/81
f 81/81 149/149 150/150
f 150/150 149/149 173/173
f 150/150 173/173 174/174
f 150/150 174/174 151/151
f 151/151 174/174 175/175
f 151/151 175/175 152/152
f 151/151 152/152 83/83
f 83/83 152/152 84/84
f 85/85 84/84 153/153
f 85/85 153/153 154/154
f 85/85 154/154 86/86
f 86/86 154/154 155/155
f 86/86 155/155 87/87
f 87/87 155/155 156/156
f 156/156 155/155 179/179
f 156/156 179/179 180/180
f 156/156 180/180 157/157
f 157/157 180/180 181/181
f 157/157 181/181 158/158
f 157/157 158/158 89/89
f 89/89 158/158 90/90
f 90/90 158/158 159/159
f 159/159 158/158 182/182
f 159/159 182/182 183/183
f 159/159 183/183 160/160
f 160/160 183/183 184/184
f 160/160 184/184 161/161
f 161/161 184/184 185/185
f 161/161 185/185 162/162
f 161/161 162/162 93/93
f 93/93 162/162 94/94
f 106/106 105/105 197/197
f 106/106 197/197 198/198
f 198/198 197/197 234/234
f 198/198 234/234 235/235
f 198/198 235/235 199/199
f 199/199 235/235 236/236
f 199/199 236/236 237/237
f 237/237 236/236 275/275
f 237/237 275/275 276/276
f 237/237 276/276 238/238
f 238/238 276/276 277/277
f 238/238 277/277 278/278
f 278/278 277/277 318/318
f 278/278 318/318 319/319
f 319/319 318/318 359/359
f 319/319 359/359 119/119
f 119/119 359/359 120/120
f 127/127 126/126 547/547
f 127/127 547/547 548/548
f 548/548 547/547 587/587
f 548/548 587/587 588/588
f 588/588 587/587 628/628
f 628/628 587/587 627/627
f 627/627 587/587 586/586
f 627/627 586/586 626/626
f 627/627 626/626 666/666
f 666/666 626/626 665/665
f 665/665 626/626 625/625
f 665/665 625/625 664/664
f 665/665 664/664 701/701
f 701/701 664/664 700/700
f 701/701 700/700 13/13
f 13/13 700/700 14/14
f 24/24 23/23 727/727
f 727/727 23/23 693/693
f 727/727 693/693 692/692
f 692/692 693/693 654/654
f 692/692 654/654 653/653
f 692/692 653/653 691/691
f 691/691 653/653 652/652
f 691/691 652/652 690/690
f 690/690 652/652 651/651
f 690/690 651/651 689/689
f 689/689 651/651 650/650
f 689/689 650/650 688/688
f 689/689 688/688 723/723
f 688/688 650/650 649/649
f 688/688 649/649 687/687
f 687/687 649/649 648/648
f 687/687 648/648 686/686
f 686/686 648/648 647/647
f 686/686 647/647 685/685
f 686/686 685/685 720/720
f 720/720 685/685 719/719
f 719/719 685/685 684/684
f 719/719 684/684 718/718
f 718/718 684/684 683/683
f 718/718 683/683 717/717
f 718/718 717/717 34/34
f 717/717 683/683 682/682
f 682/682 683/683 644/644
f 682/682 644/644 643/643
f 682/682 643/643 681/681
f 681/681 643/643 642/642
f 681/681 642/642 680/680
f 680/680 642/642 641/641
f 680/680 641/641 679/679
f 680/680 679/679 714/714
f 714/714 679/679 713/713
f 713/713 679/679 678/678
f 713/713 678/678 712/712
f 713/713 712/712 39/39
f 39/39 712/712 40/40
f 40/40 712/712 711/711
f 711/711 712/712 677/677
f 711/711 677/677 676/676
f 711/711 676/676 710/710
f 710/710 676/676 675/675
f 710/710 675/675 709/709
f 710/710 709/709 43/43
f 710/710 43/43 42/42
f 43/43 709/709 732/732
f 732/732 709/709 708/708
f 732/732 708/708 731/731
f 732/732 731/731 45/45
f 731/731 708/708 707/707
f 707/707 708/708 673/673
f 707/707 673/673 672/672
f 707/707 672/672 706/706
f 706/706 672/672 671/671
f 706/706 671/671 705/705
f 705/705 671/671 670/670
f 670/670 671/671 632/632
f 670/670 632/632 631/631
f 631/631 632/632 592/592
f 631/631 592/592 591/591
f 591/591 592/592 551/551
f 591/591 551/551 550/550
f 591/591 550/550 590/590
f 590/590 550/550 549/549
f 590/590 549/549 55/55
f 549/549 550/550 510/510
f 549/549 510/510 509/509
f 509/509 510/510 472/472
f 472/472 510/510 473/473
f 472/472 473/473 436/436
f 472/472 436/436 435/435
f 435/435 436/436 399/399
f 435/435 399/399 398/398
f 398/398 399/399 362/362
f 398/398 362/362 361/361
f 361/361 362/362 323/323
f 361/361 323/323 322/322
f 322/322 323/323 282/282
f 322/322 282/282 281/281
f 322/322 281/281 321/321
f 321/321 281/281 280/280
f 280/280 281/281 240/240
f 280/280 240/240 239/239
f 280/280 239/239 63/63
f 239/239 240/240 201/201
f 201/201 240/240 202/202
f 201/201 202/202 165/165
f 201/201 165/165 164/164
f 164/164 165/165 141/141
f 164/164 141/141 140/140
f 141/141 165/165 142/142
f 141/141 142/142 132/132
f 132/132 142/142 133/133
f 132/132 133/133 73/73
f 133/133 142/142 143/143
f 133/133 143/143 134/134
f 134/134 143/143 144/144
f 134/134 144/144 135/135
f 134/134 135/135 75/75
f 75/75 135/135 76/76
f 135/135 144/144 145/145
f 135/135 145/145 136/136
f 136/136 145/145 146/146
f 136/136 146/146 137/137
f 136/136 137/137 78/78
f 78/78 137/137 79/79
f 79/79 137/137 138/138
f 138/138 137/137 147/147
f 138/138 147/147 148/148
f 138/138 148/148 149/149
f 149/149 148/148 172/172
f 149/149 172/172 173/173
f 173/173 172/172 209/209
f 173/173 209/209 210/210
f 173/173 210/210 174/174
f 174/174 210/210 211/211
f 174/174 211/211 175/175
f 175/175 211/211 212/212
f 175/175 212/212 176/176
f 175/175 176/176 152/152
f 152/152 176/176 153/153
f 152/152 153/153 84/84
f 153/153 176/176 177/177
f 153/153 177/177 154/154
f 154/154 177/177 178/178
f 154/154 178/178 155/155
f 155/155 178/178 179/179
f 179/179 178/178 215/215
f 179/179 215/215 216/216
f 179/179 216/216 180/180
f 180/180 216/216 217/217
f 180/180 217/217 181/181
f 181/181 217/217 218/218
f 181/181 218/218 182/182
f 181/181 182/182 158/158
f 182/182 218/218 219/219
f 182/182 219/219 183/183
f 183/183 219/219 220/220
f 183/183 220/220 184/184
f 184/184 220/220 221/221
f 184/184 221/221 185/185
f 185/185 221/221 222/222
f 185/185 222/222 186/186
f 185/185 186/186 162/162
f 162/162 186/186 187/187
f 162/162 187/187 95/95
f 162/162 95/95 94/94
f 105/105 104/104 196/196
f 105/105 196/196 197/197
f 197/197 196/196 233/233
f 197/197 233/233 234/234
f 234/234 233/233 272/272
f 234/234 272/272 273/273
f 234/234 273/273 235/235
f 235/235 273/273 274/274
f 235/235 274/274 236/236
f 236/236 274/274 275/275
f 275/275 274/274 315/315
f 275/275 315/315 316/316
f 275/275 316/316 276/276
f 276/276 316/316 317/317
f 276/276 317/317 277/277
f 277/277 317/317 318/318
f 318/318 317/317 358/358
f 318/318 358/358 359/359
f 359/359 358/358 120/120
f 120/120 358/358 121/121
f 126/126 125/125 508/508
f 126/126 508/508 547/547
f 547/547 508/508 546/546
f 547/547 546/546 586/586
f 547/547 586/586 587/587
f 586/586 546/546 585/585
f 586/586 585/585 626/626
f 626/626 585/585 625/625
f 625/625 585/585 584/584
f 625/625 584/584 624/624
f 625/625 624/624 664/664
f 664/664 624/624 663/663
f 664/664 663/663 700/700
f 700/700 663/663 699/699
f 700/700 699/699 14/14
f 14/14 699/699 15/15
f 23/23 22/22 694/694
f 23/23 694/694 693/693
f 693/693 694/694 655/655
f 693/693 655/655 654/654
f 654/654 655/655 615/615
f 654/654 615/615 614/614
f 654/654 614/614 653/653
f 653/653 614/614 613/613
f 653/653 613/613 652/652
f 652/652 613/613 612/612
f 652/652 612/612 651/651
f 651/651 612/612 611/611
f 651/651 611/611 650/650
f 650/650 611/611 610/610
f 650/650 610/610 649/649
f 649/649 610/610 609/609
f 649/649 609/609 648/648
f 648/648 609/609 608/608
f 648/648 608/608 647/647
f 647/647 608/608 607/607
f 647/647 607/607 646/646
f 647/647 646/646 685/685
f 685/685 646/646 684/684
f 684/684 646/646 645/645
f 684/684 645/645 683/683
f 683/683 645/645 644/644
f 644/644 645/645 605/605
f 644/644 605/605 604/604
f 644/644 604/604 643/643
f 643/643 604/604 603/603
f 643/643 603/603 642/642
f 642/642 603/603 602/602
f 642/642 602/602 641/641
f 641/641 602/602 601/601
f 641/641 601/601 640/640
f 641/641 640/640 679/679
f 679/679 640/640 678/678
f 678/678 640/640 639/639
f 678/678 639/639 677/677
f 678/678 677/677 712/712
f 677/677 639/639 638/638
f 677/677 638/638 676/676
f 676/676 638/638 637/637
f 676/676 637/637 675/675
f 675/675 637/637 636/636
f 675/675 636/636 674/674
f 675/675 674/674 709/709
f 709/709 674/674 708/708
f 708/708 674/674 673/673
f 673/673 674/674 635/635
f 673/673 635/635 634/634
f 673/673 634/634 672/672
f 672/672 634/634 633/633
f 672/672 633/633 671/671
f 671/671 633/633 632/632
f 632/632 633/633 593/593
f 632/632 593/593 592/592
f 592/592 593/593 552/552
f 592/592 552/552 551/551
f 551/551 552/552 512/512
f 551/551 512/512 511/511
f 551/551 511/511 550/550
f 550/550 511/511 510/510
f 510/510 511/511 473/473
f 473/473 511/511 474/474
f 473/473 474/474 437/437
f 473/473 437/437 436/436
f 436/436 437/437 400/400
f 436/436 400/400 399/399
f 399/399 400/400 363/363
f 399/399 363/363 362/362
f 362/362 363/363 324/324
f 362/362 324/324 323/323
f 323/323 324/324 283/283
f 323/323 283/283 282/282
f 282/282 283/283 242/242
f 282/282 242/242 241/241
f 282/282 241/241 281/281
f 281/281 241/241 240/240
f 240/240 241/241 202/202
f 202/202 241/241 203/203
f 202/202 203/203 166/166
f 202/202 166/166 165/165
f 165/165 166/166 142/142
f 142/142 166/166 143/143
f 143/143 166/166 167/167
f 143/143 167/167 144/144
f 144/144 167/167 168/168
f 144/144 168/168 145/145
f 145/145 168/168 169/169
f 145/145 169/169 146/146
f 146/146 169/169 170/170
f 146/146 170/170 147/147
f 146/146 147/147 137/137
f 147/147 170/170 171/171
f 147/147 171/171 148/148
f 148/148 171/171 172/172
f 172/172 171/171 208/208
f 172/172 208/208 209/209
f 209/209 208/208 247/247
f 209/209 247/247 248/248
f 209/209 248/248 210/210
f 210/210 248/248 249/249
f 210/210 249/249 211/211
f 211/211 249/249 250/250
f 211/211 250/250 212/212
f 212/212 250/250 251/251
f 212/212 251/251 213/213
f 212/212 213/213 176/176
f 176/176 213/213 177/177
f 177/177 213/213 214/214
f 177/177 214/214 178/178
f 178/178 214/214 215/215
f 215/215 214/214 253/253
f 215/215 253/253 254/254
f 215/215 254/254 216/216
f 216/216 254/254 255/255
f 216/216 255/255 217/217
f 217/217 255/255 256/256
f 217/217 256/256 218/218
f 218/218 256/256 257/257
f 218/218 257/257 219/219
f 219/219 257/257 258/258
f 219/219 258/258 220/220
f 220/220 258/258 259/259
f 220/220 259/259 221/221
f 221/221 259/259 260/260
f 221/221 260/260 222/222
f 222/222 260/260 261/261
f 222/222 261/261 223/223
f 222/222 223/223 186/186
f 186/186 223/223 187/187
f 187/187 223/223 224/224
f 187/187 224/224 188/188
f 187/187 188/188 96/96
f 187/187 96/96 95/95
f 104/104 103/103 195/195
f 104/104 195/195 196/196
f 196/196 195/195 232/232
f 196/196 232/232 233/233
f 233/233 232/232 271/271
f 233/233 271/271 272/272
f 272/272 271/271 312/312
f 272/272 312/312 313/313
f 272/272 313/313 273/273
f 273/273 313/313 314/314
f 273/273 314/314 274/274
f 274/274 314/314 315/315
f 315/315 314/314 355/355
f 315/315 355/355 356/356
f 315/315 356/356 316/316
f 316/316 356/356 357/357
f 316/316 357/357 317/317
f 317/317 357/357 358/358
f 358/358 357/357 396/396
f 358/358 396/396 121/121
f 121/121 396/396 122/122
f 125/125 124/124 508/508
f 508/508 124/124 470/470
f 508/508 470/470 507/507
f 508/508 507/507 545/545
f 508/508 545/545 546/546
f 546/546 545/545 585/585
f 585/585 545/545 584/584
f 584/584 545/545 544/544
f 584/584 544/544 583/583
f 584/584 583/583 624/624
f 624/624 583/583 623/623
f 624/624 623/623 663/663
f 663/663 623/623 662/662
f 663/663 662/662 699/699
f 699/699 662/662 698/698
f 699/699 698/698 15/15
f 15/15 698/698 16/16
f 22/22 21/21 694/694
f 694/694 21/21 695/695
f 694/694 695/695 656/656
f 694/694 656/656 655/655
f 655/655 656/656 616/616
f 655/655 616/616 615/615
f 615/615 616/616 575/575
f 615/615 575/575 574/574
f 615/615 574/574 614/614
f 614/614 574/574 573/573
f 614/614 573/573 613/613
f 613/613 573/573 572/572
f 613/613 572/572 612/612
f 612/612 572/572 571/571
f 612/612 571/571 611/611
f 611/611 571/571 570/570
f 611/611 570/570 610/610
f 610/610 570/570 569/569
f 610/610 569/569 609/609
f 609/609 569/569 568/568
f 609/609 568/568 608/608
f 608/608 568/568 567/567
f 608/608 567/567 607/607
f 607/607 567/567 566/566
f 607/607 566/566 606/606
f 607/607 606/606 646/646
f 646/646 606/606 645/645
f 645/645 606/606 605/605
f 605/605 606/606 565/565
f 605/605 565/565 564/564
f 605/605 564/564 604/604
f 604/604 564/564 563/563
f 604/604 563/563 603/603
f 603/603 563/563 562/562
f 603/603 562/562 602/602
f 602/602 562/562 561/561
f 602/602 561/561 601/601
f 601/601 561/561 560/560
f 601/601 560/560 600/600
f 601/601 600/600 640/640
f 640/640 600/600 639/639
f 639/639 600/600 599/599
f 639/639 599/599 638/638
f 638/638 599/599 598/598
f 638/638 598/598 637/637
f 637/637 598/598 597/597
f 637/637 597/597 636/636
f 636/636 597/597 596/596
f 636/636 596/596 635/635
f 636/636 635/635 674/674
f 635/635 596/596 595/595
f 635/635 595/595 634/634
f 634/634 595/595 594/594
f 634/634 594/594 633/633
f 633/633 594/594 593/593
f 593/593 594/594 553/553
f 593/593 553/553 552/552
f 552/552 553/553 513/513
f 552/552 513/513 512/512
f 512/512 513/513 475/475
f 512/512 475/475 474/474
f 512/512 474/474 511/511
f 474/474 475/475 438/438
f 474/474 438/438 437/437
f 437/437 438/438 401/401
f 437/437 401/401 400/400
f 400/400 401/401 364/364
f 400/400 364/364 363/363
f 363/363 364/364 325/325
f 363/363 325/325 324/324
f 324/324 325/325 284/284
f 324/324 284/284 283/283
f 283/283 284/284 243/243
f 283/283 243/243 242/242
f 242/242 243/243 204/204
f 242/242 204/204 203/203
f 242/242 203/203 241/241
f 203/203 204/204 167/167
f 203/203 167/167 166/166
f 167/167 204/204 168/168
f 168/168 204/204 205/205
f 168/168 205/205 169/169
f 169/169 205/205 206/206
f 169/169 206/206 170/170
f 170/170 206/206 207/207
f 170/170 207/207 171/171
f 171/171 207/207 208/208
f 208/208 207/207 246/246
f 208/208 246/246 247/247
f 247/247 246/246 287/287
f 247/247 287/287 288/288
f 247/247 288/288 248/248
f 248/248 288/288 289/289
f 248/248 289/289 249/249
f 249/249 289/289 290/290
f 249/249 290/290 250/250
f 250/250 290/290 291/291
f 250/250 291/291 251/251
f 251/251 291/291 292/292
f 251/251 292/292 252/252
f 251/251 252/252 213/213
f 213/213 252/252 214/214
f 214/214 252/252 253/253
f 253/253 252/252 293/293
f 253/253 293/293 294/294
f 253/253 294/294 254/254
f 254/254 294/294 295/295
f 254/254 295/295 255/255
f 255/255 295/295 296/296
f 255/255 296/296 256/256
f 256/256 296/296 297/297
f 256/256 297/297 257/257
f 257/257 297/297 298/298
f 257/257 298/298 258/258
f 258/258 298/298 299/299
f 258/258 299/299 259/259
f 259/259 299/299 300/300
f 259/259 300/300 260/260
f 260/260 300/300 301/301
f 260/260 301/301 261/261
f 261/261 301/301 302/302
f 261/261 302/302 262/262
f 261/261 262/262 223/223
f 223/223 262/262 224/224
f 224/224 262/262 263/263
f 224/224 263/263 225/225
f 224/224 225/225 188/188
f 188/188 225/225 189/189
f 188/188 189/189 97/97
f 188/188 97/97 96/96
f 103/103 102/102 194/194
f 103/103 194/194 195/195
f 195/195 194/194 231/231
f 195/195 231/231 232/232
f 232/232 231/231 270/270
f 232/232 270/270 271/271
f 271/271 270/270 311/311
f 271/271 311/311 312/312
f 312/312 311/311 352/352
f 312/312 352/352 353/353
f 312/312 353/353 313/313
f 313/313 353/353 354/354
f 313/313 354/354 314/314
f 314/314 354/354 355/355
f 355/355 354/354 393/393
f 355/355 393/393 394/394
f 355/355 394/394 356/356
f 356/356 394/394 395/395
f 356/356 395/395 357/357
f 357/357 395/395 396/396
f 396/396 395/395 432/432
f 396/396 432/432 433/433
f 396/396 433/433 122/122
f 122/122 433/433 123/123
f 124/124 123/123 470/470
f 470/470 123/123 433/433
f 470/470 433/433 469/469
f 470/470 469/469 506/506
f 470/470 506/506 507/507
f 507/507 506/506 544/544
f 507/507 544/544 545/545
f 544/544 506/506 543/543
f 544/544 543/543 583/583
f 583/583 543/543 582/582
f 583/583 582/582 623/623
f 623/623 582/582 622/622
f 623/623 622/622 662/662
f 662/662 622/622 661/661
f 662/662 661/661 698/698
f 698/698 661/661 697/697
f 698/698 697/697 16/16
f 16/16 697/697 17/17
f 21/21 20/20 695/695
f 695/695 20/20 696/696
f 695/695 696/696 657/657
f 695/695 657/657 656/656
f 656/656 657/657 617/617
f 656/656 617/617 616/616
f 616/616 617/617 576/576
f 616/616 576/576 575/575
f 575/575 576/576 536/536
f 575/575 536/536 535/535
f 575/575 535/535 574/574
f 574/574 535/535 534/534
f 574/574 534/534 573/573
f 573/573 534/534 533/533
f 573/573 533/533 572/572
f 572/572 533/533 532/532
f 572/572 532/532 571/571
f 571/571 532/532 531/531
f 571/571 531/531 570/570
f 570/570 531/531 530/530
f 570/570 530/530 569/569
f 569/569 530/530 529/529
f 569/569 529/529 568/568
f 568/568 529/529 528/528
f 568/568 528/528 567/567
f 567/567 528/528 527/527
f 567/567 527/527 566/566
f 566/566 527/527 526/526
f 566/566 526/526 565/565
f 566/566 565/565 606/606
f 565/565 526/526 525/525
f 565/565 525/525 564/564
f 564/564 525/525 524/524
f 564/564 524/524 563/563
f 563/563 524/524 523/523
f 563/563 523/523 562/562
f 562/562 523/523 522/522
f 562/562 522/522 561/561
f 561/561 522/522 521/521
f 561/561 521/521 560/560
f 560/560 521/521 520/520
f 560/560 520/520 559/559
f 560/560 559/559 600/600
f 600/600 559/559 599/599
f 599/599 559/559 558/558
f 599/599 558/558 598/598
f 598/598 558/558 557/557
f 598/598 557/557 597/597
f 597/597 557/557 556/556
f 597/597 556/556 596/596
f 596/596 556/556 555/555
f 596/596 555/555 595/595
f 595/595 555/555 554/554
f 595/595 554/554 594/594
f 594/594 554/554 553/553
f 553/553 554/554 514/514
f 553/553 514/514 513/513
f 513/513 514/514 476/476
f 513/513 476/476 475/475
f 475/475 476/476 439/439
f 475/475 439/439 438/438
f 438/438 439/439 402/402
f 438/438 402/402 401/401
f 401/401 402/402 365/365
f 401/401 365/365 364/364
f 364/364 365/365 326/326
f 364/364 326/326 325/325
f 325/325 326/326 285/285
f 325/325 285/285 284/284
f 284/284 285/285 244/244
f 284/284 244/244 243/243
f 243/243 244/244 205/205
f 243/243 205/205 204/204
f 205/205 244/244 206/206
f 206/206 244/244 245/245
f 206/206 245/245 207/207
f 207/207 245/245 246/246
f 246/246 245/245 286/286
f 246/246 286/286 287/287
f 287/287 286/286 327/327
f 287/287 327/327 328/328
f 287/287 328/328 288/288
f 288/288 328/328 329/329
f 288/288 329/329 289/289
f 289/289 329/329 330/330
f 289/289 330/330 290/290
f 290/290 330/330 331/331
f 290/290 331/331 291/291
f 291/291 331/331 332/332
f 291/291 332/332 292/292
f 292/292 332/332 333/333
f 292/292 333/333 293/293
f 292/292 293/293 252/252
f 293/293 333/333 334/334
f 293/293 334/334 294/294
f 294/294 334/334 335/335
f 294/294 335/335 295/295
f 295/295 335/335 336/336
f 295/295 336/336 296/296
f 296/296 336/336 337/337
f 296/296 337/337 297/297
f 297/297 337/337 338/338
f 297/297 338/338 298/298
f 298/298 338/338 339/339
f 298/298 339/339 299/299
f 299/299 339/339 340/340
f 299/299 340/340 300/300
f 300/300 340/340 341/341
f 300/300 341/341 301/301
f 301/301 341/341 342/342
f 301/301 342/342 302/302
f 302/302 342/342 343/343
f 302/302 343/343 303/303
f 302/302 303/303 262/262
f 262/262 303/303 263/263
f 263/263 303/303 304/304
f 263/263 304/304 264/264
f 263/263 264/264 225/225
f 225/225 264/264 226/226
f 225/225 226/226 189/189
f 189/189 226/226 190/190
f 189/189 190/190 98/98
f 189/189 98/98 97/97
f 102/102 101/101 193/193
f 102/102 193/193 194/194
f 194/194 193/193 230/230
f 194/194 230/230 231/231
f 231/231 230/230 269/269
f 231/231 269/269 270/270
f 270/270 269/269 310/310
f 270/270 310/310 311/311
f 311/311 310/310 351/351
f 311/311 351/351 352/352
f 352/352 351/351 390/390
f 352/352 390/390 391/391
f 352/352 391/391 353/353
f 353/353 391/391 392/392
f 353/353 392/392 354/354
f 354/354 392/392 393/393
f 393/393 392/392 429/429
f 393/393 429/429 430/430
f 393/393 430/430 394/394
f 394/394 430/430 431/431
f 394/394 431/431 395/395
f 395/395 431/431 432/432
f 432/432 431/431 468/468
f 432/432 468/468 469/469
f 432/432 469/469 433/433
f 469/469 468/468 505/505
f 469/469 505/505 506/506
f 506/506 505/505 543/543
f 543/543 505/505 542/542
f 543/543 542/542 582/582
f 582/582 542/542 581/581
f 582/582 581/581 622/622
f 622/622 581/581 621/621
f 622/622 621/621 661/661
f 661/661 621/621 660/660
f 661/661 660/660 697/697
f 697/697 660/660 659/659
f 697/697 659/659 18/18
f 697/697 18/18 17/17
f 20/20 19/19 696/696
f 696/696 19/19 658/658
f 696/696 658/658 657/657
f 657/657 658/658 618/618
f 657/657 618/618 617/617
f 617/617 618/618 577/577
f 617/617 577/577 576/576
f 576/576 577/577 537/537
f 576/576 537/537 536/536
f 536/536 537/537 499/499
f 536/536 499/499 498/498
f 536/536 498/498 535/535
f 535/535 498/498 497/497
f 535/535 497/497 534/534
f 534/534 497/497 496/496
f 534/534 496/496 533/533
f 533/533 496/496 495/495
f 533/533 495/495 532/532
f 532/532 495/495 494/494
f 532/532 494/494 531/531
f 531/531 494/494 493/493
f 531/531 493/493 530/530
f 530/530 493/493 492/492
f 530/530 492/492 529/529
f 529/529 492/492 491/491
f 529/529 491/491 528/528
f 528/528 491/491 490/490
f 528/528 490/490 527/527
f 527/527 490/490 489/489
f 527/527 489/489 526/526
f 526/526 489/489 488/488
f 526/526 488/488 525/525
f 525/525 488/488 487/487
f 525/525 487/487 524/524
f 524/524 487/487 486/486
f 524/524 486/486 523/523
f 523/523 486/486 485/485
f 523/523 485/485 522/522
f 522/522 485/485 484/484
f 522/522 484/484 521/521
f 521/521 484/484 483/483
f 521/521 483/483 520/520
f 520/520 483/483 482/482
f 520/520 482/482 519/519
f 520/520 519/519 559/559
f 559/559 519/519 558/558
f 558/558 519/519 518/518
f 558/558 518/518 557/557
f 557/557 518/518 517/517
f 557/557 517/517 556/556
f 556/556 517/517 516/516
f 556/556 516/516 555/555
f 555/555 516/516 515/515
f 555/555 515/515 554/554
f 554/554 515/515 514/514
f 514/514 515/515 477/477
f 514/514 477/477 476/476
f 476/476 477/477 440/440
f 476/476 440/440 439/439
f 439/439 440/440 403/403
f 439/439 403/403 402/402
f 402/402 403/403 366/366
f 402/402 366/366 365/365
f 365/365 366/366 327/327
f 365/365 327/327 326/326
f 326/326 327/327 286/286
f 326/326 286/286 285/285
f 285/285 286/286 245/245
f 285/285 245/245 244/244
f 327/327 366/366 328/328
f 328/328 366/366 367/367
f 328/328 367/367 329/329
f 329/329 367/367 368/368
f 329/329 368/368 330/330
f 330/330 368/368 369/369
f 330/330 369/369 331/331
f 331/331 369/369 370/370
f 331/331 370/370 332/332
f 332/332 370/370 371/371
f 332/332 371/371 333/333
f 333/333 371/371 372/372
f 333/333 372/372 334/334
f 334/334 372/372 373/373
f 334/334 373/373 335/335
f 335/335 373/373 374/374
f 335/335 374/374 336/336
f 336/336 374/374 375/375
f 336/336 375/375 337/337
f 337/337 375/375 376/376
f 337/337 376/376 338/338
f 338/338 376/376 377/377
f 338/338 377/377 339/339
f 339/339 377/377 378/378
f 339/339 378/378 340/340
f 340/340 378/378 379/379
f 340/340 379/379 341/341
f 341/341 379/379 380/380
f 341/341 380/380 342/342
f 342/342 380/380 381/381
f 342/342 381/381 343/343
f 343/343 381/381 382/382
f 343/343 382/382 344/344
f 343/343 344/344 303/303
f 303/303 344/344 304/304
f 304/304 344/344 345/345
f 304/304 345/345 305/305
f 304/304 305/305 264/264
f 264/264 305/305 265/265
f 264/264 265/265 226/226
f 226/226 265/265 227/227
f 226/226 227/227 190/190
f 190/190 227/227 191/191
f 190/190 191/191 99/99
f 190/190 99/99 98/98
f 101/101 100/100 192/192
f 101/101 192/192 193/193
f 193/193 192/192 229/229
f 193/193 229/229 230/230
f 230/230 229/229 268/268
f 230/230 268/268 269/269
f 269/269 268/268 309/309
f 269/269 309/309 310/310
f 310/310 309/309 350/350
f 310/310 350/350 351/351
f 351/351 350/350 389/389
f 351/351 389/389 390/390
f 390/390 389/389 426/426
f 390/390 426/426 427/427
f 390/390 427/427 391/391
f 391/391 427/427 428/428
f 391/391 428/428 392/392
f 392/392 428/428 429/429
f 429/429 428/428 465/465
f 429/429 465/465 466/466
f 429/429 466/466 430/430
f 430/430 466/466 467/467
f 430/430 467/467 431/431
f 431/431 467/467 468/468
f 468/468 467/467 504/504
f 468/468 504/504 505/505
f 505/505 504/504 542/542
f 542/542 504/504 541/541
f 542/542 541/541 581/581
f 581/581 541/541 580/580
f 581/581 580/580 621/621
f 621/621 580/580 620/620
f 621/621 620/620 660/660
f 660/660 620/620 659/659
f 659/659 620/620 619/619
f 659/659 619/619 658/658
f 659/659 658/658 19/19
f 659/659 19/19 18/18
f 658/658 619/619 618/618
f 618/618 619/619 578/578
f 618/618 578/578 577/577
f 577/577 578/578 538/538
f 577/577 538/538 537/537
f 537/537 538/538 500/500
f 537/537 500/500 499/499
f 499/499 500/500 463/463
f 499/499 463/463 462/462
f 499/499 462/462 498/498
f 498/498 462/462 461/461
f 498/498 461/461 497/497
f 497/497 461/461 460/460
f 497/497 460/460 496/496
f 496/496 460/460 459/459
f 496/496 459/459 495/495
f 495/495 459/459 458/458
f 495/495 458/458 494/494
f 494/494 458/458 457/457
f 494/494 457/457 493/493
f 493/493 457/457 456/456
f 493/493 456/456 492/492
f 492/492 456/456 455/455
f 492/492 455/455 491/491
f 491/491 455/455 454/454
f 491/491 454/454 490/490
f 490/490 454/454 453/453
f 490/490 453/453 489/489
f 489/489 453/453 452/452
f 489/489 452/452 488/488
f 488/488 452/452 451/451
f 488/488 451/451 487/487
f 487/487 451/451 450/450
f 487/487 450/450 486/486
f 486/486 450/450 449/449
f 486/486 449/449 485/485
f 485/485 449/449 448/448
f 485/485 448/448 484/484
f 484/484 448/448 447/447
f 484/484 447/447 483/483
f 483/483 447/447 446/446
f 483/483 446/446 482/482
f 482/482 446/446 445/445
f 482/482 445/445 481/481
f 482/482 481/481 519/519
f 519/519 481/481 518/518
f 518/518 481/481 480/480
f 518/518 480/480 517/517
f 517/517 480/480 479/479
f 517/517 479/479 516/516
f 516/516 479/479 478/478
f 516/516 478/478 515/515
f 515/515 478/478 477/477
f 477/477 478/478 441/441
f 477/477 441/441 440/440
f 440/440 441/441 404/404
f 440/440 404/404 403/403
f 403/403 404/404 367/367
f 403/403 367/367 366/366
f 367/367 404/404 368/368
f 368/368 404/404 405/405
f 368/368 405/405 369/369
f 369/369 405/405 406/406
f 369/369 406/406 370/370
f 370/370 406/406 407/407
f 370/370 407/407 371/371
f 371/371 407/407 408/408
f 371/371 408/408 372/372
f 372/372 408/408 409/409
f 372/372 409/409 373/373
f 373/373 409/409 410/410
f 373/373 410/410 374/374
f 374/374 410/410 411/411
f 374/374 411/411 375/375
f 375/375 411/411 412/412
f 375/375 412/412 376/376
f 376/376 412/412 413/413
f 376/376 413/413 377/377
f 377/377 413/413 414/414
f 377/377 414/414 378/378
f 378/378 414/414 415/415
f 378/378 415/415 379/379
f 379/379 415/415 416/416
f 379/379 416/416 380/380
f 380/380 416/416 417/417
f 380/380 417/417 381/381
f 381/381 417/417 418/418
f 381/381 418/418 382/382
f 382/382 418/418 419/419
f 382/382 419/419 383/383
f 382/382 383/383 344/344
f 344/344 383/383 345/345
f 345/345 383/383 384/384
f 345/345 384/384 346/346
f 345/345 346/346 305/305
f 305/305 346/346 306/306
f 305/305 306/306 265/265
f 265/265 306/306 266/266
f 265/265 266/266 227/227
f 227/227 266/266 228/228
f 227/227 228/228 191/191
f 191/191 228/228 192/192
f 191/191 192/192 100/100
f 191/191 100/100 99/99
f 192/192 228/228 229/229
f 229/229 228/228 267/267
f 229/229 267/267 268/268
f 268/268 267/267 308/308
f 268/268 308/308 309/309
f 309/309 308/308 349/349
f 309/309 349/349 350/350
f 350/350 349/349 388/388
f 350/350 388/388 389/389
f 389/389 388/388 425/425
f 389/389 425/425 426/426
f 426/426 425/425 462/462
f 426/426 462/462 463/463
f 426/426 463/463 427/427
f 427/427 463/463 464/464
f 427/427 464/464 428/428
f 428/428 464/464 465/465
f 465/465 464/464 501/501
f 465/465 501/501 502/502
f 465/465 502/502 466/466
f 466/466 502/502 503/503
f 466/466 503/503 467/467
f 467/467 503/503 504/504
f 504/504 503/503 541/541
f 541/541 503/503 540/540
f 541/541 540/540 580/580
f 580/580 540/540 579/579
f 580/580 579/579 620/620
f 620/620 579/579 619/619
f 619/619 579/579 578/578
f 578/578 579/579 539/539
f 578/578 539/539 538/538
f 538/538 539/539 501/501
f 538/538 501/501 500/500
f 500/500 501/501 464/464
f 500/500 464/464 463/463
f 501/501 539/539 502/502
f 502/502 539/539 540/540
f 502/502 540/540 503/503
f 540/540 539/539 579/579
f 462/462 425/425 461/461
f 461/461 425/425 424/424
f 461/461 424/424 460/460
f 460/460 424/424 423/423
f 460/460 423/423 459/459
f 459/459 423/423 422/422
f 459/459 422/422 458/458
f 458/458 422/422 421/421
f 458/458 421/421 457/457
f 457/457 421/421 420/420
f 457/457 420/420 456/456
f 456/456 420/420 419/419
f 456/456 419/419 455/455
f 455/455 419/419 418/418
f 455/455 418/418 454/454
f 454/454 418/418 417/417
f 454/454 417/417 453/453
f 453/453 417/417 416/416
f 453/453 416/416 452/452
f 452/452 416/416 415/415
f 452/452 415/415 451/451
f 451/451 415/415 414/414
f 451/451 414/414 450/450
f 450/450 414/414 413/413
f 450/450 413/413 449/449
f 449/449 413/413 412/412
f 449/449 412/412 448/448
f 448/448 412/412 411/411
f 448/448 411/411 447/447
f 447/447 411/411 410/410
f 447/447 410/410 446/446
f 446/446 410/410 409/409
f 446/446 409/409 445/445
f 445/445 409/409 408/408
f 445/445 408/408 444/444
f 445/445 444/444 481/481
f 481/481 444/444 480/480
f 480/480 444/444 443/443
f 480/480 443/443 479/479
f 479/479 443/443 442/442
f 479/479 442/442 478/478
f 478/478 442/442 441/441
f 441/441 442/442 405/405
f 441/441 405/405 404/404
f 405/405 442/442 406/406
f 406/406 442/442 443/443
f 406/406 443/443 407/407
f 407/407 443/443 444/444
f 407/407 444/444 408/408
f 419/419 420/420 383/383
f 383/383 420/420 384/384
f 384/384 420/420 421/421
f 384/384 421/421 385/385
f 384/384 385/385 346/346
f 346/346 385/385 347/347
f 346/346 347/347 306/306
f 306/306 347/347 307/307
f 306/306 307/307 266/266
f 266/266 307/307 267/267
f 266/266 267/267 228/228
f 267/267 307/307 308/308
f 308/308 307/307 348/348
f 308/308 348/348 349/349
f 349/349 348/348 387/387
f 349/349 387/387 388/388
f 388/388 387/387 424/424
f 388/388 424/424 425/425
f 424/424 387/387 423/423
f 423/423 387/387 386/386
f 423/423 386/386 422/422
f 422/422 386/386 385/385
f 422/422 385/385 421/421
f 385/385 386/386 347/347
f 347/347 386/386 348/348
f 347/347 348/348 307/307
f 348/348 386/386 387/387

g back_left_panel
usemtl Material_back_left_panel
v 0.00000 1.22870 -0.24000
v -0.02310 1.23420 -0.23850
v -0.04590 1.25060 -0.23390
v -0.06780 1.27800 -0.20960
v -0.09320 1.32870 -0.16700
v -0.10770 1.36570 -0.11800
v -0.13220 1.35900 -0.11800
v -0.15180 1.35240 -0.11800
v -0.16570 1.34570 -0.11800
v -0.17400 1.33040 -0.11700
v -0.18310 1.31420 -0.12610
v -0.18860 1.29410 -0.13610
v -0.17840 1.26420 -0.02480
v -0.17460 1.23680 -0.01710
v -0.16350 1.18430 -0.07350
v -0.16900 1.18100 -0.07370
v -0.17440 1.15730 -0.07920
v -0.17440 1.13000 -0.07920
v -0.17440 1.10260 -0.07930
v -0.17440 1.07520 -0.07930
v -0.17440 1.04780 -0.07940
v -0.17440 1.02050 -0.07940
v -0.17440 0.99310 -0.07950
v -0.17400 0.96570 -0.08410
v -0.17400 0.93710 -0.08390
v -0.17400 0.90860 -0.08360
v -0.17400 0.88000 -0.08340
v -0.17400 0.85140 -0.08320
v -0.17630 0.82300 -0.08350
v -0.17630 0.79440 -0.08340
v -0.18020 0.76620 -0.07810
v -0.18340 0.73700 -0.07940
v -0.18620 0.70660 -0.08220
v -0.18640 0.67570 -0.08350
v -0.18370 0.64590 -0.08260
v -0.18090 0.61690 -0.08140
v -0.17630 0.58810 -0.07790
v -0.17460 0.55870 -0.07690
v -0.17460 0.52920 -0.07690
v -0.17460 0.49960 -0.07690
v -0.17460 0.47010 -0.07690
v -0.17460 0.44050 -0.07690
v -0.17460 0.41090 -0.07690
v -0.17460 0.38140 -0.07690
v -0.17460 0.35180 -0.07690
v -0.17460 0.32220 -0.07690
v -0.17460 0.29270 -0.07690
v -0.17460 0.26310 -0.07690
v -0.17460 0.23350 -0.07690
v -0.17460 0.20400 -0.07690
v -0.17460 0.17440 -0.07690
v -0.17460 0.14480 -0.07690
v -0.17460 0.11530 -0.07690
v -0.17470 0.08570 -0.07600
v -0.17100 0.08570 -0.10210
v -0.16350 0.08570 -0.12740
v -0.15230 0.08570 -0.15120
v -0.13760 0.08570 -0.17310
v -0.11980 0.08570 -0.19260
v -0.09930 0.08570 -0.20910
v -0.07650 0.08570 -0.22240
v -0.05200 0.08570 -0.23210
v -0.02630 0.08570 -0.23800
v 0.00000 0.08570 -0.24000
v 0.00000 0.11500 -0.24000
v 0.00000 0.14430 -0.24000
v 0.00000 0.17360 -0.24000
v 0.00000 0.20290 -0.24000
v 0.00000 0.23220 -0.24000
v 0.00000 0.26160 -0.24000
v 0.00000 0.29090 -0.24000
v 0.00000 0.32020 -0.24000
v 0.00000 0.34950 -0.24000
v 0.00000 0.37880 -0.24000
v 0.00000 0.40810 -0.24000
v 0.00000 0.43740 -0.24000
v 0.00000 0.46670 -0.24000
v 0.00000 0.49600 -0.24000
v 0.00000 0.52530 -0.24000
v 0.00000 0.55460 -0.24000
v 0.00000 0.58390 -0.24000
v 0.00000 0.61320 -0.24000
v 0.00000 0.64260 -0.24000
v 0.00000 0.67190 -0.24000
v 0.00000 0.70120 -0.24000
v 0.00000 0.73050 -0.24000
v 0.00000 0.75980 -0.24000
v 0.00000 0.78910 -0.24000
v 0.00000 0.81840 -0.24000
v 0.00000 0.84770 -0.24000
v 0.00000 0.87700 -0.24000
v 0.00000 0.90630 -0.24000
v 0.00000 0.93560 -0.24000
v 0.00000 0.96490 -0.24000
v 0.00000 0.99420 -0.24000
v 0.00000 1.02360 -0.24000
v 0.00000 1.05290 -0.24000
v 0.00000 1.08220 -0.24000
v 0.00000 1.11150 -0.24000
v 0.00000 1.14080 -0.24000
v 0.00000 1.17010 -0.24000
v 0.00000 1.19940 -0.24000
v -0.17070 0.11570 -0.10370
v -0.17100 0.14570 -0.10210
v -0.17120 0.17570 -0.10130
v -0.17140 0.20570 -0.10050
v -0.17150 0.23570 -0.09970
v -0.17170 0.26570 -0.09890
v -0.17180 0.29570 -0.09810
v -0.17200 0.32570 -0.09730
v -0.17220 0.35570 -0.09640
v -0.17230 0.38570 -0.09560
v -0.16230 0.11570 -0.13040
v -0.16280 0.14570 -0.12910
v -0.16310 0.17570 -0.12840
v -0.16340 0.20570 -0.12780
v -0.16360 0.23570 -0.12710
v -0.16390 0.26570 -0.12640
v -0.16410 0.29570 -0.12570
v -0.16440 0.32570 -0.12500
v -0.16460 0.35570 -0.12430
v -0.16490 0.38570 -0.12360
v -0.16510 0.41570 -0.12290
v -0.16540 0.44570 -0.12220
v -0.16560 0.47570 -0.12140
v -0.16590 0.50570 -0.12070
v -0.16610 0.53570 -0.12000
v -0.16640 0.56570 -0.11920
v -0.16660 0.59570 -0.11850
v -0.16690 0.62570 -0.11770
v -0.16710 0.65570 -0.11700
v -0.16870 0.68550 -0.11700
v -0.16890 0.71570 -0.11630
v -0.16790 0.74570 -0.11460
v -0.16800 0.77570 -0.11380
v -0.16960 0.80570 -0.10800
v -0.17110 0.83570 -0.10180
v -0.14980 0.11570 -0.15550
v -0.15040 0.14570 -0.15440
v -0.15080 0.17570 -0.15390
v -0.15110 0.20570 -0.15330
v -0.15140 0.23570 -0.15280
v -0.15170 0.26570 -0.15220
v -0.15200 0.29570 -0.15170
v -0.15230 0.32570 -0.15110
v -0.15260 0.35570 -0.15060
v -0.15300 0.38570 -0.15000
v -0.15330 0.41570 -0.14940
v -0.15360 0.44570 -0.14890
v -0.15390 0.47570 -0.14830
v -0.15420 0.50570 -0.14770
v -0.15460 0.53570 -0.14710
v -0.15490 0.56570 -0.14650
v -0.15520 0.59570 -0.14590
v -0.15550 0.62570 -0.14530
v -0.15580 0.65570 -0.14470
v -0.15610 0.68570 -0.14400
v -0.15650 0.71570 -0.14340
v -0.15680 0.74570 -0.14280
v -0.15710 0.77570 -0.14210
v -0.15930 0.80570 -0.13740
v -0.16150 0.83570 -0.13240
v -0.16370 0.86570 -0.12700
v -0.16570 0.89570 -0.12120
v -0.16770 0.92570 -0.11500
v -0.16960 0.95570 -0.10830
v -0.17050 0.98570 -0.10420
v -0.16980 1.01570 -0.10720
v -0.16830 1.04570 -0.11300
v -0.16750 1.07570 -0.11570
v -0.16670 1.10570 -0.11840
v -0.16580 1.13570 -0.12100
v -0.17170 1.16360 -0.12500
v -0.16880 1.18670 -0.13560
v -0.17320 1.20290 -0.14650
v -0.13350 0.11570 -0.17820
v -0.13410 0.14570 -0.17740
v -0.13450 0.17570 -0.17700
v -0.13480 0.20570 -0.17660
v -0.13510 0.23570 -0.17620
v -0.13550 0.26570 -0.17580
v -0.13580 0.29570 -0.17540
v -0.13620 0.32570 -0.17490
v -0.13650 0.35570 -0.17450
v -0.13680 0.38570 -0.17410
v -0.13720 0.41570 -0.17360
v -0.13750 0.44570 -0.17320
v -0.13790 0.47570 -0.17280
v -0.13820 0.50570 -0.17230
v -0.13860 0.53570 -0.17190
v -0.13890 0.56570 -0.17140
v -0.13930 0.59570 -0.17100
v -0.13960 0.62570 -0.17050
v -0.14000 0.65570 -0.17000
v -0.14030 0.68570 -0.16960
v -0.14070 0.71570 -0.16910
v -0.14100 0.74570 -0.16860
v -0.14140 0.77570 -0.16810
v -0.14390 0.80570 -0.16450
v -0.14650 0.83570 -0.16070
v -0.14920 0.86570 -0.15650
v -0.15180 0.89570 -0.15210
v -0.15450 0.92570 -0.14720
v -0.15710 0.95570 -0.14200
v -0.15870 0.98570 -0.13880
v -0.15750 1.01570 -0.14120
v -0.15530 1.04570 -0.14570
v -0.15420 1.07570 -0.14780
v -0.15300 1.10570 -0.14990
v -0.15190 1.13570 -0.15190
v -0.15120 1.16540 -0.15420
v -0.15750 1.19320 -0.16220
v -0.16370 1.22280 -0.16450
v -0.19180 1.27620 -0.14360
v -0.18440 1.29830 -0.13640
v -0.11370 0.11570 -0.19800
v -0.11430 0.14570 -0.19750
v -0.11470 0.17570 -0.19720
v -0.11500 0.20570 -0.19690
v -0.11530 0.23570 -0.19660
v -0.11560 0.26570 -0.19630
v -0.11600 0.29570 -0.19610
v -0.11630 0.32570 -0.19580
v -0.11660 0.35570 -0.19550
v -0.11700 0.38570 -0.19520
v -0.11730 0.41570 -0.19490
v -0.11760 0.44570 -0.19460
v -0.11800 0.47570 -0.19430
v -0.11830 0.50570 -0.19390
v -0.11870 0.53570 -0.19360
v -0.11900 0.56570 -0.19330
v -0.11930 0.59570 -0.19300
v -0.11970 0.62570 -0.19270
v -0.12000 0.65570 -0.19230
v -0.12040 0.68570 -0.19200
v -0.12070 0.71570 -0.19170
v -0.12110 0.74570 -0.19130
v -0.12140 0.77570 -0.19100
v -0.12400 0.80570 -0.18850
v -0.12660 0.83570 -0.18580
v -0.12940 0.86570 -0.18280
v -0.13220 0.89570 -0.17970
v -0.13510 0.92570 -0.17620
v -0.13810 0.95570 -0.17250
v -0.13980 0.98570 -0.17020
v -0.13850 1.01570 -0.17190
v -0.13600 1.04570 -0.17510
v -0.13470 1.07570 -0.17670
v -0.13350 1.10570 -0.17810
v -0.13230 1.13570 -0.17960
v -0.13110 1.16570 -0.18090
v -0.13110 1.19570 -0.18090
v -0.13640 1.22540 -0.17960
v -0.16560 1.25850 -0.16390
v -0.16530 1.29210 -0.15250
v -0.16120 1.32270 -0.13470
v -0.09100 0.11570 -0.21450
v -0.09160 0.14570 -0.21410
v -0.09190 0.17570 -0.21390
v -0.09220 0.20570 -0.21380
v -0.09240 0.23570 -0.21360
v -0.09270 0.26570 -0.21340
v -0.09300 0.29570 -0.21320
v -0.09330 0.32570 -0.21300
v -0.09360 0.35570 -0.21290
v -0.09390 0.38570 -0.21270
v -0.09420 0.41570 -0.21250
v -0.09450 0.44570 -0.21230
v -0.09480 0.47570 -0.21210
v -0.09510 0.50570 -0.21190
v -0.09540 0.53570 -0.21170
v -0.09570 0.56570 -0.21150
v -0.09600 0.59570 -0.21130
v -0.09630 0.62570 -0.21110
v -0.09660 0.65570 -0.21090
v -0.09690 0.68570 -0.21070
v -0.09720 0.71570 -0.21050
v -0.09750 0.74570 -0.21030
v -0.09780 0.77570 -0.21010
v -0.10010 0.80570 -0.20850
v -0.10250 0.83570 -0.20680
v -0.10500 0.86570 -0.20500
v -0.10760 0.89570 -0.20300
v -0.11030 0.92570 -0.20080
v -0.11320 0.95570 -0.19850
v -0.11490 0.98570 -0.19700
v -0.11360 1.01570 -0.19810
v -0.11120 1.04570 -0.20010
v -0.11000 1.07570 -0.20110
v -0.10890 1.10570 -0.20200
v -0.10770 1.13570 -0.20290
v -0.10660 1.16570 -0.20380
v -0.10660 1.19570 -0.20380
v -0.11000 1.22570 -0.20110
v -0.13190 1.25580 -0.18150
v -0.13540 1.28850 -0.17230
v -0.13720 1.32550 -0.15020
v -0.06600 0.11570 -0.22710
v -0.06650 0.14570 -0.22690
v -0.06670 0.17570 -0.22680
v -0.06690 0.20570 -0.22670
v -0.06710 0.23570 -0.22660
v -0.06730 0.26570 -0.22650
v -0.06760 0.29570 -0.22640
v -0.06780 0.32570 -0.22630
v -0.06800 0.35570 -0.22620
v -0.06820 0.38570 -0.22610
v -0.06850 0.41570 -0.22610
v -0.06870 0.44570 -0.22600
v -0.06890 0.47570 -0.22590
v -0.06920 0.50570 -0.22580
v -0.06940 0.53570 -0.22570
v -0.06960 0.56570 -0.22560
v -0.06990 0.59570 -0.22550
v -0.07010 0.62570 -0.22530
v -0.07030 0.65570 -0.22520
v -0.07060 0.68570 -0.22510
v -0.07080 0.71570 -0.22500
v -0.07110 0.74570 -0.22490
v -0.07130 0.77570 -0.22480
v -0.07310 0.80570 -0.22400
v -0.07500 0.83570 -0.22310
v -0.07690 0.86570 -0.22220
v -0.07900 0.89570 -0.22110
v -0.08120 0.92570 -0.22000
v -0.08350 0.95570 -0.21880
v -0.08490 0.98570 -0.21800
v -0.08390 1.01570 -0.21860
v -0.08190 1.04570 -0.21970
v -0.08090 1.07570 -0.22020
v -0.08000 1.10570 -0.22060
v -0.07910 1.13570 -0.22110
v -0.07820 1.16570 -0.22160
v -0.07820 1.19570 -0.22160
v -0.08100 1.22570 -0.22010
v -0.09900 1.25570 -0.20930
v -0.09900 1.28570 -0.18650
v -0.03940 0.11570 -0.23550
v -0.03960 0.14570 -0.23550
v -0.03980 0.17570 -0.23540
v -0.03990 0.20570 -0.23540
v -0.04000 0.23570 -0.23540
v -0.04020 0.26570 -0.23530
v -0.04030 0.29570 -0.23530
v -0.04040 0.32570 -0.23530
v -0.04060 0.35570 -0.23520
v -0.04070 0.38570 -0.23520
v -0.04090 0.41570 -0.23520
v -0.04100 0.44570 -0.23510
v -0.04110 0.47570 -0.23510
v -0.04130 0.50570 -0.23510
v -0.04140 0.53570 -0.23500
v -0.04160 0.56570 -0.23500
v -0.04170 0.59570 -0.23500
v -0.04190 0.62570 -0.23490
v -0.04200 0.65570 -0.23490
v -0.04220 0.68570 -0.23480
v -0.04230 0.71570 -0.23480
v -0.04250 0.74570 -0.23480
v -0.04260 0.77570 -0.23470
v -0.04370 0.80570 -0.23440
v -0.04490 0.83570 -0.23410
v -0.04620 0.86570 -0.23380
v -0.04750 0.89570 -0.23340
v -0.04880 0.92570 -0.23300
v -0.05030 0.95570 -0.23260
v -0.05120 0.98570 -0.23230
v -0.05050 1.01570 -0.23250
v -0.04930 1.04570 -0.23290
v -0.04870 1.07570 -0.23310
v -0.04810 1.10570 -0.23330
v -0.04750 1.13570 -0.23340
v -0.04690 1.16570 -0.23360
v -0.04690 1.19570 -0.23360
v -0.04870 1.22570 -0.23310
vt 1.00000 0.89300
vt 0.94340 0.89720
vt 0.88670 0.91010
vt 0.83010 0.93150
vt 0.77350 0.96150
vt 0.71680 1.00000
vt 0.63420 0.99480
vt 0.55160 0.98960
vt 0.46900 0.98440
vt 0.41280 0.96830
vt 0.36080 0.95160
vt 0.31310 0.93430
vt 0.26960 0.91630
vt 0.23040 0.89770
vt 0.19540 0.87850
vt 0.16460 0.85860
vt 0.17480 0.83720
vt 0.18500 0.81580
vt 0.19510 0.79440
vt 0.20530 0.77300
vt 0.21550 0.75170
vt 0.22570 0.73030
vt 0.23590 0.70890
vt 0.24600 0.68750
vt 0.22200 0.66520
vt 0.19800 0.64290
vt 0.17390 0.62050
vt 0.14990 0.59820
vt 0.12590 0.57590
vt 0.10190 0.55360
vt 0.07790 0.53120
vt 0.07450 0.50810
vt 0.07110 0.48510
vt 0.06770 0.46200
vt 0.06430 0.43890
vt 0.06100 0.41580
vt 0.05760 0.39270
vt 0.05420 0.36960
vt 0.05080 0.34650
vt 0.04740 0.32340
vt 0.04400 0.30030
vt 0.04060 0.27720
vt 0.03720 0.25410
vt 0.03390 0.23100
vt 0.03050 0.20790
vt 0.02710 0.18480
vt 0.02370 0.16170
vt 0.02030 0.13860
vt 0.01690 0.11550
vt 0.01360 0.09240
vt 0.01020 0.06930
vt 0.00680 0.04620
vt 0.00340 0.02310
vt 0.00000 0.00000
vt 0.10000 0.00000
vt 0.20000 0.00000
vt 0.30000 0.00000
vt 0.40000 0.00000
vt 0.50000 0.00000
vt 0.60000 0.00000
vt 0.70000 0.00000
vt 0.80000 0.00000
vt 0.90000 0.00000
vt 1.00000 0.00000
vt 1.00000 0.02290
vt 1.00000 0.04580
vt 1.00000 0.06870
vt 1.00000 0.09160
vt 1.00000 0.11450
vt 1.00000 0.13740
vt 1.00000 0.16030
vt 1.00000 0.18320
vt 1.00000 0.20610
vt 1.00000 0.22900
vt 1.00000 0.25190
vt 1.00000 0.27480
vt 1.00000 0.29770
vt 1.00000 0.32060
vt 1.00000 0.34350
vt 1.00000 0.36630
vt 1.00000 0.38920
vt 1.00000 0.41210
vt 1.00000 0.43500
vt 1.00000 0.45790
vt 1.00000 0.48080
vt 1.00000 0.50370
vt 1.00000 0.52660
vt 1.00000 0.54950
vt 1.00000 0.57240
vt 1.00000 0.59530
vt 1.00000 0.61820
vt 1.00000 0.64110
vt 1.00000 0.66400
vt 1.00000 0.68690
vt 1.00000 0.70980
vt 1.00000 0.73270
vt 1.00000 0.75560
vt 1.00000 0.77850
vt 1.00000 0.80140
vt 1.00000 0.82430
vt 1.00000 0.84720
vt 1.00000 0.87010
vt 0.10620 0.02340
vt 0.10620 0.04690
vt 0.10620 0.07030
vt 0.10620 0.09380
vt 0.10620 0.11720
vt 0.10620 0.14060
vt 0.10620 0.16410
vt 0.10620 0.18750
vt 0.10620 0.21090
vt 0.10620 0.23440
vt 0.21240 0.02340
vt 0.21240 0.04690
vt 0.21240 0.07030
vt 0.21240 0.09380
vt 0.21240 0.11720
vt 0.21240 0.14060
vt 0.21240 0.16410
vt 0.21240 0.18750
vt 0.21240 0.21090
vt 0.21240 0.23440
vt 0.21240 0.25780
vt 0.21240 0.28120
vt 0.21240 0.30470
vt 0.21240 0.32810
vt 0.21240 0.35160
vt 0.21240 0.37500
vt 0.21240 0.39840
vt 0.21240 0.42190
vt 0.21240 0.44530
vt 0.21240 0.46880
vt 0.21240 0.49220
vt 0.21240 0.51560
vt 0.21240 0.53910
vt 0.21240 0.56250
vt 0.21240 0.58590
vt 0.31860 0.02340
vt 0.31860 0.04690
vt 0.31860 0.07030
vt 0.31860 0.09380
vt 0.31860 0.11720
vt 0.31860 0.14060
vt 0.31860 0.16410
vt 0.31860 0.18750
vt 0.31860 0.21090
vt 0.31860 0.23440
vt 0.31860 0.25780
vt 0.31860 0.28120
vt 0.31860 0.30470
vt 0.31860 0.32810
vt 0.31860 0.35160
vt 0.31860 0.37500
vt 0.31860 0.39840
vt 0.31860 0.42190
vt 0.31860 0.44530
vt 0.31860 0.46880
vt 0.31860 0.49220
vt 0.31860 0.51560
vt 0.31860 0.53910
vt 0.31860 0.56250
vt 0.31860 0.58590
vt 0.31860 0.60940
vt 0.31860 0.63280
vt 0.31860 0.65620
vt 0.31860 0.67970
vt 0.31860 0.70310
vt 0.31860 0.72660
vt 0.31860 0.75000
vt 0.31860 0.77340
vt 0.31860 0.79690
vt 0.31860 0.82030
vt 0.31860 0.84380
vt 0.31860 0.86720
vt 0.31860 0.89060
vt 0.42480 0.02340
vt 0.42480 0.04690
vt 0.42480 0.07030
vt 0.42480 0.09380
vt 0.42480 0.11720
vt 0.42480 0.14060
vt 0.42480 0.16410
vt 0.42480 0.18750
vt 0.42480 0.21090
vt 0.42480 0.23440
vt 0.42480 0.25780
vt 0.42480 0.28120
vt 0.42480 0.30470
vt 0.42480 0.32810
vt 0.42480 0.35160
vt 0.42480 0.37500
vt 0.42480 0.39840
vt 0.42480 0.42190
vt 0.42480 0.44530
vt 0.42480 0.46880
vt 0.42480 0.49220
vt 0.42480 0.51560
vt 0.42480 0.53910
vt 0.42480 0.56250
vt 0.42480 0.58590
vt 0.42480 0.60940
vt 0.42480 0.63280
vt 0.42480 0.65620
vt 0.42480 0.67970
vt 0.42480 0.70310
vt 0.42480 0.72660
vt 0.42480 0.75000
vt 0.42480 0.77340
vt 0.42480 0.79690
vt 0.42480 0.82030
vt 0.42480 0.84380
vt 0.42480 0.86720
vt 0.42480 0.89060
vt 0.42480 0.91410
vt 0.42480 0.93750
vt 0.53100 0.02340
vt 0.53100 0.04690
vt 0.53100 0.07030
vt 0.53100 0.09380
vt 0.53100 0.11720
vt 0.53100 0.14060
vt 0.53100 0.16410
vt 0.53100 0.18750
vt 0.53100 0.21090
vt 0.53100 0.23440
vt 0.53100 0.25780
vt 0.53100 0.28120
vt 0.53100 0.30470
vt 0.53100 0.32810
vt 0.53100 0.35160
vt 0.53100 0.37500
vt 0.53100 0.39840
vt 0.53100 0.42190
vt 0.53100 0.44530
vt 0.53100 0.46880
vt 0.53100 0.49220
vt 0.53100 0.51560
vt 0.53100 0.53910
vt 0.53100 0.56250
vt 0.53100 0.58590
vt 0.53100 0.60940
vt 0.53100 0.63280
vt 0.53100 0.65620
vt 0.53100 0.67970
vt 0.53100 0.70310
vt 0.53100 0.72660
vt 0.53100 0.75000
vt 0.53100 0.77340
vt 0.53100 0.79690
vt 0.53100 0.82030
vt 0.53100 0.84380
vt 0.53100 0.86720
vt 0.53100 0.89060
vt 0.53100 0.91410
vt 0.53100 0.93750
vt 0.53100 0.96090
vt 0.63720 0.02340
vt 0.63720 0.04690
vt 0.63720 0.07030
vt 0.63720 0.09380
vt 0.63720 0.11720
vt 0.63720 0.14060
vt 0.63720 0.16410
vt 0.63720 0.18750
vt 0.63720 0.21090
vt 0.63720 0.23440
vt 0.63720 0.25780
vt 0.63720 0.28120
vt 0.63720 0.30470
vt 0.63720 0.32810
vt 0.63720 0.35160
vt 0.63720 0.37500
vt 0.63720 0.39840
vt 0.63720 0.42190
vt 0.63720 0.44530
vt 0.63720 0.46880
vt 0.63720 0.49220
vt 0.63720 0.51560
vt 0.63720 0.53910
vt 0.63720 0.56250
vt 0.63720 0.58590
vt 0.63720 0.60940
vt 0.63720 0.63280
vt 0.63720 0.65620
vt 0.63720 0.67970
vt 0.63720 0.70310
vt 0.63720 0.72660
vt 0.63720 0.75000
vt 0.63720 0.77340
vt 0.63720 0.79690
vt 0.63720 0.82030
vt 0.63720 0.84380
vt 0.63720 0.86720
vt 0.63720 0.89060
vt 0.63720 0.91410
vt 0.63720 0.93750
vt 0.63720 0.96090
vt 0.74340 0.02340
vt 0.74340 0.04690
vt 0.74340 0.07030
vt 0.74340 0.09380
vt 0.74340 0.11720
vt 0.74340 0.14060
vt 0.74340 0.16410
vt 0.74340 0.18750
vt 0.74340 0.21090
vt 0.74340 0.23440
vt 0.74340 0.25780
vt 0.74340 0.28120
vt 0.74340 0.30470
vt 0.74340 0.32810
vt 0.74340 0.35160
vt 0.74340 0.37500
vt 0.74340 0.39840
vt 0.74340 0.42190
vt 0.74340 0.44530
vt 0.74340 0.46880
vt 0.74340 0.49220
vt 0.74340 0.51560
vt 0.74340 0.53910
vt 0.74340 0.56250
vt 0.74340 0.58590
vt 0.74340 0.60940
vt 0.74340 0.63280
vt 0.74340 0.65620
vt 0.74340 0.67970
vt 0.74340 0.70310
vt 0.74340 0.72660
vt 0.74340 0.75000
vt 0.74340 0.77340
vt 0.74340 0.79690
vt 0.74340 0.82030
vt 0.74340 0.84380
vt 0.74340 0.86720
vt 0.74340 0.89060
vt 0.74340 0.91410
vt 0.74340 0.93750
vt 0.84960 0.02340
vt 0.84960 0.04690
vt 0.84960 0.07030
vt 0.84960 0.09380
vt 0.84960 0.11720
vt 0.84960 0.14060
vt 0.84960 0.16410
vt 0.84960 0.18750
vt 0.84960 0.21090
vt 0.84960 0.23440
vt 0.84960 0.25780
vt 0.84960 0.28120
vt 0.84960 0.30470
vt 0.84960 0.32810
vt 0.84960 0.35160
vt 0.84960 0.37500
vt 0.84960 0.39840
vt 0.84960 0.42190
vt 0.84960 0.44530
vt 0.84960 0.46880
vt 0.84960 0.49220
vt 0.84960 0.51560
vt 0.84960 0.53910
vt 0.84960 0.56250
vt 0.84960 0.58590
vt 0.84960 0.60940
vt 0.84960 0.63280
vt 0.84960 0.65620
vt 0.84960 0.67970
vt 0.84960 0.70310
vt 0.84960 0.72660
vt 0.84960 0.75000
vt 0.84960 0.77340
vt 0.84960 0.79690
vt 0.84960 0.82030
vt 0.84960 0.84380
vt 0.84960 0.86720
vt 0.84960 0.89060
f 741/741 742/742 988/988
f 741/741 988/988 740/740
f 740/740 988/988 1029/1029
f 740/740 1029/1029 739/739
f 738/738 739/739 1029/1029
f 738/738 1029/1029 737/737
f 733/733 734/734 834/834
f 796/796 797/797 795/795
f 795/795 797/797 1070/1070
f 795/795 1070/1070 794/794
f 794/794 1070/1070 1030/1030
f 794/794 1030/1030 793/793
f 793/793 1030/1030 989/989
f 793/793 989/989 792/792
f 792/792 989/989 948/948
f 792/792 948/948 791/791
f 791/791 948/948 908/908
f 791/791 908/908 790/790
f 790/790 908/908 870/870
f 790/790 870/870 789/789
f 789/789 870/870 845/845
f 789/789 845/845 788/788
f 788/788 845/845 835/835
f 788/788 835/835 787/787
f 787/787 835/835 785/785
f 787/787 785/785 786/786
f 784/784 785/785 835/835
f 784/784 835/835 836/836
f 784/784 836/836 783/783
f 773/773 774/774 856/856
f 773/773 856/856 857/857
f 773/773 857/857 772/772
f 767/767 768/768 862/862
f 767/767 862/862 863/863
f 767/767 863/863 766/766
f 764/764 765/765 865/865
f 764/764 865/865 866/866
f 764/764 866/866 763/763
f 763/763 866/866 867/867
f 763/763 867/867 762/762
f 748/748 749/749 905/905
f 748/748 905/905 906/906
f 748/748 906/906 747/747
f 747/747 906/906 907/907
f 747/747 907/907 746/746
f 746/746 907/907 745/745
f 745/745 907/907 946/946
f 745/745 946/946 744/744
f 744/744 946/946 947/947
f 744/744 947/947 743/743
f 743/743 947/947 742/742
f 742/742 947/947 988/988
f 988/988 947/947 987/987
f 988/988 987/987 1028/1028
f 988/988 1028/1028 1029/1029
f 1029/1029 1028/1028 1069/1069
f 1029/1029 1069/1069 737/737
f 737/737 1069/1069 736/736
f 736/736 1069/1069 1068/1068
f 736/736 1068/1068 735/735
f 735/735 1068/1068 1107/1107
f 735/735 1107/1107 734/734
f 734/734 1107/1107 1106/1106
f 734/734 1106/1106 834/834
f 834/834 1106/1106 833/833
f 833/833 1106/1106 1105/1105
f 833/833 1105/1105 832/832
f 832/832 1105/1105 1104/1104
f 832/832 1104/1104 831/831
f 831/831 1104/1104 1103/1103
f 831/831 1103/1103 830/830
f 830/830 1103/1103 1102/1102
f 830/830 1102/1102 829/829
f 829/829 1102/1102 1101/1101
f 829/829 1101/1101 828/828
f 828/828 1101/1101 1100/1100
f 828/828 1100/1100 827/827
f 827/827 1100/1100 1099/1099
f 827/827 1099/1099 826/826
f 826/826 1099/1099 1098/1098
f 826/826 1098/1098 825/825
f 825/825 1098/1098 1097/1097
f 825/825 1097/1097 824/824
f 824/824 1097/1097 1096/1096
f 824/824 1096/1096 823/823
f 823/823 1096/1096 1095/1095
f 823/823 1095/1095 822/822
f 822/822 1095/1095 1094/1094
f 822/822 1094/1094 821/821
f 821/821 1094/1094 1093/1093
f 821/821 1093/1093 820/820
f 820/820 1093/1093 1092/1092
f 820/820 1092/1092 819/819
f 819/819 1092/1092 1091/1091
f 819/819 1091/1091 818/818
f 818/818 1091/1091 1090/1090
f 818/818 1090/1090 817/817
f 817/817 1090/1090 1089/1089
f 817/817 1089/1089 816/816
f 816/816 1089/1089 1088/1088
f 816/816 1088/1088 815/815
f 815/815 1088/1088 1087/1087
f 815/815 1087/1087 814/814
f 814/814 1087/1087 1086/1086
f 814/814 1086/1086 813/813
f 813/813 1086/1086 1085/1085
f 813/813 1085/1085 812/812
f 812/812 1085/1085 1084/1084
f 812/812 1084/1084 811/811
f 811/811 1084/1084 1083/1083
f 811/811 1083/1083 810/810
f 810/810 1083/1083 1082/1082
f 810/810 1082/1082 809/809
f 809/809 1082/1082 1081/1081
f 809/809 1081/1081 808/808
f 808/808 1081/1081 1080/1080
f 808/808 1080/1080 807/807
f 807/807 1080/1080 1079/1079
f 807/807 1079/1079 806/806
f 806/806 1079/1079 1078/1078
f 806/806 1078/1078 805/805
f 805/805 1078/1078 1077/1077
f 805/805 1077/1077 804/804
f 804/804 1077/1077 1076/1076
f 804/804 1076/1076 803/803
f 803/803 1076/1076 1075/1075
f 803/803 1075/1075 802/802
f 802/802 1075/1075 1074/1074
f 802/802 1074/1074 801/801
f 801/801 1074/1074 1073/1073
f 801/801 1073/1073 800/800
f 800/800 1073/1073 1072/1072
f 800/800 1072/1072 799/799
f 799/799 1072/1072 1071/1071
f 799/799 1071/1071 798/798
f 798/798 1071/1071 1070/1070
f 798/798 1070/1070 797/797
f 1070/1070 1071/1071 1031/1031
f 1070/1070 1031/1031 1030/1030
f 1030/1030 1031/1031 990/990
f 1030/1030 990/990 989/989
f 989/989 990/990 949/949
f 989/989 949/949 948/948
f 948/948 949/949 909/909
f 948/948 909/909 908/908
f 908/908 909/909 871/871
f 908/908 871/871 870/870
f 870/870 871/871 846/846
f 870/870 846/846 845/845
f 845/845 846/846 836/836
f 845/845 836/836 835/835
f 836/836 846/846 837/837
f 836/836 837/837 783/783
f 783/783 837/837 782/782
f 781/781 782/782 838/838
f 781/781 838/838 839/839
f 781/781 839/839 780/780
f 778/778 779/779 841/841
f 778/778 841/841 842/842
f 778/778 842/842 777/777
f 775/775 776/776 844/844
f 775/775 844/844 855/855
f 775/775 855/855 774/774
f 774/774 855/855 856/856
f 856/856 855/855 880/880
f 856/856 880/880 881/881
f 856/856 881/881 857/857
f 857/857 881/881 882/882
f 857/857 882/882 858/858
f 857/857 858/858 772/772
f 772/772 858/858 771/771
f 770/770 771/771 859/859
f 770/770 859/859 860/860
f 770/770 860/860 769/769
f 769/769 860/860 861/861
f 769/769 861/861 768/768
f 768/768 861/861 862/862
f 862/862 861/861 886/886
f 862/862 886/886 887/887
f 862/862 887/887 863/863
f 863/863 887/887 888/888
f 863/863 888/888 864/864
f 863/863 864/864 766/766
f 766/766 864/864 765/765
f 765/765 864/864 865/865
f 865/865 864/864 889/889
f 865/865 889/889 890/890
f 865/865 890/890 866/866
f 866/866 890/890 891/891
f 866/866 891/891 867/867
f 867/867 891/891 892/892
f 867/867 892/892 868/868
f 867/867 868/868 762/762
f 762/762 868/868 761/761
f 749/749 750/750 904/904
f 749/749 904/904 905/905
f 905/905 904/904 942/942
f 905/905 942/942 943/943
f 905/905 943/943 906/906
f 906/906 943/943 944/944
f 906/906 944/944 907/907
f 907/907 944/944 945/945
f 907/907 945/945 946/946
f 946/946 945/945 985/985
f 946/946 985/985 986/986
f 946/946 986/986 947/947
f 947/947 986/986 987/987
f 987/987 986/986 1027/1027
f 987/987 1027/1027 1028/1028
f 1028/1028 1027/1027 1068/1068
f 1028/1028 1068/1068 1069/1069
f 1068/1068 1027/1027 1067/1067
f 1068/1068 1067/1067 1107/1107
f 1107/1107 1067/1067 1106/1106
f 1106/1106 1067/1067 1066/1066
f 1106/1106 1066/1066 1105/1105
f 1105/1105 1066/1066 1065/1065
f 1105/1105 1065/1065 1104/1104
f 1104/1104 1065/1065 1064/1064
f 1104/1104 1064/1064 1103/1103
f 1103/1103 1064/1064 1063/1063
f 1103/1103 1063/1063 1102/1102
f 1102/1102 1063/1063 1062/1062
f 1102/1102 1062/1062 1101/1101
f 1101/1101 1062/1062 1061/1061
f 1101/1101 1061/1061 1100/1100
f 1100/1100 1061/1061 1060/1060
f 1100/1100 1060/1060 1099/1099
f 1099/1099 1060/1060 1059/1059
f 1099/1099 1059/1059 1098/1098
f 1098/1098 1059/1059 1058/1058
f 1098/1098 1058/1058 1097/1097
f 1097/1097 1058/1058 1057/1057
f 1097/1097 1057/1057 1096/1096
f 1096/1096 1057/1057 1056/1056
f 1096/1096 1056/1056 1095/1095
f 1095/1095 1056/1056 1055/1055
f 1095/1095 1055/1055 1094/1094
f 1094/1094 1055/1055 1054/1054
f 1094/1094 1054/1054 1093/1093
f 1093/1093 1054/1054 1053/1053
f 1093/1093 1053/1053 1092/1092
f 1092/1092 1053/1053 1052/1052
f 1092/1092 1052/1052 1091/1091
f 1091/1091 1052/1052 1051/1051
f 1091/1091 1051/1051 1090/1090
f 1090/1090 1051/1051 1050/1050
f 1090/1090 1050/1050 1089/1089
f 1089/1089 1050/1050 1049/1049
f 1089/1089 1049/1049 1088/1088
f 1088/1088 1049/1049 1048/1048
f 1088/1088 1048/1048 1087/1087
f 1087/1087 1048/1048 1047/1047
f 1087/1087 1047/1047 1086/1086
f 1086/1086 1047/1047 1046/1046
f 1086/1086 1046/1046 1085/1085
f 1085/1085 1046/1046 1045/1045
f 1085/1085 1045/1045 1084/1084
f 1084/1084 1045/1045 1044/1044
f 1084/1084 1044/1044 1083/1083
f 1083/1083 1044/1044 1043/1043
f 1083/1083 1043/1043 1082/1082
f 1082/1082 1043/1043 1042/1042
f 1082/1082 1042/1042 1081/1081
f 1081/1081 1042/1042 1041/1041
f 1081/1081 1041/1041 1080/1080
f 1080/1080 1041/1041 1040/1040
f 1080/1080 1040/1040 1079/1079
f 1079/1079 1040/1040 1039/1039
f 1079/1079 1039/1039 1078/1078
f 1078/1078 1039/1039 1038/1038
f 1078/1078 1038/1038 1077/1077
f 1077/1077 1038/1038 1037/1037
f 1077/1077 1037/1037 1076/1076
f 1076/1076 1037/1037 1036/1036
f 1076/1076 1036/1036 1075/1075
f 1075/1075 1036/1036 1035/1035
f 1075/1075 1035/1035 1074/1074
f 1074/1074 1035/1035 1034/1034
f 1074/1074 1034/1034 1073/1073
f 1073/1073 1034/1034 1033/1033
f 1073/1073 1033/1033 1072/1072
f 1072/1072 1033/1033 1032/1032
f 1072/1072 1032/1032 1071/1071
f 1071/1071 1032/1032 1031/1031
f 1031/1031 1032/1032 991/991
f 1031/1031 991/991 990/990
f 990/990 991/991 950/950
f 990/990 950/950 949/949
f 949/949 950/950 910/910
f 949/949 910/910 909/909
f 909/909 910/910 872/872
f 909/909 872/872 871/871
f 871/871 872/872 847/847
f 871/871 847/847 846/846
f 846/846 847/847 837/837
f 837/837 847/847 838/838
f 837/837 838/838 782/782
f 838/838 847/847 848/848
f 838/838 848/848 839/839
f 839/839 848/848 849/849
f 839/839 849/849 840/840
f 839/839 840/840 780/780
f 780/780 840/840 779/779
f 779/779 840/840 841/841
f 841/841 840/840 850/850
f 841/841 850/850 851/851
f 841/841 851/851 842/842
f 842/842 851/851 852/852
f 842/842 852/852 843/843
f 842/842 843/843 777/777
f 777/777 843/843 776/776
f 776/776 843/843 844/844
f 844/844 843/843 853/853
f 844/844 853/853 854/854
f 844/844 854/854 855/855
f 855/855 854/854 879/879
f 855/855 879/879 880/880
f 880/880 879/879 917/917
f 880/880 917/917 918/918
f 880/880 918/918 881/881
f 881/881 918/918 919/919
f 881/881 919/919 882/882
f 882/882 919/919 920/920
f 882/882 920/920 883/883
f 882/882 883/883 858/858
f 858/858 883/883 859/859
f 858/858 859/859 771/771
f 859/859 883/883 884/884
f 859/859 884/884 860/860
f 860/860 884/884 885/885
f 860/860 885/885 861/861
f 861/861 885/885 886/886
f 886/886 885/885 923/923
f 886/886 923/923 924/924
f 886/886 924/924 887/887
f 887/887 924/924 925/925
f 887/887 925/925 888/888
f 888/888 925/925 926/926
f 888/888 926/926 889/889
f 888/888 889/889 864/864
f 889/889 926/926 927/927
f 889/889 927/927 890/890
f 890/890 927/927 928/928
f 890/890 928/928 891/891
f 891/891 928/928 929/929
f 891/891 929/929 892/892
f 892/892 929/929 930/930
f 892/892 930/930 893/893
f 892/892 893/893 868/868
f 868/868 893/893 869/869
f 868/868 869/869 761/761
f 761/761 869/869 760/760
f 750/750 751/751 903/903
f 750/750 903/903 904/904
f 904/904 903/903 941/941
f 904/904 941/941 942/942
f 942/942 941/941 981/981
f 942/942 981/981 982/982
f 942/942 982/982 943/943
f 943/943 982/982 983/983
f 943/943 983/983 944/944
f 944/944 983/983 984/984
f 944/944 984/984 945/945
f 945/945 984/984 985/985
f 985/985 984/984 1025/1025
f 985/985 1025/1025 1026/1026
f 985/985 1026/1026 986/986
f 986/986 1026/1026 1027/1027
f 1027/1027 1026/1026 1067/1067
f 1067/1067 1026/1026 1066/1066
f 1066/1066 1026/1026 1025/1025
f 1066/1066 1025/1025 1065/1065
f 1065/1065 1025/1025 1024/1024
f 1065/1065 1024/1024 1064/1064
f 1064/1064 1024/1024 1023/1023
f 1064/1064 1023/1023 1063/1063
f 1063/1063 1023/1023 1022/1022
f 1063/1063 1022/1022 1062/1062
f 1062/1062 1022/1022 1021/1021
f 1062/1062 1021/1021 1061/1061
f 1061/1061 1021/1021 1020/1020
f 1061/1061 1020/1020 1060/1060
f 1060/1060 1020/1020 1019/1019
f 1060/1060 1019/1019 1059/1059
f 1059/1059 1019/1019 1018/1018
f 1059/1059 1018/1018 1058/1058
f 1058/1058 1018/1018 1017/1017
f 1058/1058 1017/1017 1057/1057
f 1057/1057 1017/1017 1016/1016
f 1057/1057 1016/1016 1056/1056
f 1056/1056 1016/1016 1015/1015
f 1056/1056 1015/1015 1055/1055
f 1055/1055 1015/1015 1014/1014
f 1055/1055 1014/1014 1054/1054
f 1054/1054 1014/1014 1013/1013
f 1054/1054 1013/1013 1053/1053
f 1053/1053 1013/1013 1012/1012
f 1053/1053 1012/1012 1052/1052
f 1052/1052 1012/1012 1011/1011
f 1052/1052 1011/1011 1051/1051
f 1051/1051 1011/1011 1010/1010
f 1051/1051 1010/1010 1050/1050
f 1050/1050 1010/1010 1009/1009
f 1050/1050 1009/1009 1049/1049
f 1049/1049 1009/1009 1008/1008
f 1049/1049 1008/1008 1048/1048
f 1048/1048 1008/1008 1007/1007
f 1048/1048 1007/1007 1047/1047
f 1047/1047 1007/1007 1006/1006
f 1047/1047 1006/1006 1046/1046
f 1046/1046 1006/1006 1005/1005
f 1046/1046 1005/1005 1045/1045
f 1045/1045 1005/1005 1004/1004
f 1045/1045 1004/1004 1044/1044
f 1044/1044 1004/1004 1003/1003
f 1044/1044 1003/1003 1043/1043
f 1043/1043 1003/1003 1002/1002
f 1043/1043 1002/1002 1042/1042
f 1042/1042 1002/1002 1001/1001
f 1042/1042 1001/1001 1041/1041
f 1041/1041 1001/1001 1000/1000
f 1041/1041 1000/1000 1040/1040
f 1040/1040 1000/1000 999/999
f 1040/1040 999/999 1039/1039
f 1039/1039 999/999 998/998
f 1039/1039 998/998 1038/1038
f 1038/1038 998/998 997/997
f 1038/1038 997/997 1037/1037
f 1037/1037 997/997 996/996
f 1037/1037 996/996 1036/1036
f 1036/1036 996/996 995/995
f 1036/1036 995/995 1035/1035
f 1035/1035 995/995 994/994
f 1035/1035 994/994 1034/1034
f 1034/1034 994/994 993/993
f 1034/1034 993/993 1033/1033
f 1033/1033 993/993 992/992
f 1033/1033 992/992 1032/1032
f 1032/1032 992/992 991/991
f 991/991 992/992 951/951
f 991/991 951/951 950/950
f 950/950 951/951 911/911
f 950/950 911/911 910/910
f 910/910 911/911 873/873
f 910/910 873/873 872/872
f 872/872 873/873 848/848
f 872/872 848/848 847/847
f 848/848 873/873 849/849
f 849/849 873/873 874/874
f 849/849 874/874 850/850
f 849/849 850/850 840/840
f 850/850 874/874 875/875
f 850/850 875/875 851/851
f 851/851 875/875 876/876
f 851/851 876/876 852/852
f 852/852 876/876 877/877
f 852/852 877/877 853/853
f 852/852 853/853 843/843
f 853/853 877/877 878/878
f 853/853 878/878 854/854
f 854/854 878/878 879/879
f 879/879 878/878 916/916
f 879/879 916/916 917/917
f 917/917 916/916 956/956
f 917/917 956/956 957/957
f 917/917 957/957 918/918
f 918/918 957/957 958/958
f 918/918 958/958 919/919
f 919/919 958/958 959/959
f 919/919 959/959 920/920
f 920/920 959/959 960/960
f 920/920 960/960 921/921
f 920/920 921/921 883/883
f 883/883 921/921 884/884
f 884/884 921/921 922/922
f 884/884 922/922 885/885
f 885/885 922/922 923/923
f 923/923 922/922 962/962
f 923/923 962/962 963/963
f 923/923 963/963 924/924
f 924/924 963/963 964/964
f 924/924 964/964 925/925
f 925/925 964/964 965/965
f 925/925 965/965 926/926
f 926/926 965/965 966/966
f 926/926 966/966 927/927
f 927/927 966/966 967/967
f 927/927 967/967 928/928
f 928/928 967/967 968/968
f 928/928 968/968 929/929
f 929/929 968/968 969/969
f 929/929 969/969 930/930
f 930/930 969/969 970/970
f 930/930 970/970 931/931
f 930/930 931/931 893/893
f 893/893 931/931 894/894
f 893/893 894/894 869/869
f 869/869 894/894 895/895
f 869/869 895/895 760/760
f 760/760 895/895 759/759
f 751/751 752/752 902/902
f 751/751 902/902 903/903
f 903/903 902/902 940/940
f 903/903 940/940 941/941
f 941/941 940/940 980/980
f 941/941 980/980 981/981
f 981/981 980/980 1021/1021
f 981/981 1021/1021 1022/1022
f 981/981 1022/1022 982/982
f 982/982 1022/1022 1023/1023
f 982/982 1023/1023 983/983
f 983/983 1023/1023 1024/1024
f 983/983 1024/1024 984/984
f 984/984 1024/1024 1025/1025
f 1021/1021 980/980 1020/1020
f 1020/1020 980/980 979/979
f 1020/1020 979/979 1019/1019
f 1019/1019 979/979 978/978
f 1019/1019 978/978 1018/1018
f 1018/1018 978/978 977/977
f 1018/1018 977/977 1017/1017
f 1017/1017 977/977 976/976
f 1017/1017 976/976 1016/1016
f 1016/1016 976/976 975/975
f 1016/1016 975/975 1015/1015
f 1015/1015 975/975 974/974
f 1015/1015 974/974 1014/1014
f 1014/1014 974/974 973/973
f 1014/1014 973/973 1013/1013
f 1013/1013 973/973 972/972
f 1013/1013 972/972 1012/1012
f 1012/1012 972/972 971/971
f 1012/1012 971/971 1011/1011
f 1011/1011 971/971 970/970
f 1011/1011 970/970 1010/1010
f 1010/1010 970/970 969/969
f 1010/1010 969/969 1009/1009
f 1009/1009 969/969 968/968
f 1009/1009 968/968 1008/1008
f 1008/1008 968/968 967/967
f 1008/1008 967/967 1007/1007
f 1007/1007 967/967 966/966
f 1007/1007 966/966 1006/1006
f 1006/1006 966/966 965/965
f 1006/1006 965/965 1005/1005
f 1005/1005 965/965 964/964
f 1005/1005 964/964 1004/1004
f 1004/1004 964/964 963/963
f 1004/1004 963/963 1003/1003
f 1003/1003 963/963 962/962
f 1003/1003 962/962 1002/1002
f 1002/1002 962/962 961/961
f 1002/1002 961/961 1001/1001
f 1001/1001 961/961 960/960
f 1001/1001 960/960 1000/1000
f 1000/1000 960/960 959/959
f 1000/1000 959/959 999/999
f 999/999 959/959 958/958
f 999/999 958/958 998/998
f 998/998 958/958 957/957
f 998/998 957/957 997/997
f 997/997 957/957 956/956
f 997/997 956/956 996/996
f 996/996 956/956 955/955
f 996/996 955/955 995/995
f 995/995 955/955 954/954
f 995/995 954/954 994/994
f 994/994 954/954 953/953
f 994/994 953/953 993/993
f 993/993 953/953 952/952
f 993/993 952/952 992/992
f 992/992 952/952 951/951
f 951/951 952/952 912/912
f 951/951 912/912 911/911
f 911/911 912/912 874/874
f 911/911 874/874 873/873
f 874/874 912/912 875/875
f 875/875 912/912 913/913
f 875/875 913/913 876/876
f 876/876 913/913 914/914
f 876/876 914/914 877/877
f 877/877 914/914 915/915
f 877/877 915/915 878/878
f 878/878 915/915 916/916
f 916/916 915/915 955/955
f 916/916 955/955 956/956
f 955/955 915/915 954/954
f 954/954 915/915 914/914
f 954/954 914/914 953/953
f 953/953 914/914 913/913
f 953/953 913/913 952/952
f 952/952 913/913 912/912
f 960/960 961/961 921/921
f 921/921 961/961 922/922
f 922/922 961/961 962/962
f 970/970 971/971 931/931
f 931/931 971/971 932/932
f 931/931 932/932 894/894
f 894/894 932/932 895/895
f 895/895 932/932 933/933
f 895/895 933/933 896/896
f 895/895 896/896 759/759
f 759/759 896/896 758/758
f 752/752 753/753 902/902
f 902/902 753/753 901/901
f 902/902 901/901 939/939
f 902/902 939/939 940/940
f 940/940 939/939 979/979
f 940/940 979/979 980/980
f 979/979 939/939 978/978
f 978/978 939/939 938/938
f 978/978 938/938 977/977
f 977/977 938/938 937/937
f 977/977 937/937 976/976
f 976/976 937/937 936/936
f 976/976 936/936 975/975
f 975/975 936/936 935/935
f 975/975 935/935 974/974
f 974/974 935/935 934/934
f 974/974 934/934 973/973
f 973/973 934/934 933/933
f 973/973 933/933 972/972
f 972/972 933/933 932/932
f 972/972 932/932 971/971
f 933/933 934/934 896/896
f 896/896 934/934 897/897
f 896/896 897/897 758/758
f 758/758 897/897 757/757
f 753/753 754/754 901/901
f 901/901 754/754 900/900
f 901/901 900/900 938/938
f 901/901 938/938 939/939
f 938/938 900/900 937/937
f 937/937 900/900 899/899
f 937/937 899/899 936/936
f 936/936 899/899 898/898
f 936/936 898/898 935/935
f 935/935 898/898 897/897
f 935/935 897/897 934/934
f 897/897 898/898 757/757
f 757/757 898/898 756/756
f 754/754 755/755 900/900
f 900/900 755/755 899/899
f 899/899 755/755 756/756
f 899/899 756/756 898/898

g back_right_panel
usemtl Material_back_right_panel
v 0.00000 1.22870 -0.24000
v 0.00000 1.19940 -0.24000
v 0.00000 1.17010 -0.24000
v 0.00000 1.14080 -0.24000
v 0.00000 1.11150 -0.24000
v 0.00000 1.08220 -0.24000
v 0.00000 1.05290 -0.24000
v 0.00000 1.02360 -0.24000
v 0.00000 0.99420 -0.24000
v 0.00000 0.96490 -0.24000
v 0.00000 0.93560 -0.24000
v 0.00000 0.90630 -0.24000
v 0.00000 0.87700 -0.24000
v 0.00000 0.84770 -0.24000
v 0.00000 0.81840 -0.24000
v 0.00000 0.78910 -0.24000
v 0.00000 0.75980 -0.24000
v 0.00000 0.73050 -0.24000
v 0.00000 0.70120 -0.24000
v 0.00000 0.67190 -0.24000
v 0.00000 0.64260 -0.24000
v 0.00000 0.61320 -0.24000
v 0.00000 0.58390 -0.24000
v 0.00000 0.55460 -0.24000
v 0.00000 0.52530 -0.24000
v 0.00000 0.49600 -0.24000
v 0.00000 0.46670 -0.24000
v 0.00000 0.43740 -0.24000
v 0.00000 0.40810 -0.24000
v 0.00000 0.37880 -0.24000
v 0.00000 0.34950 -0.24000
v 0.00000 0.32020 -0.24000
v 0.00000 0.29090 -0.24000
v 0.00000 0.26160 -0.24000
v 0.00000 0.23220 -0.24000
v 0.00000 0.20290 -0.24000
v 0.00000 0.17360 -0.24000
v 0.00000 0.14430 -0.24000
v 0.00000 0.11500 -0.24000
v 0.00000 0.08570 -0.24000
v 0.02630 0.08570 -0.23800
v 0.05200 0.08570 -0.23210
v 0.07650 0.08570 -0.22240
v 0.09930 0.08570 -0.20910
v 0.11980 0.08570 -0.19260
v 0.13760 0.08570 -0.17310
v 0.15230 0.08570 -0.15120
v 0.16350 0.08570 -0.12740
v 0.17100 0.08570 -0.10210
v 0.17470 0.08570 -0.07600
v 0.17460 0.11530 -0.07690
v 0.17460 0.14480 -0.07690
v 0.17460 0.17440 -0.07690
v 0.17460 0.20400 -0.07690
v 0.17460 0.23350 -0.07690
v 0.17460 0.26310 -0.07690
v 0.17460 0.29270 -0.07690
v 0.17460 0.32220 -0.07690
v 0.17460 0.35180 -0.07690
v 0.17460 0.38140 -0.07690
v 0.17460 0.41090 -0.07690
v 0.17460 0.44050 -0.07690
v 0.17460 0.47010 -0.07690
v 0.17460 0.49960 -0.07690
v 0.17460 0.52920 -0.07690
v 0.17460 0.55870 -0.07690
v 0.17460 0.58830 -0.07690
v 0.17630 0.61770 -0.07730
v 0.18120 0.64660 -0.07800
v 0.18420 0.67640 -0.07810
v 0.18550 0.70680 -0.07770
v 0.18060 0.73660 -0.07860
v 0.17760 0.76600 -0.07760
v 0.17430 0.79430 -0.08290
v 0.17410 0.82280 -0.08300
v 0.17400 0.85140 -0.08320
v 0.17400 0.88000 -0.08340
v 0.17400 0.90860 -0.08360
v 0.17400 0.93710 -0.08390
v 0.17400 0.96570 -0.08410
v 0.17440 0.99310 -0.07950
v 0.17440 1.02050 -0.07940
v 0.17440 1.04780 -0.07940
v 0.17440 1.07520 -0.07930
v 0.17440 1.10260 -0.07930
v 0.17440 1.13000 -0.07920
v 0.17440 1.15730 -0.07920
v 0.16980 1.18130 -0.07420
v 0.16810 1.18680 -0.07690
v 0.17450 1.23650 -0.01670
v 0.18160 1.26330 -0.02480
v 0.18670 1.29440 -0.13580
v 0.18170 1.31380 -0.12530
v 0.17320 1.32870 -0.11630
v 0.16570 1.34570 -0.11800
v 0.15180 1.35240 -0.11800
v 0.13220 1.35900 -0.11800
v 0.10770 1.36570 -0.11800
v 0.09320 1.32700 -0.16610
v 0.06780 1.27800 -0.20960
v 0.04590 1.25060 -0.23390
v 0.02310 1.23420 -0.23850
v 0.02790 0.11570 -0.23780
v 0.02810 0.14570 -0.23770
v 0.02820 0.17570 -0.23770
v 0.02830 0.20570 -0.23770
v 0.02840 0.23570 -0.23770
v 0.02850 0.26570 -0.23770
v 0.02860 0.29570 -0.23770
v 0.02870 0.32570 -0.23760
v 0.02880 0.35570 -0.23760
v 0.02890 0.38570 -0.23760
v 0.02900 0.41570 -0.23760
v 0.02910 0.44570 -0.23760
v 0.02920 0.47570 -0.23760
v 0.02930 0.50570 -0.23750
v 0.02940 0.53570 -0.23750
v 0.02950 0.56570 -0.23750
v 0.02960 0.59570 -0.23750
v 0.02970 0.62570 -0.23750
v 0.02980 0.65570 -0.23740
v 0.02990 0.68570 -0.23740
v 0.03000 0.71570 -0.23740
v 0.03010 0.74570 -0.23740
v 0.03020 0.77570 -0.23740
v 0.03100 0.80570 -0.23720
v 0.03190 0.83570 -0.23710
v 0.03280 0.86570 -0.23690
v 0.03370 0.89570 -0.23670
v 0.03470 0.92570 -0.23650
v 0.03580 0.95570 -0.23630
v 0.03640 0.98570 -0.23620
v 0.03590 1.01570 -0.23630
v 0.03500 1.04570 -0.23650
v 0.03460 1.07570 -0.23650
v 0.03420 1.10570 -0.23660
v 0.03370 1.13570 -0.23670
v 0.03330 1.16570 -0.23680
v 0.03330 1.19570 -0.23680
v 0.05510 0.11570 -0.23110
v 0.05550 0.14570 -0.23100
v 0.05560 0.17570 -0.23090
v 0.05580 0.20570 -0.23090
v 0.05600 0.23570 -0.23080
v 0.05620 0.26570 -0.23070
v 0.05640 0.29570 -0.23070
v 0.05660 0.32570 -0.23060
v 0.05680 0.35570 -0.23050
v 0.05700 0.38570 -0.23050
v 0.05710 0.41570 -0.23040
v 0.05730 0.44570 -0.23030
v 0.05750 0.47570 -0.23030
v 0.05770 0.50570 -0.23020
v 0.05790 0.53570 -0.23010
v 0.05810 0.56570 -0.23010
v 0.05830 0.59570 -0.23000
v 0.05850 0.62570 -0.22990
v 0.05870 0.65570 -0.22980
v 0.05890 0.68570 -0.22980
v 0.05920 0.71570 -0.22970
v 0.05940 0.74570 -0.22960
v 0.05960 0.77570 -0.22960
v 0.06110 0.80570 -0.22900
v 0.06270 0.83570 -0.22840
v 0.06440 0.86570 -0.22770
v 0.06620 0.89570 -0.22700
v 0.06800 0.92570 -0.22620
v 0.07000 0.95570 -0.22540
v 0.07120 0.98570 -0.22490
v 0.07030 1.01570 -0.22520
v 0.06860 1.04570 -0.22600
v 0.06780 1.07570 -0.22630
v 0.06700 1.10570 -0.22670
v 0.06620 1.13570 -0.22700
v 0.06550 1.16570 -0.22730
v 0.06550 1.19570 -0.22730
v 0.06780 1.22570 -0.22630
v 0.08350 1.25570 -0.21880
v 0.08090 0.11570 -0.22020
v 0.08140 0.14570 -0.21990
v 0.08160 0.17570 -0.21980
v 0.08190 0.20570 -0.21970
v 0.08220 0.23570 -0.21950
v 0.08240 0.26570 -0.21940
v 0.08270 0.29570 -0.21920
v 0.08290 0.32570 -0.21910
v 0.08320 0.35570 -0.21900
v 0.08350 0.38570 -0.21880
v 0.08370 0.41570 -0.21870
v 0.08400 0.44570 -0.21850
v 0.08430 0.47570 -0.21840
v 0.08460 0.50570 -0.21820
v 0.08480 0.53570 -0.21810
v 0.08510 0.56570 -0.21790
v 0.08540 0.59570 -0.21780
v 0.08570 0.62570 -0.21760
v 0.08600 0.65570 -0.21740
v 0.08620 0.68570 -0.21730
v 0.08650 0.71570 -0.21710
v 0.08680 0.74570 -0.21690
v 0.08710 0.77570 -0.21680
v 0.08920 0.80570 -0.21560
v 0.09140 0.83570 -0.21420
v 0.09370 0.86570 -0.21280
v 0.09610 0.89570 -0.21120
v 0.09870 0.92570 -0.20950
v 0.10130 0.95570 -0.20770
v 0.10290 0.98570 -0.20650
v 0.10170 1.01570 -0.20740
v 0.09950 1.04570 -0.20900
v 0.09840 1.07570 -0.20970
v 0.09730 1.10570 -0.21050
v 0.09620 1.13570 -0.21120
v 0.09520 1.16570 -0.21190
v 0.09520 1.19570 -0.21190
v 0.09840 1.22570 -0.20970
v 0.11880 1.25570 -0.19350
v 0.11970 1.28650 -0.17690
v 0.12470 1.32540 -0.15520
v 0.10460 0.11570 -0.20530
v 0.10520 0.14570 -0.20490
v 0.10550 0.17570 -0.20460
v 0.10580 0.20570 -0.20440
v 0.10610 0.23570 -0.20410
v 0.10640 0.26570 -0.20390
v 0.10680 0.29570 -0.20370
v 0.10710 0.32570 -0.20340
v 0.10740 0.35570 -0.20320
v 0.10770 0.38570 -0.20290
v 0.10800 0.41570 -0.20270
v 0.10840 0.44570 -0.20240
v 0.10870 0.47570 -0.20220
v 0.10900 0.50570 -0.20190
v 0.10930 0.53570 -0.20160
v 0.10970 0.56570 -0.20140
v 0.11000 0.59570 -0.20110
v 0.11030 0.62570 -0.20080
v 0.11070 0.65570 -0.20060
v 0.11100 0.68570 -0.20030
v 0.11130 0.71570 -0.20000
v 0.11170 0.74570 -0.19970
v 0.11200 0.77570 -0.19940
v 0.11450 0.80570 -0.19730
v 0.11710 0.83570 -0.19510
v 0.11970 0.86570 -0.19260
v 0.12250 0.89570 -0.19000
v 0.12540 0.92570 -0.18710
v 0.12830 0.95570 -0.18400
v 0.13010 0.98570 -0.18200
v 0.12880 1.01570 -0.18350
v 0.12630 1.04570 -0.18620
v 0.12500 1.07570 -0.18740
v 0.12380 1.10570 -0.18870
v 0.12260 1.13570 -0.18990
v 0.12140 1.16570 -0.19100
v 0.12140 1.19570 -0.19100
v 0.12510 1.22570 -0.18740
v 0.15120 1.25680 -0.16880
v 0.15240 1.28920 -0.15890
v 0.15140 1.32220 -0.13980
v 0.12560 0.11570 -0.18680
v 0.12630 0.14570 -0.18620
v 0.12660 0.17570 -0.18580
v 0.12700 0.20570 -0.18540
v 0.12730 0.23570 -0.18510
v 0.12760 0.26570 -0.18470
v 0.12800 0.29570 -0.18440
v 0.12830 0.32570 -0.18400
v 0.12860 0.35570 -0.18360
v 0.12900 0.38570 -0.18330
v 0.12930 0.41570 -0.18290
v 0.12970 0.44570 -0.18250
v 0.13000 0.47570 -0.18210
v 0.13040 0.50570 -0.18170
v 0.13070 0.53570 -0.18130
v 0.13110 0.56570 -0.18100
v 0.13140 0.59570 -0.18060
v 0.13180 0.62570 -0.18010
v 0.13210 0.65570 -0.17970
v 0.13250 0.68570 -0.17930
v 0.13280 0.71570 -0.17890
v 0.13320 0.74570 -0.17850
v 0.13360 0.77570 -0.17810
v 0.13620 0.80570 -0.17490
v 0.13880 0.83570 -0.17160
v 0.14150 0.86570 -0.16790
v 0.14430 0.89570 -0.16400
v 0.14710 0.92570 -0.15980
v 0.14990 0.95570 -0.15520
v 0.15160 0.98570 -0.15240
v 0.15040 1.01570 -0.15450
v 0.14800 1.04570 -0.15840
v 0.14680 1.07570 -0.16030
v 0.14560 1.10570 -0.16210
v 0.14440 1.13570 -0.16390
v 0.14320 1.16570 -0.16560
v 0.14500 1.19520 -0.16850
v 0.15170 1.22470 -0.16910
v 0.18100 1.26660 -0.15190
v 0.17690 1.29760 -0.13960
v 0.14340 0.11570 -0.16520
v 0.14410 0.14570 -0.16430
v 0.14440 0.17570 -0.16380
v 0.14480 0.20570 -0.16330
v 0.14510 0.23570 -0.16290
v 0.14540 0.26570 -0.16240
v 0.14570 0.29570 -0.16190
v 0.14610 0.32570 -0.16140
v 0.14640 0.35570 -0.16090
v 0.14670 0.38570 -0.16040
v 0.14710 0.41570 -0.15980
v 0.14740 0.44570 -0.15930
v 0.14770 0.47570 -0.15880
v 0.14810 0.50570 -0.15830
v 0.14840 0.53570 -0.15770
v 0.14870 0.56570 -0.15720
v 0.14910 0.59570 -0.15670
v 0.14940 0.62570 -0.15610
v 0.14970 0.65570 -0.15560
v 0.15010 0.68570 -0.15500
v 0.15040 0.71570 -0.15440
v 0.15080 0.74570 -0.15390
v 0.15110 0.77570 -0.15330
v 0.15350 0.80570 -0.14900
v 0.15590 0.83570 -0.14450
v 0.15830 0.86570 -0.13960
v 0.16070 0.89570 -0.13440
v 0.16300 0.92570 -0.12870
v 0.16520 0.95570 -0.12270
v 0.16650 0.98570 -0.11900
v 0.16560 1.01570 -0.12170
v 0.16370 1.04570 -0.12690
v 0.16270 1.07570 -0.12940
v 0.16170 1.10570 -0.13180
v 0.16070 1.13570 -0.13420
v 0.16300 1.16450 -0.13850
v 0.16860 1.19280 -0.13980
v 0.17610 1.21280 -0.15120
v 0.20630 1.27140 -0.04120
v 0.15760 0.11570 -0.14110
v 0.15820 0.14570 -0.13990
v 0.15850 0.17570 -0.13930
v 0.15870 0.20570 -0.13870
v 0.15900 0.23570 -0.13800
v 0.15930 0.26570 -0.13740
v 0.15960 0.29570 -0.13680
v 0.15990 0.32570 -0.13610
v 0.16020 0.35570 -0.13550
v 0.16050 0.38570 -0.13480
v 0.16070 0.41570 -0.13420
v 0.16100 0.44570 -0.13350
v 0.16130 0.47570 -0.13290
v 0.16160 0.50570 -0.13220
v 0.16190 0.53570 -0.13150
v 0.16210 0.56570 -0.13080
v 0.16240 0.59570 -0.13010
v 0.16270 0.62570 -0.12940
v 0.16300 0.65570 -0.12870
v 0.16330 0.68570 -0.12800
v 0.16350 0.71570 -0.12730
v 0.16380 0.74570 -0.12660
v 0.16410 0.77570 -0.12590
v 0.16600 0.80570 -0.12050
v 0.16780 0.83570 -0.11480
v 0.16950 0.86570 -0.10870
v 0.17110 1.13570 -0.10190
v 0.17080 1.16500 -0.10470
v 0.16520 1.17770 -0.10180
v 0.16770 0.11570 -0.11500
v 0.16810 0.14570 -0.11350
v 0.16840 0.17570 -0.11280
v 0.16860 0.20570 -0.11200
v 0.16880 0.23570 -0.11130
v 0.16900 0.26570 -0.11050
v 0.16920 0.29570 -0.10970
v 0.16940 0.32570 -0.10900
v 0.16960 0.35570 -0.10820
v 0.16980 0.38570 -0.10740
v 0.17000 0.41570 -0.10660
v 0.17020 0.44570 -0.10580
v 0.17040 0.47570 -0.10500
v 0.17060 0.50570 -0.10420
v 0.17070 0.53570 -0.10340
v 0.17090 0.56570 -0.10260
v 0.17110 0.59570 -0.10170
v 0.17130 0.62570 -0.10090
v 0.17150 0.65570 -0.10000
v 0.17460 0.68540 -0.10090
v 0.17510 0.71570 -0.09980
v 0.17360 0.74580 -0.09830
vt 0.00000 0.89300
vt 0.00000 0.87010
vt 0.00000 0.84720
vt 0.00000 0.82430
vt 0.00000 0.80140
vt 0.00000 0.77850
vt 0.00000 0.75560
vt 0.00000 0.73270
vt 0.00000 0.70980
vt 0.00000 0.68690
vt 0.00000 0.66400
vt 0.00000 0.64110
vt 0.00000 0.61820
vt 0.00000 0.59530
vt 0.00000 0.57240
vt 0.00000 0.54950
vt 0.00000 0.52660
vt 0.00000 0.50370
vt 0.00000 0.48080
vt 0.00000 0.45790
vt 0.00000 0.43500
vt 0.00000 0.41210
vt 0.00000 0.38920
vt 0.00000 0.36630
vt 0.00000 0.34350
vt 0.00000 0.32060
vt 0.00000 0.29770
vt 0.00000 0.27480
vt 0.00000 0.25190
vt 0.00000 0.22900
vt 0.00000 0.20610
vt 0.00000 0.18320
vt 0.00000 0.16030
vt 0.00000 0.13740
vt 0.00000 0.11450
vt 0.00000 0.09160
vt 0.00000 0.06870
vt 0.00000 0.04580
vt 0.00000 0.02290
vt 0.00000 0.00000
vt 0.10000 0.00000
vt 0.20000 0.00000
vt 0.30000 0.00000
vt 0.40000 0.00000
vt 0.50000 0.00000
vt 0.60000 0.00000
vt 0.70000 0.00000
vt 0.80000 0.00000
vt 0.90000 0.00000
vt 1.00000 0.00000
vt 0.99660 0.02310
vt 0.99320 0.04620
vt 0.98980 0.06930
vt 0.98640 0.09240
vt 0.98310 0.11550
vt 0.97970 0.13860
vt 0.97630 0.16170
vt 0.97290 0.18480
vt 0.96950 0.20790
vt 0.96610 0.23100
vt 0.96280 0.25410
vt 0.95940 0.27720
vt 0.95600 0.30030
vt 0.95260 0.32340
vt 0.94920 0.34650
vt 0.94580 0.36960
vt 0.94240 0.39270
vt 0.93900 0.41580
vt 0.93570 0.43890
vt 0.93230 0.46200
vt 0.92890 0.48510
vt 0.92550 0.50810
vt 0.92210 0.53120
vt 0.89810 0.55360
vt 0.87410 0.57590
vt 0.85010 0.59820
vt 0.82610 0.62050
vt 0.80200 0.64290
vt 0.77800 0.66520
vt 0.75400 0.68750
vt 0.76410 0.70890
vt 0.77430 0.73030
vt 0.78450 0.75170
vt 0.79470 0.77300
vt 0.80490 0.79440
vt 0.81500 0.81580
vt 0.82520 0.83720
vt 0.83540 0.85860
vt 0.80460 0.87850
vt 0.76960 0.89770
vt 0.73040 0.91630
vt 0.68690 0.93430
vt 0.63920 0.95160
vt 0.58720 0.96830
vt 0.53100 0.98440
vt 0.44840 0.98960
vt 0.36580 0.99480
vt 0.28320 1.00000
vt 0.22650 0.96150
vt 0.16990 0.93150
vt 0.11330 0.91010
vt 0.05660 0.89720
vt 0.10620 0.02340
vt 0.10620 0.04690
vt 0.10620 0.07030
vt 0.10620 0.09380
vt 0.10620 0.11720
vt 0.10620 0.14060
vt 0.10620 0.16410
vt 0.10620 0.18750
vt 0.10620 0.21090
vt 0.10620 0.23440
vt 0.10620 0.25780
vt 0.10620 0.28120
vt 0.10620 0.30470
vt 0.10620 0.32810
vt 0.10620 0.35160
vt 0.10620 0.37500
vt 0.10620 0.39840
vt 0.10620 0.42190
vt 0.10620 0.44530
vt 0.10620 0.46880
vt 0.10620 0.49220
vt 0.10620 0.51560
vt 0.10620 0.53910
vt 0.10620 0.56250
vt 0.10620 0.58590
vt 0.10620 0.60940
vt 0.10620 0.63280
vt 0.10620 0.65620
vt 0.10620 0.67970
vt 0.10620 0.70310
vt 0.10620 0.72660
vt 0.10620 0.75000
vt 0.10620 0.77340
vt 0.10620 0.79690
vt 0.10620 0.82030
vt 0.10620 0.84380
vt 0.10620 0.86720
vt 0.21240 0.02340
vt 0.21240 0.04690
vt 0.21240 0.07030
vt 0.21240 0.09380
vt 0.21240 0.11720
vt 0.21240 0.14060
vt 0.21240 0.16410
vt 0.21240 0.18750
vt 0.21240 0.21090
vt 0.21240 0.23440
vt 0.21240 0.25780
vt 0.21240 0.28120
vt 0.21240 0.30470
vt 0.21240 0.32810
vt 0.21240 0.35160
vt 0.21240 0.37500
vt 0.21240 0.39840
vt 0.21240 0.42190
vt 0.21240 0.44530
vt 0.21240 0.46880
vt 0.21240 0.49220
vt 0.21240 0.51560
vt 0.21240 0.53910
vt 0.21240 0.56250
vt 0.21240 0.58590
vt 0.21240 0.60940
vt 0.21240 0.63280
vt 0.21240 0.65620
vt 0.21240 0.67970
vt 0.21240 0.70310
vt 0.21240 0.72660
vt 0.21240 0.75000
vt 0.21240 0.77340
vt 0.21240 0.79690
vt 0.21240 0.82030
vt 0.21240 0.84380
vt 0.21240 0.86720
vt 0.21240 0.89060
vt 0.21240 0.91410
vt 0.31860 0.02340
vt 0.31860 0.04690
vt 0.31860 0.07030
vt 0.31860 0.09380
vt 0.31860 0.11720
vt 0.31860 0.14060
vt 0.31860 0.16410
vt 0.31860 0.18750
vt 0.31860 0.21090
vt 0.31860 0.23440
vt 0.31860 0.25780
vt 0.31860 0.28120
vt 0.31860 0.30470
vt 0.31860 0.32810
vt 0.31860 0.35160
vt 0.31860 0.37500
vt 0.31860 0.39840
vt 0.31860 0.42190
vt 0.31860 0.44530
vt 0.31860 0.46880
vt 0.31860 0.49220
vt 0.31860 0.51560
vt 0.31860 0.53910
vt 0.31860 0.56250
vt 0.31860 0.58590
vt 0.31860 0.60940
vt 0.31860 0.63280
vt 0.31860 0.65620
vt 0.31860 0.67970
vt 0.31860 0.70310
vt 0.31860 0.72660
vt 0.31860 0.75000
vt 0.31860 0.77340
vt 0.31860 0.79690
vt 0.31860 0.82030
vt 0.31860 0.84380
vt 0.31860 0.86720
vt 0.31860 0.89060
vt 0.31860 0.91410
vt 0.31860 0.93750
vt 0.31860 0.96090
vt 0.42480 0.02340
vt 0.42480 0.04690
vt 0.42480 0.07030
vt 0.42480 0.09380
vt 0.42480 0.11720
vt 0.42480 0.14060
vt 0.42480 0.16410
vt 0.42480 0.18750
vt 0.42480 0.21090
vt 0.42480 0.23440
vt 0.42480 0.25780
vt 0.42480 0.28120
vt 0.42480 0.30470
vt 0.42480 0.32810
vt 0.42480 0.35160
vt 0.42480 0.37500
vt 0.42480 0.39840
vt 0.42480 0.42190
vt 0.42480 0.44530
vt 0.42480 0.46880
vt 0.42480 0.49220
vt 0.42480 0.51560
vt 0.42480 0.53910
vt 0.42480 0.56250
vt 0.42480 0.58590
vt 0.42480 0.60940
vt 0.42480 0.63280
vt 0.42480 0.65620
vt 0.42480 0.67970
vt 0.42480 0.70310
vt 0.42480 0.72660
vt 0.42480 0.75000
vt 0.42480 0.77340
vt 0.42480 0.79690
vt 0.42480 0.82030
vt 0.42480 0.84380
vt 0.42480 0.86720
vt 0.42480 0.89060
vt 0.42480 0.91410
vt 0.42480 0.93750
vt 0.42480 0.96090
vt 0.53100 0.02340
vt 0.53100 0.04690
vt 0.53100 0.07030
vt 0.53100 0.09380
vt 0.53100 0.11720
vt 0.53100 0.14060
vt 0.53100 0.16410
vt 0.53100 0.18750
vt 0.53100 0.21090
vt 0.53100 0.23440
vt 0.53100 0.25780
vt 0.53100 0.28120
vt 0.53100 0.30470
vt 0.53100 0.32810
vt 0.53100 0.35160
vt 0.53100 0.37500
vt 0.53100 0.39840
vt 0.53100 0.42190
vt 0.53100 0.44530
vt 0.53100 0.46880
vt 0.53100 0.49220
vt 0.53100 0.51560
vt 0.53100 0.53910
vt 0.53100 0.56250
vt 0.53100 0.58590
vt 0.53100 0.60940
vt 0.53100 0.63280
vt 0.53100 0.65620
vt 0.53100 0.67970
vt 0.53100 0.70310
vt 0.53100 0.72660
vt 0.53100 0.75000
vt 0.53100 0.77340
vt 0.53100 0.79690
vt 0.53100 0.82030
vt 0.53100 0.84380
vt 0.53100 0.86720
vt 0.53100 0.89060
vt 0.53100 0.91410
vt 0.53100 0.93750
vt 0.63720 0.02340
vt 0.63720 0.04690
vt 0.63720 0.07030
vt 0.63720 0.09380
vt 0.63720 0.11720
vt 0.63720 0.14060
vt 0.63720 0.16410
vt 0.63720 0.18750
vt 0.63720 0.21090
vt 0.63720 0.23440
vt 0.63720 0.25780
vt 0.63720 0.28120
vt 0.63720 0.30470
vt 0.63720 0.32810
vt 0.63720 0.35160
vt 0.63720 0.37500
vt 0.63720 0.39840
vt 0.63720 0.42190
vt 0.63720 0.44530
vt 0.63720 0.46880
vt 0.63720 0.49220
vt 0.63720 0.51560
vt 0.63720 0.53910
vt 0.63720 0.56250
vt 0.63720 0.58590
vt 0.63720 0.60940
vt 0.63720 0.63280
vt 0.63720 0.65620
vt 0.63720 0.67970
vt 0.63720 0.70310
vt 0.63720 0.72660
vt 0.63720 0.75000
vt 0.63720 0.77340
vt 0.63720 0.79690
vt 0.63720 0.82030
vt 0.63720 0.84380
vt 0.63720 0.86720
vt 0.63720 0.89060
vt 0.63720 0.91410
vt 0.74340 0.02340
vt 0.74340 0.04690
vt 0.74340 0.07030
vt 0.74340 0.09380
vt 0.74340 0.11720
vt 0.74340 0.14060
vt 0.74340 0.16410
vt 0.74340 0.18750
vt 0.74340 0.21090
vt 0.74340 0.23440
vt 0.74340 0.25780
vt 0.74340 0.28120
vt 0.74340 0.30470
vt 0.74340 0.32810
vt 0.74340 0.35160
vt 0.74340 0.37500
vt 0.74340 0.39840
vt 0.74340 0.42190
vt 0.74340 0.44530
vt 0.74340 0.46880
vt 0.74340 0.49220
vt 0.74340 0.51560
vt 0.74340 0.53910
vt 0.74340 0.56250
vt 0.74340 0.58590
vt 0.74340 0.60940
vt 0.74340 0.82030
vt 0.74340 0.84380
vt 0.74340 0.86720
vt 0.84960 0.02340
vt 0.84960 0.04690
vt 0.84960 0.07030
vt 0.84960 0.09380
vt 0.84960 0.11720
vt 0.84960 0.14060
vt 0.84960 0.16410
vt 0.84960 0.18750
vt 0.84960 0.21090
vt 0.84960 0.23440
vt 0.84960 0.25780
vt 0.84960 0.28120
vt 0.84960 0.30470
vt 0.84960 0.32810
vt 0.84960 0.35160
vt 0.84960 0.37500
vt 0.84960 0.39840
vt 0.84960 0.42190
vt 0.84960 0.44530
vt 0.84960 0.46880
vt 0.84960 0.49220
vt 0.84960 0.51560
f 1205/1205 1206/1206 1326/1326
f 1205/1205 1326/1326 1204/1204
f 1203/1203 1204/1204 1367/1367
f 1203/1203 1367/1367 1202/1202
f 1202/1202 1367/1367 1201/1201
f 1201/1201 1367/1367 1407/1407
f 1201/1201 1407/1407 1200/1200
f 1200/1200 1407/1407 1199/1199
f 1199/1199 1407/1407 1446/1446
f 1199/1199 1446/1446 1198/1198
f 1198/1198 1446/1446 1445/1445
f 1198/1198 1445/1445 1197/1197
f 1197/1197 1445/1445 1475/1475
f 1197/1197 1475/1475 1196/1196
f 1196/1196 1475/1475 1195/1195
f 1195/1195 1475/1475 1474/1474
f 1195/1195 1474/1474 1194/1194
f 1180/1180 1181/1181 1469/1469
f 1180/1180 1469/1469 1497/1497
f 1180/1180 1497/1497 1179/1179
f 1179/1179 1497/1497 1496/1496
f 1179/1179 1496/1496 1178/1178
f 1176/1176 1177/1177 1494/1494
f 1176/1176 1494/1494 1493/1493
f 1176/1176 1493/1493 1175/1175
f 1170/1170 1171/1171 1488/1488
f 1170/1170 1488/1488 1487/1487
f 1170/1170 1487/1487 1169/1169
f 1159/1159 1160/1160 1477/1477
f 1159/1159 1477/1477 1476/1476
f 1159/1159 1476/1476 1158/1158
f 1157/1157 1158/1158 1156/1156
f 1156/1156 1158/1158 1476/1476
f 1156/1156 1476/1476 1155/1155
f 1155/1155 1476/1476 1447/1447
f 1155/1155 1447/1447 1154/1154
f 1154/1154 1447/1447 1408/1408
f 1154/1154 1408/1408 1153/1153
f 1153/1153 1408/1408 1368/1368
f 1153/1153 1368/1368 1152/1152
f 1152/1152 1368/1368 1327/1327
f 1152/1152 1327/1327 1151/1151
f 1151/1151 1327/1327 1286/1286
f 1151/1151 1286/1286 1150/1150
f 1150/1150 1286/1286 1247/1247
f 1150/1150 1247/1247 1149/1149
f 1149/1149 1247/1247 1210/1210
f 1149/1149 1210/1210 1148/1148
f 1148/1148 1210/1210 1146/1146
f 1148/1148 1146/1146 1147/1147
f 1146/1146 1210/1210 1145/1145
f 1145/1145 1210/1210 1211/1211
f 1145/1145 1211/1211 1144/1144
f 1144/1144 1211/1211 1212/1212
f 1144/1144 1212/1212 1143/1143
f 1143/1143 1212/1212 1213/1213
f 1143/1143 1213/1213 1142/1142
f 1142/1142 1213/1213 1214/1214
f 1142/1142 1214/1214 1141/1141
f 1141/1141 1214/1214 1215/1215
f 1141/1141 1215/1215 1140/1140
f 1140/1140 1215/1215 1216/1216
f 1140/1140 1216/1216 1139/1139
f 1139/1139 1216/1216 1217/1217
f 1139/1139 1217/1217 1138/1138
f 1138/1138 1217/1217 1218/1218
f 1138/1138 1218/1218 1137/1137
f 1137/1137 1218/1218 1219/1219
f 1137/1137 1219/1219 1136/1136
f 1136/1136 1219/1219 1220/1220
f 1136/1136 1220/1220 1135/1135
f 1135/1135 1220/1220 1221/1221
f 1135/1135 1221/1221 1134/1134
f 1134/1134 1221/1221 1222/1222
f 1134/1134 1222/1222 1133/1133
f 1133/1133 1222/1222 1223/1223
f 1133/1133 1223/1223 1132/1132
f 1132/1132 1223/1223 1224/1224
f 1132/1132 1224/1224 1131/1131
f 1131/1131 1224/1224 1225/1225
f 1131/1131 1225/1225 1130/1130
f 1130/1130 1225/1225 1226/1226
f 1130/1130 1226/1226 1129/1129
f 1129/1129 1226/1226 1227/1227
f 1129/1129 1227/1227 1128/1128
f 1128/1128 1227/1227 1228/1228
f 1128/1128 1228/1228 1127/1127
f 1127/1127 1228/1228 1229/1229
f 1127/1127 1229/1229 1126/1126
f 1126/1126 1229/1229 1230/1230
f 1126/1126 1230/1230 1125/1125
f 1125/1125 1230/1230 1231/1231
f 1125/1125 1231/1231 1124/1124
f 1124/1124 1231/1231 1232/1232
f 1124/1124 1232/1232 1123/1123
f 1123/1123 1232/1232 1233/1233
f 1123/1123 1233/1233 1122/1122
f 1122/1122 1233/1233 1234/1234
f 1122/1122 1234/1234 1121/1121
f 1121/1121 1234/1234 1235/1235
f 1121/1121 1235/1235 1120/1120
f 1120/1120 1235/1235 1236/1236
f 1120/1120 1236/1236 1119/1119
f 1119/1119 1236/1236 1237/1237
f 1119/1119 1237/1237 1118/1118
f 1118/1118 1237/1237 1238/1238
f 1118/1118 1238/1238 1117/1117
f 1117/1117 1238/1238 1239/1239
f 1117/1117 1239/1239 1116/1116
f 1116/1116 1239/1239 1240/1240
f 1116/1116 1240/1240 1115/1115
f 1115/1115 1240/1240 1241/1241
f 1115/1115 1241/1241 1114/1114
f 1114/1114 1241/1241 1242/1242
f 1114/1114 1242/1242 1113/1113
f 1113/1113 1242/1242 1243/1243
f 1113/1113 1243/1243 1112/1112
f 1112/1112 1243/1243 1244/1244
f 1112/1112 1244/1244 1111/1111
f 1111/1111 1244/1244 1245/1245
f 1111/1111 1245/1245 1110/1110
f 1110/1110 1245/1245 1246/1246
f 1110/1110 1246/1246 1109/1109
f 1109/1109 1246/1246 1209/1209
f 1109/1109 1209/1209 1108/1108
f 1206/1206 1207/1207 1325/1325
f 1206/1206 1325/1325 1326/1326
f 1326/1326 1325/1325 1366/1366
f 1326/1326 1366/1366 1367/1367
f 1326/1326 1367/1367 1204/1204
f 1367/1367 1366/1366 1407/1407
f 1407/1407 1366/1366 1406/1406
f 1407/1407 1406/1406 1446/1446
f 1446/1446 1406/1406 1445/1445
f 1445/1445 1406/1406 1405/1405
f 1445/1445 1405/1405 1444/1444
f 1445/1445 1444/1444 1475/1475
f 1475/1475 1444/1444 1474/1474
f 1474/1474 1444/1444 1443/1443
f 1474/1474 1443/1443 1473/1473
f 1474/1474 1473/1473 1194/1194
f 1194/1194 1473/1473 1193/1193
f 1181/1181 1182/1182 1470/1470
f 1181/1181 1470/1470 1469/1469
f 1469/1469 1470/1470 1431/1431
f 1469/1469 1431/1431 1430/1430
f 1469/1469 1430/1430 1468/1468
f 1469/1469 1468/1468 1497/1497
f 1497/1497 1468/1468 1496/1496
f 1496/1496 1468/1468 1467/1467
f 1496/1496 1467/1467 1495/1495
f 1496/1496 1495/1495 1178/1178
f 1178/1178 1495/1495 1177/1177
f 1177/1177 1495/1495 1494/1494
f 1494/1494 1495/1495 1466/1466
f 1494/1494 1466/1466 1465/1465
f 1494/1494 1465/1465 1493/1493
f 1493/1493 1465/1465 1464/1464
f 1493/1493 1464/1464 1492/1492
f 1493/1493 1492/1492 1175/1175
f 1175/1175 1492/1492 1174/1174
f 1174/1174 1492/1492 1491/1491
f 1174/1174 1491/1491 1173/1173
f 1173/1173 1491/1491 1490/1490
f 1173/1173 1490/1490 1172/1172
f 1171/1171 1172/1172 1489/1489
f 1171/1171 1489/1489 1488/1488
f 1488/1488 1489/1489 1460/1460
f 1488/1488 1460/1460 1459/1459
f 1488/1488 1459/1459 1487/1487
f 1487/1487 1459/1459 1458/1458
f 1487/1487 1458/1458 1486/1486
f 1487/1487 1486/1486 1169/1169
f 1169/1169 1486/1486 1168/1168
f 1168/1168 1486/1486 1485/1485
f 1168/1168 1485/1485 1167/1167
f 1165/1165 1166/1166 1483/1483
f 1165/1165 1483/1483 1482/1482
f 1165/1165 1482/1482 1164/1164
f 1162/1162 1163/1163 1480/1480
f 1162/1162 1480/1480 1479/1479
f 1162/1162 1479/1479 1161/1161
f 1160/1160 1161/1161 1478/1478
f 1160/1160 1478/1478 1477/1477
f 1477/1477 1478/1478 1449/1449
f 1477/1477 1449/1449 1448/1448
f 1477/1477 1448/1448 1476/1476
f 1476/1476 1448/1448 1447/1447
f 1447/1447 1448/1448 1409/1409
f 1447/1447 1409/1409 1408/1408
f 1408/1408 1409/1409 1369/1369
f 1408/1408 1369/1369 1368/1368
f 1368/1368 1369/1369 1328/1328
f 1368/1368 1328/1328 1327/1327
f 1327/1327 1328/1328 1287/1287
f 1327/1327 1287/1287 1286/1286
f 1286/1286 1287/1287 1248/1248
f 1286/1286 1248/1248 1247/1247
f 1247/1247 1248/1248 1211/1211
f 1247/1247 1211/1211 1210/1210
f 1211/1211 1248/1248 1212/1212
f 1212/1212 1248/1248 1249/1249
f 1212/1212 1249/1249 1213/1213
f 1213/1213 1249/1249 1250/1250
f 1213/1213 1250/1250 1214/1214
f 1214/1214 1250/1250 1251/1251
f 1214/1214 1251/1251 1215/1215
f 1215/1215 1251/1251 1252/1252
f 1215/1215 1252/1252 1216/1216
f 1216/1216 1252/1252 1253/1253
f 1216/1216 1253/1253 1217/1217
f 1217/1217 1253/1253 1254/1254
f 1217/1217 1254/1254 1218/1218
f 1218/1218 1254/1254 1255/1255
f 1218/1218 1255/1255 1219/1219
f 1219/1219 1255/1255 1256/1256
f 1219/1219 1256/1256 1220/1220
f 1220/1220 1256/1256 1257/1257
f 1220/1220 1257/1257 1221/1221
f 1221/1221 1257/1257 1258/1258
f 1221/1221 1258/1258 1222/1222
f 1222/1222 1258/1258 1259/1259
f 1222/1222 1259/1259 1223/1223
f 1223/1223 1259/1259 1260/1260
f 1223/1223 1260/1260 1224/1224
f 1224/1224 1260/1260 1261/1261
f 1224/1224 1261/1261 1225/1225
f 1225/1225 1261/1261 1262/1262
f 1225/1225 1262/1262 1226/1226
f 1226/1226 1262/1262 1263/1263
f 1226/1226 1263/1263 1227/1227
f 1227/1227 1263/1263 1264/1264
f 1227/1227 1264/1264 1228/1228
f 1228/1228 1264/1264 1265/1265
f 1228/1228 1265/1265 1229/1229
f 1229/1229 1265/1265 1266/1266
f 1229/1229 1266/1266 1230/1230
f 1230/1230 1266/1266 1267/1267
f 1230/1230 1267/1267 1231/1231
f 1231/1231 1267/1267 1268/1268
f 1231/1231 1268/1268 1232/1232
f 1232/1232 1268/1268 1269/1269
f 1232/1232 1269/1269 1233/1233
f 1233/1233 1269/1269 1270/1270
f 1233/1233 1270/1270 1234/1234
f 1234/1234 1270/1270 1271/1271
f 1234/1234 1271/1271 1235/1235
f 1235/1235 1271/1271 1272/1272
f 1235/1235 1272/1272 1236/1236
f 1236/1236 1272/1272 1273/1273
f 1236/1236 1273/1273 1237/1237
f 1237/1237 1273/1273 1274/1274
f 1237/1237 1274/1274 1238/1238
f 1238/1238 1274/1274 1275/1275
f 1238/1238 1275/1275 1239/1239
f 1239/1239 1275/1275 1276/1276
f 1239/1239 1276/1276 1240/1240
f 1240/1240 1276/1276 1277/1277
f 1240/1240 1277/1277 1241/1241
f 1241/1241 1277/1277 1278/1278
f 1241/1241 1278/1278 1242/1242
f 1242/1242 1278/1278 1279/1279
f 1242/1242 1279/1279 1243/1243
f 1243/1243 1279/1279 1280/1280
f 1243/1243 1280/1280 1244/1244
f 1244/1244 1280/1280 1281/1281
f 1244/1244 1281/1281 1245/1245
f 1245/1245 1281/1281 1282/1282
f 1245/1245 1282/1282 1246/1246
f 1246/1246 1282/1282 1283/1283
f 1246/1246 1283/1283 1284/1284
f 1246/1246 1284/1284 1209/1209
f 1209/1209 1284/1284 1208/1208
f 1208/1208 1284/1284 1285/1285
f 1208/1208 1285/1285 1207/1207
f 1207/1207 1285/1285 1325/1325
f 1325/1325 1285/1285 1324/1324
f 1325/1325 1324/1324 1365/1365
f 1325/1325 1365/1365 1366/1366
f 1366/1366 1365/1365 1406/1406
f 1406/1406 1365/1365 1405/1405
f 1405/1405 1365/1365 1364/1364
f 1405/1405 1364/1364 1404/1404
f 1405/1405 1404/1404 1444/1444
f 1444/1444 1404/1404 1443/1443
f 1443/1443 1404/1404 1403/1403
f 1443/1443 1403/1403 1442/1442
f 1443/1443 1442/1442 1473/1473
f 1473/1473 1442/1442 1441/1441
f 1473/1473 1441/1441 1192/1192
f 1473/1473 1192/1192 1193/1193
f 1182/1182 1183/1183 1471/1471
f 1182/1182 1471/1471 1470/1470
f 1470/1470 1471/1471 1432/1432
f 1470/1470 1432/1432 1431/1431
f 1431/1431 1432/1432 1392/1392
f 1431/1431 1392/1392 1391/1391
f 1431/1431 1391/1391 1430/1430
f 1430/1430 1391/1391 1390/1390
f 1430/1430 1390/1390 1429/1429
f 1430/1430 1429/1429 1468/1468
f 1468/1468 1429/1429 1467/1467
f 1467/1467 1429/1429 1428/1428
f 1467/1467 1428/1428 1466/1466
f 1467/1467 1466/1466 1495/1495
f 1466/1466 1428/1428 1427/1427
f 1466/1466 1427/1427 1465/1465
f 1465/1465 1427/1427 1426/1426
f 1465/1465 1426/1426 1464/1464
f 1464/1464 1426/1426 1425/1425
f 1464/1464 1425/1425 1463/1463
f 1464/1464 1463/1463 1492/1492
f 1492/1492 1463/1463 1491/1491
f 1491/1491 1463/1463 1462/1462
f 1491/1491 1462/1462 1490/1490
f 1490/1490 1462/1462 1461/1461
f 1490/1490 1461/1461 1489/1489
f 1490/1490 1489/1489 1172/1172
f 1489/1489 1461/1461 1460/1460
f 1460/1460 1461/1461 1422/1422
f 1460/1460 1422/1422 1421/1421
f 1460/1460 1421/1421 1459/1459
f 1459/1459 1421/1421 1420/1420
f 1459/1459 1420/1420 1458/1458
f 1458/1458 1420/1420 1419/1419
f 1458/1458 1419/1419 1457/1457
f 1458/1458 1457/1457 1486/1486
f 1486/1486 1457/1457 1485/1485
f 1485/1485 1457/1457 1456/1456
f 1485/1485 1456/1456 1484/1484
f 1485/1485 1484/1484 1167/1167
f 1167/1167 1484/1484 1166/1166
f 1166/1166 1484/1484 1483/1483
f 1483/1483 1484/1484 1455/1455
f 1483/1483 1455/1455 1454/1454
f 1483/1483 1454/1454 1482/1482
f 1482/1482 1454/1454 1453/1453
f 1482/1482 1453/1453 1481/1481
f 1482/1482 1481/1481 1164/1164
f 1164/1164 1481/1481 1163/1163
f 1163/1163 1481/1481 1480/1480
f 1480/1480 1481/1481 1452/1452
f 1480/1480 1452/1452 1451/1451
f 1480/1480 1451/1451 1479/1479
f 1479/1479 1451/1451 1450/1450
f 1479/1479 1450/1450 1478/1478
f 1479/1479 1478/1478 1161/1161
f 1478/1478 1450/1450 1449/1449
f 1449/1449 1450/1450 1411/1411
f 1449/1449 1411/1411 1410/1410
f 1449/1449 1410/1410 1448/1448
f 1448/1448 1410/1410 1409/1409
f 1409/1409 1410/1410 1370/1370
f 1409/1409 1370/1370 1369/1369
f 1369/1369 1370/1370 1329/1329
f 1369/1369 1329/1329 1328/1328
f 1328/1328 1329/1329 1288/1288
f 1328/1328 1288/1288 1287/1287
f 1287/1287 1288/1288 1249/1249
f 1287/1287 1249/1249 1248/1248
f 1249/1249 1288/1288 1250/1250
f 1250/1250 1288/1288 1289/1289
f 1250/1250 1289/1289 1251/1251
f 1251/1251 1289/1289 1290/1290
f 1251/1251 1290/1290 1252/1252
f 1252/1252 1290/1290 1291/1291
f 1252/1252 1291/1291 1253/1253
f 1253/1253 1291/1291 1292/1292
f 1253/1253 1292/1292 1254/1254
f 1254/1254 1292/1292 1293/1293
f 1254/1254 1293/1293 1255/1255
f 1255/1255 1293/1293 1294/1294
f 1255/1255 1294/1294 1256/1256
f 1256/1256 1294/1294 1295/1295
f 1256/1256 1295/1295 1257/1257
f 1257/1257 1295/1295 1296/1296
f 1257/1257 1296/1296 1258/1258
f 1258/1258 1296/1296 1297/1297
f 1258/1258 1297/1297 1259/1259
f 1259/1259 1297/1297 1298/1298
f 1259/1259 1298/1298 1260/1260
f 1260/1260 1298/1298 1299/1299
f 1260/1260 1299/1299 1261/1261
f 1261/1261 1299/1299 1300/1300
f 1261/1261 1300/1300 1262/1262
f 1262/1262 1300/1300 1301/1301
f 1262/1262 1301/1301 1263/1263
f 1263/1263 1301/1301 1302/1302
f 1263/1263 1302/1302 1264/1264
f 1264/1264 1302/1302 1303/1303
f 1264/1264 1303/1303 1265/1265
f 1265/1265 1303/1303 1304/1304
f 1265/1265 1304/1304 1266/1266
f 1266/1266 1304/1304 1305/1305
f 1266/1266 1305/1305 1267/1267
f 1267/1267 1305/1305 1306/1306
f 1267/1267 1306/1306 1268/1268
f 1268/1268 1306/1306 1307/1307
f 1268/1268 1307/1307 1269/1269
f 1269/1269 1307/1307 1308/1308
f 1269/1269 1308/1308 1270/1270
f 1270/1270 1308/1308 1309/1309
f 1270/1270 1309/1309 1271/1271
f 1271/1271 1309/1309 1310/1310
f 1271/1271 1310/1310 1272/1272
f 1272/1272 1310/1310 1311/1311
f 1272/1272 1311/1311 1273/1273
f 1273/1273 1311/1311 1312/1312
f 1273/1273 1312/1312 1274/1274
f 1274/1274 1312/1312 1313/1313
f 1274/1274 1313/1313 1275/1275
f 1275/1275 1313/1313 1314/1314
f 1275/1275 1314/1314 1276/1276
f 1276/1276 1314/1314 1315/1315
f 1276/1276 1315/1315 1277/1277
f 1277/1277 1315/1315 1316/1316
f 1277/1277 1316/1316 1278/1278
f 1278/1278 1316/1316 1317/1317
f 1278/1278 1317/1317 1279/1279
f 1279/1279 1317/1317 1318/1318
f 1279/1279 1318/1318 1280/1280
f 1280/1280 1318/1318 1319/1319
f 1280/1280 1319/1319 1281/1281
f 1281/1281 1319/1319 1320/1320
f 1281/1281 1320/1320 1282/1282
f 1282/1282 1320/1320 1321/1321
f 1282/1282 1321/1321 1283/1283
f 1283/1283 1321/1321 1322/1322
f 1283/1283 1322/1322 1284/1284
f 1284/1284 1322/1322 1323/1323
f 1284/1284 1323/1323 1285/1285
f 1285/1285 1323/1323 1324/1324
f 1324/1324 1323/1323 1364/1364
f 1324/1324 1364/1364 1365/1365
f 1364/1364 1323/1323 1363/1363
f 1364/1364 1363/1363 1404/1404
f 1404/1404 1363/1363 1403/1403
f 1403/1403 1363/1363 1362/1362
f 1403/1403 1362/1362 1402/1402
f 1403/1403 1402/1402 1442/1442
f 1442/1442 1402/1402 1441/1441
f 1441/1441 1402/1402 1401/1401
f 1441/1441 1401/1401 1440/1440
f 1441/1441 1440/1440 1191/1191
f 1441/1441 1191/1191 1192/1192
f 1183/1183 1184/1184 1472/1472
f 1183/1183 1472/1472 1471/1471
f 1471/1471 1472/1472 1433/1433
f 1471/1471 1433/1433 1432/1432
f 1432/1432 1433/1433 1393/1393
f 1432/1432 1393/1393 1392/1392
f 1392/1392 1393/1393 1352/1352
f 1392/1392 1352/1352 1351/1351
f 1392/1392 1351/1351 1391/1391
f 1391/1391 1351/1351 1350/1350
f 1391/1391 1350/1350 1390/1390
f 1390/1390 1350/1350 1349/1349
f 1390/1390 1349/1349 1389/1389
f 1390/1390 1389/1389 1429/1429
f 1429/1429 1389/1389 1428/1428
f 1428/1428 1389/1389 1388/1388
f 1428/1428 1388/1388 1427/1427
f 1427/1427 1388/1388 1387/1387
f 1427/1427 1387/1387 1426/1426
f 1426/1426 1387/1387 1386/1386
f 1426/1426 1386/1386 1425/1425
f 1425/1425 1386/1386 1385/1385
f 1425/1425 1385/1385 1424/1424
f 1425/1425 1424/1424 1463/1463
f 1463/1463 1424/1424 1462/1462
f 1462/1462 1424/1424 1423/1423
f 1462/1462 1423/1423 1461/1461
f 1461/1461 1423/1423 1422/1422
f 1422/1422 1423/1423 1383/1383
f 1422/1422 1383/1383 1382/1382
f 1422/1422 1382/1382 1421/1421
f 1421/1421 1382/1382 1381/1381
f 1421/1421 1381/1381 1420/1420
f 1420/1420 1381/1381 1380/1380
f 1420/1420 1380/1380 1419/1419
f 1419/1419 1380/1380 1379/1379
f 1419/1419 1379/1379 1418/1418
f 1419/1419 1418/1418 1457/1457
f 1457/1457 1418/1418 1456/1456
f 1456/1456 1418/1418 1417/1417
f 1456/1456 1417/1417 1455/1455
f 1456/1456 1455/1455 1484/1484
f 1455/1455 1417/1417 1416/1416
f 1455/1455 1416/1416 1454/1454
f 1454/1454 1416/1416 1415/1415
f 1454/1454 1415/1415 1453/1453
f 1453/1453 1415/1415 1414/1414
f 1453/1453 1414/1414 1452/1452
f 1453/1453 1452/1452 1481/1481
f 1452/1452 1414/1414 1413/1413
f 1452/1452 1413/1413 1451/1451
f 1451/1451 1413/1413 1412/1412
f 1451/1451 1412/1412 1450/1450
f 1450/1450 1412/1412 1411/1411
f 1411/1411 1412/1412 1372/1372
f 1411/1411 1372/1372 1371/1371
f 1411/1411 1371/1371 1410/1410
f 1410/1410 1371/1371 1370/1370
f 1370/1370 1371/1371 1330/1330
f 1370/1370 1330/1330 1329/1329
f 1329/1329 1330/1330 1289/1289
f 1329/1329 1289/1289 1288/1288
f 1289/1289 1330/1330 1290/1290
f 1290/1290 1330/1330 1331/1331
f 1290/1290 1331/1331 1291/1291
f 1291/1291 1331/1331 1332/1332
f 1291/1291 1332/1332 1292/1292
f 1292/1292 1332/1332 1333/1333
f 1292/1292 1333/1333 1293/1293
f 1293/1293 1333/1333 1334/1334
f 1293/1293 1334/1334 1294/1294
f 1294/1294 1334/1334 1335/1335
f 1294/1294 1335/1335 1295/1295
f 1295/1295 1335/1335 1336/1336
f 1295/1295 1336/1336 1296/1296
f 1296/1296 1336/1336 1337/1337
f 1296/1296 1337/1337 1297/1297
f 1297/1297 1337/1337 1338/1338
f 1297/1297 1338/1338 1298/1298
f 1298/1298 1338/1338 1339/1339
f 1298/1298 1339/1339 1299/1299
f 1299/1299 1339/1339 1340/1340
f 1299/1299 1340/1340 1300/1300
f 1300/1300 1340/1340 1341/1341
f 1300/1300 1341/1341 1301/1301
f 1301/1301 1341/1341 1342/1342
f 1301/1301 1342/1342 1302/1302
f 1302/1302 1342/1342 1343/1343
f 1302/1302 1343/1343 1303/1303
f 1303/1303 1343/1343 1344/1344
f 1303/1303 1344/1344 1304/1304
f 1304/1304 1344/1344 1345/1345
f 1304/1304 1345/1345 1305/1305
f 1305/1305 1345/1345 1346/1346
f 1305/1305 1346/1346 1306/1306
f 1306/1306 1346/1346 1347/1347
f 1306/1306 1347/1347 1307/1307
f 1307/1307 1347/1347 1348/1348
f 1307/1307 1348/1348 1308/1308
f 1308/1308 1348/1348 1349/1349
f 1308/1308 1349/1349 1309/1309
f 1309/1309 1349/1349 1350/1350
f 1309/1309 1350/1350 1310/1310
f 1310/1310 1350/1350 1351/1351
f 1310/1310 1351/1351 1311/1311
f 1311/1311 1351/1351 1352/1352
f 1311/1311 1352/1352 1312/1312
f 1312/1312 1352/1352 1353/1353
f 1312/1312 1353/1353 1313/1313
f 1313/1313 1353/1353 1354/1354
f 1313/1313 1354/1354 1314/1314
f 1314/1314 1354/1354 1355/1355
f 1314/1314 1355/1355 1315/1315
f 1315/1315 1355/1355 1356/1356
f 1315/1315 1356/1356 1316/1316
f 1316/1316 1356/1356 1357/1357
f 1316/1316 1357/1357 1317/1317
f 1317/1317 1357/1357 1358/1358
f 1317/1317 1358/1358 1318/1318
f 1318/1318 1358/1358 1359/1359
f 1318/1318 1359/1359 1319/1319
f 1319/1319 1359/1359 1360/1360
f 1319/1319 1360/1360 1320/1320
f 1320/1320 1360/1360 1361/1361
f 1320/1320 1361/1361 1321/1321
f 1321/1321 1361/1361 1362/1362
f 1321/1321 1362/1362 1322/1322
f 1322/1322 1362/1362 1363/1363
f 1322/1322 1363/1363 1323/1323
f 1362/1362 1361/1361 1402/1402
f 1402/1402 1361/1361 1401/1401
f 1401/1401 1361/1361 1360/1360
f 1401/1401 1360/1360 1400/1400
f 1401/1401 1400/1400 1440/1440
f 1440/1440 1400/1400 1439/1439
f 1440/1440 1439/1439 1190/1190
f 1440/1440 1190/1190 1191/1191
f 1184/1184 1185/1185 1472/1472
f 1472/1472 1185/1185 1434/1434
f 1472/1472 1434/1434 1433/1433
f 1433/1433 1434/1434 1394/1394
f 1433/1433 1394/1394 1393/1393
f 1393/1393 1394/1394 1353/1353
f 1393/1393 1353/1353 1352/1352
f 1353/1353 1394/1394 1354/1354
f 1354/1354 1394/1394 1395/1395
f 1354/1354 1395/1395 1355/1355
f 1355/1355 1395/1395 1396/1396
f 1355/1355 1396/1396 1356/1356
f 1356/1356 1396/1396 1397/1397
f 1356/1356 1397/1397 1357/1357
f 1357/1357 1397/1397 1398/1398
f 1357/1357 1398/1398 1358/1358
f 1358/1358 1398/1398 1399/1399
f 1358/1358 1399/1399 1359/1359
f 1359/1359 1399/1399 1400/1400
f 1359/1359 1400/1400 1360/1360
f 1400/1400 1399/1399 1439/1439
f 1439/1439 1399/1399 1438/1438
f 1439/1439 1438/1438 1189/1189
f 1439/1439 1189/1189 1190/1190
f 1185/1185 1186/1186 1435/1435
f 1185/1185 1435/1435 1434/1434
f 1434/1434 1435/1435 1395/1395
f 1434/1434 1395/1395 1394/1394
f 1395/1395 1435/1435 1396/1396
f 1396/1396 1435/1435 1436/1436
f 1396/1396 1436/1436 1397/1397
f 1397/1397 1436/1436 1437/1437
f 1397/1397 1437/1437 1398/1398
f 1398/1398 1437/1437 1438/1438
f 1398/1398 1438/1438 1399/1399
f 1438/1438 1437/1437 1188/1188
f 1438/1438 1188/1188 1189/1189
f 1186/1186 1187/1187 1436/1436
f 1186/1186 1436/1436 1435/1435
f 1436/1436 1187/1187 1437/1437
f 1437/1437 1187/1187 1188/1188
f 1349/1349 1348/1348 1389/1389
f 1389/1389 1348/1348 1388/1388
f 1388/1388 1348/1348 1347/1347
f 1388/1388 1347/1347 1387/1387
f 1387/1387 1347/1347 1346/1346
f 1387/1387 1346/1346 1386/1386
f 1386/1386 1346/1346 1345/1345
f 1386/1386 1345/1345 1385/1385
f 1385/1385 1345/1345 1344/1344
f 1385/1385 1344/1344 1384/1384
f 1385/1385 1384/1384 1424/1424
f 1424/1424 1384/1384 1423/1423
f 1423/1423 1384/1384 1383/1383
f 1383/1383 1384/1384 1343/1343
f 1383/1383 1343/1343 1342/1342
f 1383/1383 1342/1342 1382/1382
f 1382/1382 1342/1342 1341/1341
f 1382/1382 1341/1341 1381/1381
f 1381/1381 1341/1341 1340/1340
f 1381/1381 1340/1340 1380/1380
f 1380/1380 1340/1340 1339/1339
f 1380/1380 1339/1339 1379/1379
f 1379/1379 1339/1339 1338/1338
f 1379/1379 1338/1338 1378/1378
f 1379/1379 1378/1378 1418/1418
f 1418/1418 1378/1378 1417/1417
f 1417/1417 1378/1378 1377/1377
f 1417/1417 1377/1377 1416/1416
f 1416/1416 1377/1377 1376/1376
f 1416/1416 1376/1376 1415/1415
f 1415/1415 1376/1376 1375/1375
f 1415/1415 1375/1375 1414/1414
f 1414/1414 1375/1375 1374/1374
f 1414/1414 1374/1374 1413/1413
f 1413/1413 1374/1374 1373/1373
f 1413/1413 1373/1373 1412/1412
f 1412/1412 1373/1373 1372/1372
f 1372/1372 1373/1373 1332/1332
f 1372/1372 1332/1332 1331/1331
f 1372/1372 1331/1331 1371/1371
f 1371/1371 1331/1331 1330/1330
f 1332/1332 1373/1373 1333/1333
f 1333/1333 1373/1373 1374/1374
f 1333/1333 1374/1374 1334/1334
f 1334/1334 1374/1374 1375/1375
f 1334/1334 1375/1375 1335/1335
f 1335/1335 1375/1375 1376/1376
f 1335/1335 1376/1376 1336/1336
f 1336/1336 1376/1376 1377/1377
f 1336/1336 1377/1377 1337/1337
f 1337/1337 1377/1377 1378/1378
f 1337/1337 1378/1378 1338/1338
f 1343/1343 1384/1384 1344/1344
