# Kloth Garment Template Generator - Exported Simulated OBJ

g front_panel
usemtl Material_front_panel
v 0.10770 1.36570 -0.09200
v 0.12530 1.35320 -0.09200
v 0.14100 1.34330 -0.08320
v 0.14560 1.33180 -0.06220
v 0.14960 1.31360 -0.04070
v 0.15250 1.29330 -0.01800
v 0.15470 1.27100 0.00950
v 0.15630 1.24550 0.01380
v 0.17220 1.20090 -0.04190
v 0.14380 1.18470 0.03470
v 0.15600 1.18470 0.01430
v 0.16530 1.18470 -0.00760
v 0.17160 1.18470 -0.03050
v 0.17460 1.18460 -0.05390
v 0.17440 1.15730 -0.05040
v 0.17440 1.13000 -0.05040
v 0.17440 1.10260 -0.05030
v 0.17440 1.07520 -0.05030
v 0.17440 1.04780 -0.05020
v 0.17440 1.02050 -0.05020
v 0.17440 0.99310 -0.05010
v 0.17380 0.96570 -0.04490
v 0.17390 0.93710 -0.04520
v 0.17390 0.90860 -0.04540
v 0.17390 0.88000 -0.04570
v 0.17400 0.85140 -0.04600
v 0.17630 0.82310 -0.04620
v 0.17990 0.79500 -0.04580
v 0.18340 0.76650 -0.05230
v 0.18490 0.73690 -0.05300
v 0.18730 0.70680 -0.05390
v 0.18710 0.67640 -0.05450
v 0.18510 0.64630 -0.05460
v 0.18200 0.61690 -0.05480
v 0.17790 0.58790 -0.05350
v 0.17460 0.55890 -0.05290
v 0.17460 0.52930 -0.05290
v 0.17460 0.49980 -0.05290
v 0.17460 0.47030 -0.05290
v 0.17460 0.44070 -0.05290
v 0.17460 0.41120 -0.05300
v 0.17460 0.38160 -0.05300
v 0.17460 0.35210 -0.05300
v 0.17460 0.32250 -0.05300
v 0.17460 0.29300 -0.05300
v 0.17460 0.26340 -0.05300
v 0.17460 0.23390 -0.05300
v 0.17460 0.20430 -0.05300
v 0.17460 0.17480 -0.05300
v 0.17460 0.14530 -0.05300
v 0.17470 0.11570 -0.05400
v 0.17040 0.11460 -0.02500
v 0.16130 0.11350 0.00280
v 0.14780 0.11240 0.02880
v 0.13010 0.11130 0.05210
v 0.10870 0.11010 0.07210
v 0.08430 0.10900 0.08840
v 0.05750 0.10790 0.10030
v 0.02920 0.10680 0.10750
v 0.00000 0.10570 0.11000
v -0.02920 0.10680 0.10750
v -0.05750 0.10790 0.10030
v -0.08430 0.10900 0.08840
v -0.10870 0.11010 0.07210
v -0.13010 0.11130 0.05210
v -0.14780 0.11240 0.02880
v -0.16130 0.11350 0.00280
v -0.17040 0.11460 -0.02500
v -0.17470 0.11570 -0.05400
v -0.17460 0.14530 -0.05300
v -0.17460 0.17480 -0.05300
v -0.17460 0.20430 -0.05300
v -0.17460 0.23390 -0.05300
v -0.17460 0.26340 -0.05300
v -0.17460 0.29300 -0.05300
v -0.17460 0.32250 -0.05300
v -0.17460 0.35210 -0.05300
v -0.17460 0.38160 -0.05300
v -0.17460 0.41120 -0.05300
v -0.17460 0.44070 -0.05290
v -0.17460 0.47030 -0.05290
v -0.17460 0.49980 -0.05290
v -0.17460 0.52930 -0.05290
v -0.17620 0.55850 -0.05320
v -0.18120 0.58730 -0.05420
v -0.18520 0.61650 -0.05570
v -0.18850 0.64580 -0.05530
v -0.19070 0.67620 -0.05490
v -0.19070 0.70690 -0.05420
v -0.18840 0.73730 -0.05310
v -0.18650 0.76690 -0.05200
v -0.18380 0.79580 -0.04450
v -0.17950 0.82350 -0.04610
v -0.17430 0.85150 -0.04600
v -0.17390 0.88000 -0.04570
v -0.17390 0.90860 -0.04540
v -0.17390 0.93710 -0.04520
v -0.17380 0.96570 -0.04490
v -0.17440 0.99310 -0.05010
v -0.17440 1.02050 -0.05020
v -0.17440 1.04780 -0.05020
v -0.17440 1.07520 -0.05030
v -0.17440 1.10260 -0.05030
v -0.17440 1.13000 -0.05040
v -0.17440 1.15730 -0.05040
v -0.17450 1.18460 -0.05390
v -0.17160 1.18470 -0.03050
v -0.16530 1.18470 -0.00760
v -0.15600 1.18470 0.01430
v -0.14380 1.18470 0.03470
v -0.17460 1.20040 -0.04100
v -0.15630 1.24550 0.01380
v -0.15470 1.27100 0.00950
v -0.15250 1.29330 -0.01800
v -0.14940 1.31300 -0.04190
v -0.14540 1.33190 -0.06210
v -0.14080 1.34380 -0.08310
v -0.12530 1.35320 -0.09200
v -0.10770 1.36570 -0.09200
v -0.09190 1.32320 -0.04260
v -0.07490 1.28850 0.04040
v -0.05700 1.26150 0.10050
v -0.03840 1.24210 0.10570
v -0.01930 1.23060 0.10890
v 0.00000 1.22670 0.11000
v 0.01930 1.23060 0.10890
v 0.03840 1.24210 0.10570
v 0.05700 1.26150 0.10050
v 0.07490 1.28850 0.04040
v 0.09190 1.32320 -0.04260
v -0.17000 0.13570 -0.02370
v -0.17030 0.16570 -0.02450
v -0.17050 0.19570 -0.02540
v -0.17070 0.22570 -0.02630
v -0.17090 0.25570 -0.02720
v -0.17110 0.28570 -0.02820
v -0.17130 0.31570 -0.02910
v -0.17150 0.34570 -0.03000
v -0.17170 0.37570 -0.03100
v -0.17180 0.40570 -0.03190
v -0.16020 0.13570 0.00540
v -0.16050 0.16570 0.00470
v -0.16080 0.19570 0.00400
v -0.16110 0.22570 0.00320
v -0.16150 0.25570 0.00250
v -0.16180 0.28570 0.00170
v -0.16210 0.31570 0.00100
v -0.16240 0.34570 0.00020
v -0.16270 0.37570 -0.00060
v -0.16300 0.40570 -0.00130
v -0.16330 0.43570 -0.00210
v -0.16360 0.46570 -0.00290
v -0.16390 0.49570 -0.00370
v -0.16420 0.52570 -0.00450
v -0.16990 0.55430 -0.00180
v -0.17400 0.58420 -0.00030
v -0.17740 0.61430 0.00030
v -0.18010 0.64470 0.00210
v -0.18360 0.67560 -0.00380
v -0.18270 0.70670 -0.00350
v -0.18150 0.73660 -0.00500
v -0.17900 0.76700 -0.00580
v -0.17560 0.79760 -0.00720
v -0.17560 0.82650 -0.02420
v -0.14540 0.13570 0.03230
v -0.14580 0.16570 0.03180
v -0.14620 0.19570 0.03120
v -0.14650 0.22570 0.03070
v -0.14690 0.25570 0.03010
v -0.14730 0.28570 0.02950
v -0.14770 0.31570 0.02890
v -0.14800 0.34570 0.02830
v -0.14840 0.37570 0.02770
v -0.14880 0.40570 0.02710
v -0.14920 0.43570 0.02650
v -0.14950 0.46570 0.02590
v -0.14990 0.49570 0.02530
v -0.15030 0.52570 0.02460
v -0.15150 0.55520 0.02570
v -0.15470 0.58450 0.02950
v -0.15720 0.61440 0.03200
v -0.16190 0.64500 0.02890
v -0.16290 0.67570 0.02940
v -0.16180 0.70650 0.02890
v -0.16050 0.73670 0.02700
v -0.15850 0.76640 0.02400
v -0.15480 0.79600 0.01990
v -0.15910 0.82580 0.00850
v -0.16140 0.85570 0.00260
v -0.16390 0.88570 -0.00360
v -0.16620 0.91570 -0.01030
v -0.16850 0.94570 -0.01760
v -0.16970 0.97570 -0.02210
v -0.16880 1.00570 -0.01880
v -0.16790 1.03570 -0.01560
v -0.16690 1.06570 -0.01250
v -0.16600 1.09570 -0.00950
v -0.16500 1.12570 -0.00660
v -0.16290 1.15570 -0.00110
v -0.12620 0.13570 0.05630
v -0.12660 0.16570 0.05590
v -0.12690 0.19570 0.05550
v -0.12730 0.22570 0.05510
v -0.12770 0.25570 0.05470
v -0.12810 0.28570 0.05420
v -0.12850 0.31570 0.05380
v -0.12890 0.34570 0.05340
v -0.12930 0.37570 0.05300
v -0.12970 0.40570 0.05250
v -0.13010 0.43570 0.05210
v -0.13040 0.46570 0.05170
v -0.13080 0.49570 0.05120
v -0.13120 0.52570 0.05080
v -0.13160 0.55570 0.05030
v -0.13210 0.58570 0.04980
v -0.13250 0.61570 0.04940
v -0.13360 0.64560 0.05000
v -0.13460 0.67570 0.05050
v -0.13440 0.70580 0.04910
v -0.13410 0.73570 0.04740
v -0.13450 0.76570 0.04690
v -0.13490 0.79570 0.04640
v -0.14070 0.82570 0.03900
v -0.14370 0.85570 0.03480
v -0.14680 0.88570 0.03030
v -0.14990 0.91570 0.02530
v -0.15300 0.94570 0.01990
v -0.15490 0.97570 0.01650
v -0.15350 1.00570 0.01900
v -0.15220 1.03570 0.02140
v -0.15090 1.06570 0.02370
v -0.14950 1.09570 0.02590
v -0.14820 1.12570 0.02800
v -0.14560 1.15570 0.03210
v -0.10300 0.13570 0.07650
v -0.10340 0.16570 0.07620
v -0.10370 0.19570 0.07590
v -0.10410 0.22570 0.07570
v -0.10440 0.25570 0.07540
v -0.10480 0.28570 0.07520
v -0.10510 0.31570 0.07490
v -0.10550 0.34570 0.07460
v -0.10590 0.37570 0.07430
v -0.10620 0.40570 0.07410
v -0.10660 0.43570 0.07380
v -0.10700 0.46570 0.07350
v -0.10730 0.49570 0.07320
v -0.10770 0.52570 0.07290
v -0.10810 0.55570 0.07260
v -0.10850 0.58570 0.07230
v -0.10880 0.61570 0.07200
v -0.10920 0.64570 0.07170
v -0.10960 0.67570 0.07140
v -0.11000 0.70570 0.07110
v -0.11040 0.73570 0.07080
v -0.11080 0.76570 0.07050
v -0.11120 0.79570 0.07020
v -0.11680 0.82570 0.06540
v -0.11970 0.85570 0.06260
v -0.12280 0.88570 0.05970
v -0.12610 0.91570 0.05640
v -0.12940 0.94570 0.05280
v -0.13140 0.97570 0.05060
v -0.12990 1.00570 0.05220
v -0.12850 1.03570 0.05380
v -0.12710 1.06570 0.05530
v -0.12570 1.09570 0.05680
v -0.12430 1.12570 0.05820
v -0.12160 1.15570 0.06080
v -0.12160 1.18570 0.06080
v -0.16340 1.21570 -0.00240
v -0.13610 1.24570 0.04500
v -0.13610 1.27570 0.02790
v -0.07670 0.13570 0.09230
v -0.07700 0.16570 0.09210
v -0.07730 0.19570 0.09200
v -0.07760 0.22570 0.09190
v -0.07790 0.25570 0.09170
v -0.07810 0.28570 0.09160
v -0.07840 0.31570 0.09140
v -0.07870 0.34570 0.09130
v -0.07900 0.37570 0.09120
v -0.07930 0.40570 0.09100
v -0.07960 0.43570 0.09090
v -0.07990 0.46570 0.09070
v -0.08020 0.49570 0.09050
v -0.08050 0.52570 0.09040
v -0.08080 0.55570 0.09020
v -0.08110 0.58570 0.09010
v -0.08140 0.61570 0.08990
v -0.08170 0.64570 0.08970
v -0.08200 0.67570 0.08960
v -0.08240 0.70570 0.08940
v -0.08270 0.73570 0.08920
v -0.08300 0.76570 0.08910
v -0.08330 0.79570 0.08890
v -0.08800 0.82570 0.08630
v -0.09050 0.85570 0.08480
v -0.09310 0.88570 0.08320
v -0.09590 0.91570 0.08140
v -0.09880 0.94570 0.07940
v -0.10060 0.97570 0.07820
v -0.09930 1.00570 0.07910
v -0.09800 1.03570 0.08000
v -0.09680 1.06570 0.08080
v -0.09550 1.09570 0.08160
v -0.09430 1.12570 0.08240
v -0.09200 1.15570 0.08380
v -0.09200 1.18570 0.08380
v -0.13360 1.21570 0.04800
v -0.10490 1.24570 0.07510
v -0.10490 1.27570 0.05420
v -0.04810 0.13570 0.10330
v -0.04820 0.16570 0.10320
v -0.04840 0.19570 0.10320
v -0.04860 0.22570 0.10310
v -0.04880 0.25570 0.10310
v -0.04900 0.28570 0.10300
v -0.04920 0.31570 0.10300
v -0.04940 0.34570 0.10290
v -0.04960 0.37570 0.10280
v -0.04970 0.40570 0.10280
v -0.04990 0.43570 0.10270
v -0.05010 0.46570 0.10270
v -0.05030 0.49570 0.10260
v -0.05050 0.52570 0.10250
v -0.05070 0.55570 0.10250
v -0.05090 0.58570 0.10240
v -0.05110 0.61570 0.10240
v -0.05140 0.64570 0.10230
v -0.05160 0.67570 0.10220
v -0.05180 0.70570 0.10220
v -0.05200 0.73570 0.10210
v -0.05220 0.76570 0.10200
v -0.05240 0.79570 0.10200
v -0.05550 0.82570 0.10100
v -0.05720 0.85570 0.10040
v -0.05900 0.88570 0.09980
v -0.06090 0.91570 0.09910
v -0.06290 0.94570 0.09830
v -0.06410 0.97570 0.09780
v -0.06320 1.00570 0.09820
v -0.06230 1.03570 0.09850
v -0.06150 1.06570 0.09880
v -0.06070 1.09570 0.09920
v -0.05980 1.12570 0.09950
v -0.05830 1.15570 0.10000
v -0.05830 1.18570 0.10000
v -0.08880 1.21570 0.08580
v -0.01790 0.13570 0.10910
v -0.01800 0.16570 0.10910
v -0.01800 0.19570 0.10910
v -0.01810 0.22570 0.10910
v -0.01820 0.25570 0.10910
v -0.01830 0.28570 0.10900
v -0.01830 0.31570 0.10900
v -0.01840 0.34570 0.10900
v -0.01850 0.37570 0.10900
v -0.01850 0.40570 0.10900
v -0.01860 0.43570 0.10900
v -0.01870 0.46570 0.10900
v -0.01880 0.49570 0.10900
v -0.01890 0.52570 0.10900
v -0.01890 0.55570 0.10900
v -0.01900 0.58570 0.10900
v -0.01910 0.61570 0.10900
v -0.01920 0.64570 0.10890
v -0.01920 0.67570 0.10890
v -0.01930 0.70570 0.10890
v -0.01940 0.73570 0.10890
v -0.01950 0.76570 0.10890
v -0.01960 0.79570 0.10890
v -0.02080 0.82570 0.10880
v -0.02140 0.85570 0.10870
v -0.02210 0.88570 0.10860
v -0.02280 0.91570 0.10850
v -0.02360 0.94570 0.10840
v -0.02410 0.97570 0.10830
v -0.02380 1.00570 0.10840
v -0.02340 1.03570 0.10840
v -0.02310 1.06570 0.10850
v -0.02280 1.09570 0.10850
v -0.02240 1.12570 0.10860
v -0.02180 1.15570 0.10860
v -0.02180 1.18570 0.10860
v 0.01280 0.13570 0.10950
v 0.01280 0.16570 0.10950
v 0.01290 0.19570 0.10950
v 0.01290 0.22570 0.10950
v 0.01300 0.25570 0.10950
v 0.01310 0.28570 0.10950
v 0.01310 0.31570 0.10950
v 0.01320 0.34570 0.10950
v 0.01320 0.37570 0.10950
v 0.01330 0.40570 0.10950
v 0.01330 0.43570 0.10950
v 0.01340 0.46570 0.10950
v 0.01340 0.49570 0.10950
v 0.01350 0.52570 0.10950
v 0.01350 0.55570 0.10950
v 0.01360 0.58570 0.10950
v 0.01360 0.61570 0.10950
v 0.01370 0.64570 0.10950
v 0.01380 0.67570 0.10950
v 0.01380 0.70570 0.10950
v 0.01390 0.73570 0.10940
v 0.01390 0.76570 0.10940
v 0.01400 0.79570 0.10940
v 0.01480 0.82570 0.10940
v 0.01530 0.85570 0.10930
v 0.01580 0.88570 0.10930
v 0.01630 0.91570 0.10920
v 0.01690 0.94570 0.10920
v 0.01730 0.97570 0.10910
v 0.01700 1.00570 0.10920
v 0.01680 1.03570 0.10920
v 0.01650 1.06570 0.10920
v 0.01630 1.09570 0.10920
v 0.01600 1.12570 0.10930
v 0.01560 1.15570 0.10930
v 0.01560 1.18570 0.10930
v 0.04310 0.13570 0.10460
v 0.04330 0.16570 0.10460
v 0.04340 0.19570 0.10450
v 0.04360 0.22570 0.10450
v 0.04380 0.25570 0.10440
v 0.04390 0.28570 0.10440
v 0.04410 0.31570 0.10430
v 0.04430 0.34570 0.10430
v 0.04450 0.37570 0.10430
v 0.04460 0.40570 0.10420
v 0.04480 0.43570 0.10420
v 0.04500 0.46570 0.10410
v 0.04520 0.49570 0.10410
v 0.04530 0.52570 0.10400
v 0.04550 0.55570 0.10400
v 0.04570 0.58570 0.10390
v 0.04590 0.61570 0.10390
v 0.04610 0.64570 0.10380
v 0.04630 0.67570 0.10380
v 0.04650 0.70570 0.10370
v 0.04670 0.73570 0.10370
v 0.04680 0.76570 0.10360
v 0.04700 0.79570 0.10360
v 0.04980 0.82570 0.10280
v 0.05140 0.85570 0.10230
v 0.05300 0.88570 0.10180
v 0.05470 0.91570 0.10120
v 0.05650 0.94570 0.10060
v 0.05770 0.97570 0.10020
v 0.05680 1.00570 0.10050
v 0.05600 1.03570 0.10080
v 0.05530 1.06570 0.10100
v 0.05450 1.09570 0.10130
v 0.05380 1.12570 0.10150
v 0.05230 1.15570 0.10200
v 0.05230 1.18570 0.10200
v 0.08020 1.21570 0.09050
v 0.07210 0.13570 0.09450
v 0.07240 0.16570 0.09430
v 0.07260 0.19570 0.09420
v 0.07290 0.22570 0.09410
v 0.07320 0.25570 0.09400
v 0.07340 0.28570 0.09390
v 0.07370 0.31570 0.09370
v 0.07400 0.34570 0.09360
v 0.07430 0.37570 0.09350
v 0.07450 0.40570 0.09330
v 0.07480 0.43570 0.09320
v 0.07510 0.46570 0.09310
v 0.07540 0.49570 0.09290
v 0.07570 0.52570 0.09280
v 0.07600 0.55570 0.09270
v 0.07630 0.58570 0.09250
v 0.07650 0.61570 0.09240
v 0.07680 0.64570 0.09220
v 0.07710 0.67570 0.09210
v 0.07740 0.70570 0.09190
v 0.07770 0.73570 0.09180
v 0.07800 0.76570 0.09160
v 0.07840 0.79570 0.09150
v 0.08280 0.82570 0.08920
v 0.08520 0.85570 0.08790
v 0.08770 0.88570 0.08650
v 0.09030 0.91570 0.08490
v 0.09310 0.94570 0.08320
v 0.09480 0.97570 0.08210
v 0.09360 1.00570 0.08290
v 0.09240 1.03570 0.08360
v 0.09120 1.06570 0.08440
v 0.09000 1.09570 0.08510
v 0.08890 1.12570 0.08580
v 0.08670 1.15570 0.08700
v 0.08670 1.18570 0.08700
v 0.12710 1.21570 0.05530
v 0.09900 1.24570 0.07930
v 0.09900 1.27570 0.05790
v 0.09880 0.13570 0.07940
v 0.09920 0.16570 0.07920
v 0.09950 0.19570 0.07890
v 0.09990 0.22570 0.07870
v 0.10020 0.25570 0.07850
v 0.10060 0.28570 0.07820
v 0.10090 0.31570 0.07800
v 0.10130 0.34570 0.07770
v 0.10160 0.37570 0.07750
v 0.10200 0.40570 0.07720
v 0.10230 0.43570 0.07700
v 0.10270 0.46570 0.07670
v 0.10300 0.49570 0.07640
v 0.10340 0.52570 0.07620
v 0.10380 0.55570 0.07590
v 0.10410 0.58570 0.07560
v 0.10450 0.61570 0.07540
v 0.10490 0.64570 0.07510
v 0.10530 0.67570 0.07480
v 0.10560 0.70570 0.07450
v 0.10600 0.73570 0.07420
v 0.10640 0.76570 0.07390
v 0.10680 0.79570 0.07360
v 0.11230 0.82570 0.06920
v 0.11520 0.85570 0.06670
v 0.11820 0.88570 0.06400
v 0.12140 0.91570 0.06100
v 0.12470 0.94570 0.05770
v 0.12670 0.97570 0.05570
v 0.12530 1.00570 0.05720
v 0.12380 1.03570 0.05870
v 0.12240 1.06570 0.06010
v 0.12100 1.09570 0.06140
v 0.11970 1.12570 0.06270
v 0.11700 1.15570 0.06510
v 0.11700 1.18570 0.06510
v 0.15970 1.21570 0.00670
v 0.13140 1.24570 0.05050
v 0.13140 1.27570 0.03270
v 0.13140 1.30570 -0.02070
v 0.12260 0.13570 0.05990
v 0.12290 0.16570 0.05950
v 0.12330 0.19570 0.05920
v 0.12370 0.22570 0.05880
v 0.12410 0.25570 0.05840
v 0.12450 0.28570 0.05800
v 0.12490 0.31570 0.05760
v 0.12520 0.34570 0.05720
v 0.12560 0.37570 0.05680
v 0.12600 0.40570 0.05640
v 0.12640 0.43570 0.05600
v 0.12680 0.46570 0.05560
v 0.12720 0.49570 0.05520
v 0.12760 0.52570 0.05470
v 0.12800 0.55570 0.05430
v 0.12840 0.58570 0.05390
v 0.12880 0.61570 0.05340
v 0.12920 0.64570 0.05300
v 0.12960 0.67570 0.05260
v 0.13010 0.70570 0.05210
v 0.13050 0.73570 0.05160
v 0.13090 0.76570 0.05120
v 0.13130 0.79570 0.05070
v 0.13710 0.82570 0.04370
v 0.14010 0.85570 0.03980
v 0.14330 0.88570 0.03550
v 0.14640 0.91570 0.03080
v 0.14960 0.94570 0.02570
v 0.15150 0.97570 0.02260
v 0.15010 1.00570 0.02490
v 0.14880 1.03570 0.02720
v 0.14740 1.06570 0.02930
v 0.14600 1.09570 0.03140
v 0.14470 1.12570 0.03340
v 0.14200 1.15570 0.03720
v 0.14250 0.13570 0.03660
v 0.14290 0.16570 0.03600
v 0.14330 0.19570 0.03550
v 0.14360 0.22570 0.03500
v 0.14400 0.25570 0.03440
v 0.14440 0.28570 0.03390
v 0.14480 0.31570 0.03330
v 0.14520 0.34570 0.03270
v 0.14550 0.37570 0.03220
v 0.14590 0.40570 0.03160
v 0.14630 0.43570 0.03100
v 0.14670 0.46570 0.03040
v 0.14710 0.49570 0.02980
v 0.14750 0.52570 0.02920
v 0.14790 0.55570 0.02860
v 0.14950 0.58530 0.03010
v 0.15190 0.61510 0.03240
v 0.15360 0.64520 0.03390
v 0.15680 0.67570 0.03160
v 0.15570 0.70610 0.03080
v 0.15460 0.73630 0.02890
v 0.15200 0.76610 0.02610
v 0.15100 0.79570 0.02350
v 0.15630 0.82570 0.01370
v 0.15890 0.85570 0.00820
v 0.16150 0.88570 0.00230
v 0.16410 0.91570 -0.00420
v 0.16650 0.94570 -0.01110
v 0.16780 0.97570 -0.01550
v 0.16690 1.00570 -0.01230
v 0.16590 1.03570 -0.00920
v 0.16480 1.06570 -0.00620
v 0.16380 1.09570 -0.00340
v 0.16270 1.12570 -0.00060
v 0.16050 1.15570 0.00470
v 0.15810 0.13570 0.01010
v 0.15840 0.16570 0.00940
v 0.15870 0.19570 0.00870
v 0.15910 0.22570 0.00800
v 0.15940 0.25570 0.00730
v 0.15970 0.28570 0.00650
v 0.16000 0.31570 0.00580
v 0.16040 0.34570 0.00510
v 0.16070 0.37570 0.00430
v 0.16100 0.40570 0.00360
v 0.16130 0.43570 0.00280
v 0.16160 0.46570 0.00200
v 0.16200 0.49570 0.00130
v 0.16230 0.52570 0.00050
v 0.16460 0.55520 0.00100
v 0.16880 0.58490 0.00250
v 0.17170 0.61490 0.00310
v 0.17420 0.64500 0.00460
v 0.17610 0.67570 0.00550
v 0.17720 0.70630 0.00030
v 0.17620 0.73630 -0.00100
v 0.17380 0.76650 -0.00200
v 0.17070 0.79700 -0.00370
v 0.17160 0.82620 -0.01900
v 0.17070 0.85570 -0.02660
v 0.16880 0.13570 -0.01870
v 0.16900 0.16570 -0.01960
v 0.16920 0.19570 -0.02040
v 0.16950 0.22570 -0.02130
v 0.16970 0.25570 -0.02220
v 0.16990 0.28570 -0.02310
v 0.17010 0.31570 -0.02400
v 0.17030 0.34570 -0.02490
v 0.17050 0.37570 -0.02580
v 0.17080 0.40570 -0.02670
v 0.17100 0.43570 -0.02760
v 0.17120 0.46570 -0.02860
v 0.17140 0.49570 -0.02950
v 0.17160 0.52570 -0.03050
v 0.17370 0.55540 -0.03120
vt 0.65530 1.00000
vt 0.68690 0.99010
vt 0.71840 0.98020
vt 0.73000 0.97020
vt 0.73980 0.95760
vt 0.74790 0.94250
vt 0.75410 0.92480
vt 0.75860 0.90460
vt 0.76120 0.88170
vt 0.76210 0.85630
vt 0.79900 0.85630
vt 0.83590 0.85630
vt 0.87280 0.85630
vt 0.90970 0.85630
vt 0.90410 0.83460
vt 0.89850 0.81290
vt 0.89300 0.79120
vt 0.88740 0.76940
vt 0.88180 0.74770
vt 0.87620 0.72600
vt 0.87060 0.70430
vt 0.86500 0.68250
vt 0.87820 0.65990
vt 0.89140 0.63720
vt 0.90460 0.61450
vt 0.91770 0.59180
vt 0.93090 0.56920
vt 0.94410 0.54650
vt 0.95730 0.52380
vt 0.95920 0.50040
vt 0.96120 0.47690
vt 0.96310 0.45350
vt 0.96500 0.43000
vt 0.96700 0.40660
vt 0.96890 0.38310
vt 0.97090 0.35970
vt 0.97280 0.33620
vt 0.97480 0.31280
vt 0.97670 0.28930
vt 0.97860 0.26590
vt 0.98060 0.24240
vt 0.98250 0.21900
vt 0.98450 0.19550
vt 0.98640 0.17210
vt 0.98830 0.14860
vt 0.99030 0.12520
vt 0.99220 0.10170
vt 0.99420 0.07830
vt 0.99610 0.05480
vt 0.99810 0.03140
vt 1.00000 0.00790
vt 0.94440 0.00710
vt 0.88890 0.00620
vt 0.83330 0.00530
vt 0.77780 0.00440
vt 0.72220 0.00350
vt 0.66670 0.00260
vt 0.61110 0.00180
vt 0.55560 0.00090
vt 0.50000 0.00000
vt 0.44440 0.00090
vt 0.38890 0.00180
vt 0.33330 0.00260
vt 0.27780 0.00350
vt 0.22220 0.00440
vt 0.16670 0.00530
vt 0.11110 0.00620
vt 0.05560 0.00710
vt 0.00000 0.00790
vt 0.00190 0.03140
vt 0.00390 0.05480
vt 0.00580 0.07830
vt 0.00780 0.10170
vt 0.00970 0.12520
vt 0.01170 0.14860
vt 0.01360 0.17210
vt 0.01550 0.19550
vt 0.01750 0.21900
vt 0.01940 0.24240
vt 0.02140 0.26590
vt 0.02330 0.28930
vt 0.02520 0.31280
vt 0.02720 0.33620
vt 0.02910 0.35970
vt 0.03110 0.38310
vt 0.03300 0.40660
vt 0.03500 0.43000
vt 0.03690 0.45350
vt 0.03880 0.47690
vt 0.04080 0.50040
vt 0.04270 0.52380
vt 0.05590 0.54650
vt 0.06910 0.56920
vt 0.08230 0.59180
vt 0.09540 0.61450
vt 0.10860 0.63720
vt 0.12180 0.65990
vt 0.13500 0.68250
vt 0.12940 0.70430
vt 0.12380 0.72600
vt 0.11820 0.74770
vt 0.11260 0.76940
vt 0.10700 0.79120
vt 0.10150 0.81290
vt 0.09590 0.83460
vt 0.09030 0.85630
vt 0.12720 0.85630
vt 0.16410 0.85630
vt 0.20100 0.85630
vt 0.23790 0.85630
vt 0.23880 0.88170
vt 0.24140 0.90460
vt 0.24590 0.92480
vt 0.25210 0.94250
vt 0.26020 0.95760
vt 0.27000 0.97020
vt 0.28160 0.98020
vt 0.31310 0.99010
vt 0.34470 1.00000
vt 0.37050 0.96630
vt 0.39640 0.93870
vt 0.42230 0.91730
vt 0.44820 0.90190
vt 0.47410 0.89270
vt 0.50000 0.88970
vt 0.52590 0.89270
vt 0.55180 0.90190
vt 0.57770 0.91730
vt 0.60360 0.93870
vt 0.62950 0.96630
vt 0.05830 0.02380
vt 0.05830 0.04760
vt 0.05830 0.07140
vt 0.05830 0.09520
vt 0.05830 0.11900
vt 0.05830 0.14290
vt 0.05830 0.16670
vt 0.05830 0.19050
vt 0.05830 0.21430
vt 0.05830 0.23810
vt 0.11650 0.02380
vt 0.11650 0.04760
vt 0.11650 0.07140
vt 0.11650 0.09520
vt 0.11650 0.11900
vt 0.11650 0.14290
vt 0.11650 0.16670
vt 0.11650 0.19050
vt 0.11650 0.21430
vt 0.11650 0.23810
vt 0.11650 0.26190
vt 0.11650 0.28570
vt 0.11650 0.30950
vt 0.11650 0.33330
vt 0.11650 0.35710
vt 0.11650 0.38100
vt 0.11650 0.40480
vt 0.11650 0.42860
vt 0.11650 0.45240
vt 0.11650 0.47620
vt 0.11650 0.50000
vt 0.11650 0.52380
vt 0.11650 0.54760
vt 0.11650 0.57140
vt 0.17480 0.02380
vt 0.17480 0.04760
vt 0.17480 0.07140
vt 0.17480 0.09520
vt 0.17480 0.11900
vt 0.17480 0.14290
vt 0.17480 0.16670
vt 0.17480 0.19050
vt 0.17480 0.21430
vt 0.17480 0.23810
vt 0.17480 0.26190
vt 0.17480 0.28570
vt 0.17480 0.30950
vt 0.17480 0.33330
vt 0.17480 0.35710
vt 0.17480 0.38100
vt 0.17480 0.40480
vt 0.17480 0.42860
vt 0.17480 0.45240
vt 0.17480 0.47620
vt 0.17480 0.50000
vt 0.17480 0.52380
vt 0.17480 0.54760
vt 0.17480 0.57140
vt 0.17480 0.59520
vt 0.17480 0.61900
vt 0.17480 0.64290
vt 0.17480 0.66670
vt 0.17480 0.69050
vt 0.17480 0.71430
vt 0.17480 0.73810
vt 0.17480 0.76190
vt 0.17480 0.78570
vt 0.17480 0.80950
vt 0.17480 0.83330
vt 0.23300 0.02380
vt 0.23300 0.04760
vt 0.23300 0.07140
vt 0.23300 0.09520
vt 0.23300 0.11900
vt 0.23300 0.14290
vt 0.23300 0.16670
vt 0.23300 0.19050
vt 0.23300 0.21430
vt 0.23300 0.23810
vt 0.23300 0.26190
vt 0.23300 0.28570
vt 0.23300 0.30950
vt 0.23300 0.33330
vt 0.23300 0.35710
vt 0.23300 0.38100
vt 0.23300 0.40480
vt 0.23300 0.42860
vt 0.23300 0.45240
vt 0.23300 0.47620
vt 0.23300 0.50000
vt 0.23300 0.52380
vt 0.23300 0.54760
vt 0.23300 0.57140
vt 0.23300 0.59520
vt 0.23300 0.61900
vt 0.23300 0.64290
vt 0.23300 0.66670
vt 0.23300 0.69050
vt 0.23300 0.71430
vt 0.23300 0.73810
vt 0.23300 0.76190
vt 0.23300 0.78570
vt 0.23300 0.80950
vt 0.23300 0.83330
vt 0.29130 0.02380
vt 0.29130 0.04760
vt 0.29130 0.07140
vt 0.29130 0.09520
vt 0.29130 0.11900
vt 0.29130 0.14290
vt 0.29130 0.16670
vt 0.29130 0.19050
vt 0.29130 0.21430
vt 0.29130 0.23810
vt 0.29130 0.26190
vt 0.29130 0.28570
vt 0.29130 0.30950
vt 0.29130 0.33330
vt 0.29130 0.35710
vt 0.29130 0.38100
vt 0.29130 0.40480
vt 0.29130 0.42860
vt 0.29130 0.45240
vt 0.29130 0.47620
vt 0.29130 0.50000
vt 0.29130 0.52380
vt 0.29130 0.54760
vt 0.29130 0.57140
vt 0.29130 0.59520
vt 0.29130 0.61900
vt 0.29130 0.64290
vt 0.29130 0.66670
vt 0.29130 0.69050
vt 0.29130 0.71430
vt 0.29130 0.73810
vt 0.29130 0.76190
vt 0.29130 0.78570
vt 0.29130 0.80950
vt 0.29130 0.83330
vt 0.29130 0.85710
vt 0.29130 0.88100
vt 0.29130 0.90480
vt 0.29130 0.92860
vt 0.34950 0.02380
vt 0.34950 0.04760
vt 0.34950 0.07140
vt 0.34950 0.09520
vt 0.34950 0.11900
vt 0.34950 0.14290
vt 0.34950 0.16670
vt 0.34950 0.19050
vt 0.34950 0.21430
vt 0.34950 0.23810
vt 0.34950 0.26190
vt 0.34950 0.28570
vt 0.34950 0.30950
vt 0.34950 0.33330
vt 0.34950 0.35710
vt 0.34950 0.38100
vt 0.34950 0.40480
vt 0.34950 0.42860
vt 0.34950 0.45240
vt 0.34950 0.47620
vt 0.34950 0.50000
vt 0.34950 0.52380
vt 0.34950 0.54760
vt 0.34950 0.57140
vt 0.34950 0.59520
vt 0.34950 0.61900
vt 0.34950 0.64290
vt 0.34950 0.66670
vt 0.34950 0.69050
vt 0.34950 0.71430
vt 0.34950 0.73810
vt 0.34950 0.76190
vt 0.34950 0.78570
vt 0.34950 0.80950
vt 0.34950 0.83330
vt 0.34950 0.85710
vt 0.34950 0.88100
vt 0.34950 0.90480
vt 0.34950 0.92860
vt 0.40780 0.02380
vt 0.40780 0.04760
vt 0.40780 0.07140
vt 0.40780 0.09520
vt 0.40780 0.11900
vt 0.40780 0.14290
vt 0.40780 0.16670
vt 0.40780 0.19050
vt 0.40780 0.21430
vt 0.40780 0.23810
vt 0.40780 0.26190
vt 0.40780 0.28570
vt 0.40780 0.30950
vt 0.40780 0.33330
vt 0.40780 0.35710
vt 0.40780 0.38100
vt 0.40780 0.40480
vt 0.40780 0.42860
vt 0.40780 0.45240
vt 0.40780 0.47620
vt 0.40780 0.50000
vt 0.40780 0.52380
vt 0.40780 0.54760
vt 0.40780 0.57140
vt 0.40780 0.59520
vt 0.40780 0.61900
vt 0.40780 0.64290
vt 0.40780 0.66670
vt 0.40780 0.69050
vt 0.40780 0.71430
vt 0.40780 0.73810
vt 0.40780 0.76190
vt 0.40780 0.78570
vt 0.40780 0.80950
vt 0.40780 0.83330
vt 0.40780 0.85710
vt 0.40780 0.88100
vt 0.46600 0.02380
vt 0.46600 0.04760
vt 0.46600 0.07140
vt 0.46600 0.09520
vt 0.46600 0.11900
vt 0.46600 0.14290
vt 0.46600 0.16670
vt 0.46600 0.19050
vt 0.46600 0.21430
vt 0.46600 0.23810
vt 0.46600 0.26190
vt 0.46600 0.28570
vt 0.46600 0.30950
vt 0.46600 0.33330
vt 0.46600 0.35710
vt 0.46600 0.38100
vt 0.46600 0.40480
vt 0.46600 0.42860
vt 0.46600 0.45240
vt 0.46600 0.47620
vt 0.46600 0.50000
vt 0.46600 0.52380
vt 0.46600 0.54760
vt 0.46600 0.57140
vt 0.46600 0.59520
vt 0.46600 0.61900
vt 0.46600 0.64290
vt 0.46600 0.66670
vt 0.46600 0.69050
vt 0.46600 0.71430
vt 0.46600 0.73810
vt 0.46600 0.76190
vt 0.46600 0.78570
vt 0.46600 0.80950
vt 0.46600 0.83330
vt 0.46600 0.85710
vt 0.52430 0.02380
vt 0.52430 0.04760
vt 0.52430 0.07140
vt 0.52430 0.09520
vt 0.52430 0.11900
vt 0.52430 0.14290
vt 0.52430 0.16670
vt 0.52430 0.19050
vt 0.52430 0.21430
vt 0.52430 0.23810
vt 0.52430 0.26190
vt 0.52430 0.28570
vt 0.52430 0.30950
vt 0.52430 0.33330
vt 0.52430 0.35710
vt 0.52430 0.38100
vt 0.52430 0.40480
vt 0.52430 0.42860
vt 0.52430 0.45240
vt 0.52430 0.47620
vt 0.52430 0.50000
vt 0.52430 0.52380
vt 0.52430 0.54760
vt 0.52430 0.57140
vt 0.52430 0.59520
vt 0.52430 0.61900
vt 0.52430 0.64290
vt 0.52430 0.66670
vt 0.52430 0.69050
vt 0.52430 0.71430
vt 0.52430 0.73810
vt 0.52430 0.76190
vt 0.52430 0.78570
vt 0.52430 0.80950
vt 0.52430 0.83330
vt 0.52430 0.85710
vt 0.58250 0.02380
vt 0.58250 0.04760
vt 0.58250 0.07140
vt 0.58250 0.09520
vt 0.58250 0.11900
vt 0.58250 0.14290
vt 0.58250 0.16670
vt 0.58250 0.19050
vt 0.58250 0.21430
vt 0.58250 0.23810
vt 0.58250 0.26190
vt 0.58250 0.28570
vt 0.58250 0.30950
vt 0.58250 0.33330
vt 0.58250 0.35710
vt 0.58250 0.38100
vt 0.58250 0.40480
vt 0.58250 0.42860
vt 0.58250 0.45240
vt 0.58250 0.47620
vt 0.58250 0.50000
vt 0.58250 0.52380
vt 0.58250 0.54760
vt 0.58250 0.57140
vt 0.58250 0.59520
vt 0.58250 0.61900
vt 0.58250 0.64290
vt 0.58250 0.66670
vt 0.58250 0.69050
vt 0.58250 0.71430
vt 0.58250 0.73810
vt 0.58250 0.76190
vt 0.58250 0.78570
vt 0.58250 0.80950
vt 0.58250 0.83330
vt 0.58250 0.85710
vt 0.58250 0.88100
vt 0.64080 0.02380
vt 0.64080 0.04760
vt 0.64080 0.07140
vt 0.64080 0.09520
vt 0.64080 0.11900
vt 0.64080 0.14290
vt 0.64080 0.16670
vt 0.64080 0.19050
vt 0.64080 0.21430
vt 0.64080 0.23810
vt 0.64080 0.26190
vt 0.64080 0.28570
vt 0.64080 0.30950
vt 0.64080 0.33330
vt 0.64080 0.35710
vt 0.64080 0.38100
vt 0.64080 0.40480
vt 0.64080 0.42860
vt 0.64080 0.45240
vt 0.64080 0.47620
vt 0.64080 0.50000
vt 0.64080 0.52380
vt 0.64080 0.54760
vt 0.64080 0.57140
vt 0.64080 0.59520
vt 0.64080 0.61900
vt 0.64080 0.64290
vt 0.64080 0.66670
vt 0.64080 0.69050
vt 0.64080 0.71430
vt 0.64080 0.73810
vt 0.64080 0.76190
vt 0.64080 0.78570
vt 0.64080 0.80950
vt 0.64080 0.83330
vt 0.64080 0.85710
vt 0.64080 0.88100
vt 0.64080 0.90480
vt 0.64080 0.92860
vt 0.69900 0.02380
vt 0.69900 0.04760
vt 0.69900 0.07140
vt 0.69900 0.09520
vt 0.69900 0.11900
vt 0.69900 0.14290
vt 0.69900 0.16670
vt 0.69900 0.19050
vt 0.69900 0.21430
vt 0.69900 0.23810
vt 0.69900 0.26190
vt 0.69900 0.28570
vt 0.69900 0.30950
vt 0.69900 0.33330
vt 0.69900 0.35710
vt 0.69900 0.38100
vt 0.69900 0.40480
vt 0.69900 0.42860
vt 0.69900 0.45240
vt 0.69900 0.47620
vt 0.69900 0.50000
vt 0.69900 0.52380
vt 0.69900 0.54760
vt 0.69900 0.57140
vt 0.69900 0.59520
vt 0.69900 0.61900
vt 0.69900 0.64290
vt 0.69900 0.66670
vt 0.69900 0.69050
vt 0.69900 0.71430
vt 0.69900 0.73810
vt 0.69900 0.76190
vt 0.69900 0.78570
vt 0.69900 0.80950
vt 0.69900 0.83330
vt 0.69900 0.85710
vt 0.69900 0.88100
vt 0.69900 0.90480
vt 0.69900 0.92860
vt 0.69900 0.95240
vt 0.75730 0.02380
vt 0.75730 0.04760
vt 0.75730 0.07140
vt 0.75730 0.09520
vt 0.75730 0.11900
vt 0.75730 0.14290
vt 0.75730 0.16670
vt 0.75730 0.19050
vt 0.75730 0.21430
vt 0.75730 0.23810
vt 0.75730 0.26190
vt 0.75730 0.28570
vt 0.75730 0.30950
vt 0.75730 0.33330
vt 0.75730 0.35710
vt 0.75730 0.38100
vt 0.75730 0.40480
vt 0.75730 0.42860
vt 0.75730 0.45240
vt 0.75730 0.47620
vt 0.75730 0.50000
vt 0.75730 0.52380
vt 0.75730 0.54760
vt 0.75730 0.57140
vt 0.75730 0.59520
vt 0.75730 0.61900
vt 0.75730 0.64290
vt 0.75730 0.66670
vt 0.75730 0.69050
vt 0.75730 0.71430
vt 0.75730 0.73810
vt 0.75730 0.76190
vt 0.75730 0.78570
vt 0.75730 0.80950
vt 0.75730 0.83330
vt 0.81550 0.02380
vt 0.81550 0.04760
vt 0.81550 0.07140
vt 0.81550 0.09520
vt 0.81550 0.11900
vt 0.81550 0.14290
vt 0.81550 0.16670
vt 0.81550 0.19050
vt 0.81550 0.21430
vt 0.81550 0.23810
vt 0.81550 0.26190
vt 0.81550 0.28570
vt 0.81550 0.30950
vt 0.81550 0.33330
vt 0.81550 0.35710
vt 0.81550 0.38100
vt 0.81550 0.40480
vt 0.81550 0.42860
vt 0.81550 0.45240
vt 0.81550 0.47620
vt 0.81550 0.50000
vt 0.81550 0.52380
vt 0.81550 0.54760
vt 0.81550 0.57140
vt 0.81550 0.59520
vt 0.81550 0.61900
vt 0.81550 0.64290
vt 0.81550 0.66670
vt 0.81550 0.69050
vt 0.81550 0.71430
vt 0.81550 0.73810
vt 0.81550 0.76190
vt 0.81550 0.78570
vt 0.81550 0.80950
vt 0.81550 0.83330
vt 0.87380 0.02380
vt 0.87380 0.04760
vt 0.87380 0.07140
vt 0.87380 0.09520
vt 0.87380 0.11900
vt 0.87380 0.14290
vt 0.87380 0.16670
vt 0.87380 0.19050
vt 0.87380 0.21430
vt 0.87380 0.23810
vt 0.87380 0.26190
vt 0.87380 0.28570
vt 0.87380 0.30950
vt 0.87380 0.33330
vt 0.87380 0.35710
vt 0.87380 0.38100
vt 0.87380 0.40480
vt 0.87380 0.42860
vt 0.87380 0.45240
vt 0.87380 0.47620
vt 0.87380 0.50000
vt 0.87380 0.52380
vt 0.87380 0.54760
vt 0.87380 0.57140
vt 0.87380 0.59520
vt 0.93200 0.02380
vt 0.93200 0.04760
vt 0.93200 0.07140
vt 0.93200 0.09520
vt 0.93200 0.11900
vt 0.93200 0.14290
vt 0.93200 0.16670
vt 0.93200 0.19050
vt 0.93200 0.21430
vt 0.93200 0.23810
vt 0.93200 0.26190
vt 0.93200 0.28570
vt 0.93200 0.30950
vt 0.93200 0.33330
vt 0.93200 0.35710
f 117/117 116/116 120/120
f 117/117 120/120 118/118
f 118/118 120/120 119/119
f 1/1 130/130 2/2
f 2/2 130/130 3/3
f 3/3 130/130 537/537
f 3/3 537/537 4/4
f 14/14 13/13 15/15
f 29/29 28/28 629/629
f 29/29 629/629 628/628
f 29/29 628/628 30/30
f 37/37 36/36 647/647
f 37/37 647/647 646/646
f 37/37 646/646 38/38
f 39/39 38/38 645/645
f 39/39 645/645 644/644
f 39/39 644/644 40/40
f 50/50 49/49 634/634
f 50/50 634/634 633/633
f 50/50 633/633 52/52
f 50/50 52/52 51/51
f 56/56 55/55 538/538
f 56/56 538/538 498/498
f 56/56 498/498 57/57
f 58/58 57/57 459/459
f 58/58 459/459 422/422
f 58/58 422/422 59/59
f 60/60 59/59 386/386
f 60/60 386/386 350/350
f 60/60 350/350 61/61
f 62/62 61/61 313/313
f 62/62 313/313 274/274
f 62/62 274/274 63/63
f 64/64 63/63 235/235
f 64/64 235/235 200/200
f 64/64 200/200 65/65
f 69/69 68/68 131/131
f 69/69 131/131 70/70
f 70/70 131/131 132/132
f 70/70 132/132 71/71
f 81/81 80/80 152/152
f 81/81 152/152 153/153
f 81/81 153/153 82/82
f 83/83 82/82 154/154
f 83/83 154/154 155/155
f 83/83 155/155 84/84
f 91/91 90/90 161/161
f 91/91 161/161 162/162
f 91/91 162/162 92/92
f 106/106 105/105 107/107
f 116/116 115/115 120/120
f 120/120 115/115 312/312
f 120/120 312/312 121/121
f 130/130 129/129 497/497
f 130/130 497/497 537/537
f 537/537 497/497 536/536
f 537/537 536/536 6/6
f 537/537 6/6 5/5
f 537/537 5/5 4/4
f 6/6 536/536 7/7
f 7/7 536/536 535/535
f 7/7 535/535 8/8
f 8/8 535/535 534/534
f 8/8 534/534 9/9
f 13/13 12/12 607/607
f 13/13 607/607 15/15
f 15/15 607/607 16/16
f 28/28 27/27 630/630
f 28/28 630/630 629/629
f 629/629 630/630 595/595
f 629/629 595/595 594/594
f 629/629 594/594 628/628
f 628/628 594/594 593/593
f 628/628 593/593 627/627
f 628/628 627/627 30/30
f 30/30 627/627 31/31
f 31/31 627/627 32/32
f 33/33 32/32 626/626
f 33/33 626/626 625/625
f 33/33 625/625 34/34
f 35/35 34/34 624/624
f 35/35 624/624 623/623
f 35/35 623/623 647/647
f 35/35 647/647 36/36
f 647/647 623/623 622/622
f 647/647 622/622 646/646
f 646/646 622/622 621/621
f 646/646 621/621 645/645
f 646/646 645/645 38/38
f 645/645 621/621 620/620
f 645/645 620/620 644/644
f 644/644 620/620 619/619
f 644/644 619/619 643/643
f 644/644 643/643 40/40
f 40/40 643/643 41/41
f 42/42 41/41 642/642
f 42/42 642/642 641/641
f 42/42 641/641 43/43
f 44/44 43/43 640/640
f 44/44 640/640 639/639
f 44/44 639/639 45/45
f 46/46 45/45 638/638
f 46/46 638/638 637/637
f 46/46 637/637 47/47
f 48/48 47/47 636/636
f 48/48 636/636 635/635
f 48/48 635/635 49/49
f 49/49 635/635 634/634
f 634/634 635/635 610/610
f 634/634 610/610 609/609
f 634/634 609/609 633/633
f 633/633 609/609 608/608
f 633/633 608/608 53/53
f 633/633 53/53 52/52
f 53/53 608/608 54/54
f 54/54 608/608 573/573
f 54/54 573/573 55/55
f 55/55 573/573 538/538
f 538/538 573/573 539/539
f 538/538 539/539 499/499
f 538/538 499/499 498/498
f 498/498 499/499 460/460
f 498/498 460/460 459/459
f 498/498 459/459 57/57
f 459/459 460/460 423/423
f 459/459 423/423 422/422
f 422/422 423/423 387/387
f 422/422 387/387 386/386
f 422/422 386/386 59/59
f 386/386 387/387 351/351
f 386/386 351/351 350/350
f 350/350 351/351 314/314
f 350/350 314/314 313/313
f 350/350 313/313 61/61
f 313/313 314/314 275/275
f 313/313 275/275 274/274
f 274/274 275/275 236/236
f 274/274 236/236 235/235
f 274/274 235/235 63/63
f 235/235 236/236 201/201
f 235/235 201/201 200/200
f 200/200 201/201 166/166
f 200/200 166/166 165/165
f 200/200 165/165 65/65
f 65/65 165/165 66/66
f 66/66 165/165 141/141
f 66/66 141/141 67/67
f 67/67 141/141 131/131
f 67/67 131/131 68/68
f 131/131 141/141 132/132
f 132/132 141/141 142/142
f 132/132 142/142 133/133
f 132/132 133/133 71/71
f 71/71 133/133 72/72
f 72/72 133/133 134/134
f 72/72 134/134 73/73
f 74/74 73/73 135/135
f 74/74 135/135 136/136
f 74/74 136/136 75/75
f 76/76 75/75 137/137
f 76/76 137/137 138/138
f 76/76 138/138 77/77
f 78/78 77/77 139/139
f 78/78 139/139 140/140
f 78/78 140/140 79/79
f 80/80 79/79 140/140
f 80/80 140/140 151/151
f 80/80 151/151 152/152
f 152/152 151/151 175/175
f 152/152 175/175 176/176
f 152/152 176/176 153/153
f 153/153 176/176 177/177
f 153/153 177/177 154/154
f 153/153 154/154 82/82
f 154/154 177/177 178/178
f 154/154 178/178 155/155
f 155/155 178/178 179/179
f 155/155 179/179 156/156
f 155/155 156/156 84/84
f 84/84 156/156 85/85
f 85/85 156/156 157/157
f 85/85 157/157 86/86
f 87/87 86/86 158/158
f 87/87 158/158 159/159
f 87/87 159/159 88/88
f 89/89 88/88 160/160
f 89/89 160/160 161/161
f 89/89 161/161 90/90
f 161/161 160/160 184/184
f 161/161 184/184 185/185
f 161/161 185/185 162/162
f 162/162 185/185 186/186
f 162/162 186/186 163/163
f 162/162 163/163 92/92
f 92/92 163/163 93/93
f 105/105 104/104 199/199
f 105/105 199/199 107/107
f 107/107 199/199 108/108
f 112/112 111/111 271/271
f 112/112 271/271 272/272
f 112/112 272/272 113/113
f 113/113 272/272 273/273
f 113/113 273/273 114/114
f 114/114 273/273 115/115
f 115/115 273/273 312/312
f 312/312 273/273 311/311
f 312/312 311/311 122/122
f 312/312 122/122 121/121
f 129/129 128/128 497/497
f 497/497 128/128 496/496
f 497/497 496/496 535/535
f 497/497 535/535 536/536
f 535/535 496/496 534/534
f 534/534 496/496 495/495
f 534/534 495/495 533/533
f 534/534 533/533 9/9
f 9/9 533/533 10/10
f 12/12 11/11 607/607
f 607/607 11/11 572/572
f 607/607 572/572 606/606
f 607/607 606/606 16/16
f 16/16 606/606 17/17
f 27/27 26/26 631/631
f 27/27 631/631 630/630
f 630/630 631/631 596/596
f 630/630 596/596 595/595
f 595/595 596/596 561/561
f 595/595 561/561 560/560
f 595/595 560/560 594/594
f 594/594 560/560 559/559
f 594/594 559/559 593/593
f 593/593 559/559 558/558
f 593/593 558/558 592/592
f 593/593 592/592 627/627
f 627/627 592/592 626/626
f 627/627 626/626 32/32
f 626/626 592/592 591/591
f 626/626 591/591 625/625
f 625/625 591/591 590/590
f 625/625 590/590 624/624
f 625/625 624/624 34/34
f 624/624 590/590 589/589
f 624/624 589/589 623/623
f 623/623 589/589 588/588
f 623/623 588/588 622/622
f 622/622 588/588 587/587
f 622/622 587/587 621/621
f 621/621 587/587 586/586
f 621/621 586/586 620/620
f 620/620 586/586 585/585
f 620/620 585/585 619/619
f 619/619 585/585 584/584
f 619/619 584/584 618/618
f 619/619 618/618 643/643
f 643/643 618/618 642/642
f 643/643 642/642 41/41
f 642/642 618/618 617/617
f 642/642 617/617 641/641
f 641/641 617/617 616/616
f 641/641 616/616 640/640
f 641/641 640/640 43/43
f 640/640 616/616 615/615
f 640/640 615/615 639/639
f 639/639 615/615 614/614
f 639/639 614/614 638/638
f 639/639 638/638 45/45
f 638/638 614/614 613/613
f 638/638 613/613 637/637
f 637/637 613/613 612/612
f 637/637 612/612 636/636
f 637/637 636/636 47/47
f 636/636 612/612 611/611
f 636/636 611/611 635/635
f 635/635 611/611 610/610
f 610/610 611/611 576/576
f 610/610 576/576 575/575
f 610/610 575/575 609/609
f 609/609 575/575 574/574
f 609/609 574/574 608/608
f 608/608 574/574 573/573
f 573/573 574/574 539/539
f 539/539 574/574 540/540
f 539/539 540/540 500/500
f 539/539 500/500 499/499
f 499/499 500/500 461/461
f 499/499 461/461 460/460
f 460/460 461/461 424/424
f 460/460 424/424 423/423
f 423/423 424/424 388/388
f 423/423 388/388 387/387
f 387/387 388/388 352/352
f 387/387 352/352 351/351
f 351/351 352/352 315/315
f 351/351 315/315 314/314
f 314/314 315/315 276/276
f 314/314 276/276 275/275
f 275/275 276/276 237/237
f 275/275 237/237 236/236
f 236/236 237/237 202/202
f 236/236 202/202 201/201
f 201/201 202/202 167/167
f 201/201 167/167 166/166
f 166/166 167/167 143/143
f 166/166 143/143 142/142
f 166/166 142/142 165/165
f 165/165 142/142 141/141
f 142/142 143/143 133/133
f 133/133 143/143 134/134
f 134/134 143/143 144/144
f 134/134 144/144 135/135
f 134/134 135/135 73/73
f 135/135 144/144 145/145
f 135/135 145/145 136/136
f 136/136 145/145 146/146
f 136/136 146/146 137/137
f 136/136 137/137 75/75
f 137/137 146/146 147/147
f 137/137 147/147 138/138
f 138/138 147/147 148/148
f 138/138 148/148 139/139
f 138/138 139/139 77/77
f 139/139 148/148 149/149
f 139/139 149/149 140/140
f 140/140 149/149 150/150
f 140/140 150/150 151/151
f 151/151 150/150 174/174
f 151/151 174/174 175/175
f 175/175 174/174 209/209
f 175/175 209/209 210/210
f 175/175 210/210 176/176
f 176/176 210/210 211/211
f 176/176 211/211 177/177
f 177/177 211/211 212/212
f 177/177 212/212 178/178
f 178/178 212/212 213/213
f 178/178 213/213 179/179
f 179/179 213/213 214/214
f 179/179 214/214 180/180
f 179/179 180/180 156/156
f 156/156 180/180 157/157
f 157/157 180/180 181/181
f 157/157 181/181 158/158
f 157/157 158/158 86/86
f 158/158 181/181 182/182
f 158/158 182/182 159/159
f 159/159 182/182 183/183
f 159/159 183/183 160/160
f 159/159 160/160 88/88
f 160/160 183/183 184/184
f 184/184 183/183 218/218
f 184/184 218/218 219/219
f 184/184 219/219 185/185
f 185/185 219/219 220/220
f 185/185 220/220 186/186
f 186/186 220/220 221/221
f 186/186 221/221 187/187
f 186/186 187/187 163/163
f 163/163 187/187 164/164
f 163/163 164/164 93/93
f 93/93 164/164 94/94
f 104/104 103/103 198/198
f 104/104 198/198 199/199
f 199/199 198/198 233/233
f 199/199 233/233 234/234
f 199/199 234/234 109/109
f 199/199 109/109 108/108
f 111/111 110/110 270/270
f 111/111 270/270 271/271
f 271/271 270/270 309/309
f 271/271 309/309 310/310
f 271/271 310/310 272/272
f 272/272 310/310 311/311
f 272/272 311/311 273/273
f 311/311 310/310 349/349
f 311/311 349/349 122/122
f 122/122 349/349 123/123
f 128/128 127/127 496/496
f 496/496 127/127 458/458
f 496/496 458/458 495/495
f 495/495 458/458 494/494
f 495/495 494/494 533/533
f 533/533 494/494 532/532
f 533/533 532/532 572/572
f 533/533 572/572 10/10
f 10/10 572/572 11/11
f 572/572 532/532 571/571
f 572/572 571/571 606/606
f 606/606 571/571 605/605
f 606/606 605/605 17/17
f 17/17 605/605 18/18
f 26/26 25/25 632/632
f 26/26 632/632 631/631
f 631/631 632/632 597/597
f 631/631 597/597 596/596
f 596/596 597/597 562/562
f 596/596 562/562 561/561
f 561/561 562/562 522/522
f 561/561 522/522 521/521
f 561/561 521/521 560/560
f 560/560 521/521 520/520
f 560/560 520/520 559/559
f 559/559 520/520 519/519
f 559/559 519/519 558/558
f 558/558 519/519 518/518
f 558/558 518/518 557/557
f 558/558 557/557 592/592
f 592/592 557/557 591/591
f 591/591 557/557 556/556
f 591/591 556/556 590/590
f 590/590 556/556 555/555
f 590/590 555/555 589/589
f 589/589 555/555 554/554
f 589/589 554/554 588/588
f 588/588 554/554 553/553
f 588/588 553/553 587/587
f 587/587 553/553 552/552
f 587/587 552/552 586/586
f 586/586 552/552 551/551
f 586/586 551/551 585/585
f 585/585 551/551 550/550
f 585/585 550/550 584/584
f 584/584 550/550 549/549
f 584/584 549/549 583/583
f 584/584 583/583 618/618
f 618/618 583/583 617/617
f 617/617 583/583 582/582
f 617/617 582/582 616/616
f 616/616 582/582 581/581
f 616/616 581/581 615/615
f 615/615 581/581 580/580
f 615/615 580/580 614/614
f 614/614 580/580 579/579
f 614/614 579/579 613/613
f 613/613 579/579 578/578
f 613/613 578/578 612/612
f 612/612 578/578 577/577
f 612/612 577/577 611/611
f 611/611 577/577 576/576
f 576/576 577/577 542/542
f 576/576 542/542 541/541
f 576/576 541/541 575/575
f 575/575 541/541 540/540
f 575/575 540/540 574/574
f 540/540 541/541 501/501
f 540/540 501/501 500/500
f 500/500 501/501 462/462
f 500/500 462/462 461/461
f 461/461 462/462 425/425
f 461/461 425/425 424/424
f 424/424 425/425 389/389
f 424/424 389/389 388/388
f 388/388 389/389 353/353
f 388/388 353/353 352/352
f 352/352 353/353 316/316
f 352/352 316/316 315/315
f 315/315 316/316 277/277
f 315/315 277/277 276/276
f 276/276 277/277 238/238
f 276/276 238/238 237/237
f 237/237 238/238 203/203
f 237/237 203/203 202/202
f 202/202 203/203 168/168
f 202/202 168/168 167/167
f 167/167 168/168 144/144
f 167/167 144/144 143/143
f 144/144 168/168 145/145
f 145/145 168/168 169/169
f 145/145 169/169 146/146
f 146/146 169/169 170/170
f 146/146 170/170 147/147
f 147/147 170/170 171/171
f 147/147 171/171 148/148
f 148/148 171/171 172/172
f 148/148 172/172 149/149
f 149/149 172/172 173/173
f 149/149 173/173 150/150
f 150/150 173/173 174/174
f 174/174 173/173 208/208
f 174/174 208/208 209/209
f 209/209 208/208 243/243
f 209/209 243/243 244/244
f 209/209 244/244 210/210
f 210/210 244/244 245/245
f 210/210 245/245 211/211
f 211/211 245/245 246/246
f 211/211 246/246 212/212
f 212/212 246/246 247/247
f 212/212 247/247 213/213
f 213/213 247/247 248/248
f 213/213 248/248 214/214
f 214/214 248/248 249/249
f 214/214 249/249 215/215
f 214/214 215/215 180/180
f 180/180 215/215 181/181
f 181/181 215/215 216/216
f 181/181 216/216 182/182
f 182/182 216/216 217/217
f 182/182 217/217 183/183
f 183/183 217/217 218/218
f 218/218 217/217 252/252
f 218/218 252/252 253/253
f 218/218 253/253 219/219
f 219/219 253/253 254/254
f 219/219 254/254 220/220
f 220/220 254/254 255/255
f 220/220 255/255 221/221
f 221/221 255/255 256/256
f 221/221 256/256 222/222
f 221/221 222/222 187/187
f 187/187 222/222 188/188
f 187/187 188/188 164/164
f 164/164 188/188 189/189
f 164/164 189/189 94/94
f 94/94 189/189 95/95
f 103/103 102/102 197/197
f 103/103 197/197 198/198
f 198/198 197/197 232/232
f 198/198 232/232 233/233
f 233/233 232/232 267/267
f 233/233 267/267 268/268
f 233/233 268/268 234/234
f 234/234 268/268 269/269
f 234/234 269/269 110/110
f 234/234 110/110 109/109
f 110/110 269/269 270/270
f 270/270 269/269 308/308
f 270/270 308/308 309/309
f 309/309 308/308 347/347
f 309/309 347/347 348/348
f 309/309 348/348 310/310
f 310/310 348/348 349/349
f 349/349 348/348 385/385
f 349/349 385/385 124/124
f 349/349 124/124 123/123
f 127/127 126/126 458/458
f 458/458 126/126 421/421
f 458/458 421/421 457/457
f 458/458 457/457 494/494
f 494/494 457/457 493/493
f 494/494 493/493 532/532
f 532/532 493/493 531/531
f 532/532 531/531 571/571
f 571/571 531/531 570/570
f 571/571 570/570 605/605
f 605/605 570/570 604/604
f 605/605 604/604 18/18
f 18/18 604/604 19/19
f 25/25 24/24 598/598
f 25/25 598/598 632/632
f 632/632 598/598 597/597
f 597/597 598/598 563/563
f 597/597 563/563 562/562
f 562/562 563/563 523/523
f 562/562 523/523 522/522
f 522/522 523/523 484/484
f 522/522 484/484 483/483
f 522/522 483/483 521/521
f 521/521 483/483 482/482
f 521/521 482/482 520/520
f 520/520 482/482 481/481
f 520/520 481/481 519/519
f 519/519 481/481 480/480
f 519/519 480/480 518/518
f 518/518 480/480 479/479
f 518/518 479/479 517/517
f 518/518 517/517 557/557
f 557/557 517/517 556/556
f 556/556 517/517 516/516
f 556/556 516/516 555/555
f 555/555 516/516 515/515
f 555/555 515/515 554/554
f 554/554 515/515 514/514
f 554/554 514/514 553/553
f 553/553 514/514 513/513
f 553/553 513/513 552/552
f 552/552 513/513 512/512
f 552/552 512/512 551/551
f 551/551 512/512 511/511
f 551/551 511/511 550/550
f 550/550 511/511 510/510
f 550/550 510/510 549/549
f 549/549 510/510 509/509
f 549/549 509/509 548/548
f 549/549 548/548 583/583
f 583/583 548/548 582/582
f 582/582 548/548 547/547
f 582/582 547/547 581/581
f 581/581 547/547 546/546
f 581/581 546/546 580/580
f 580/580 546/546 545/545
f 580/580 545/545 579/579
f 579/579 545/545 544/544
f 579/579 544/544 578/578
f 578/578 544/544 543/543
f 578/578 543/543 577/577
f 577/577 543/543 542/542
f 542/542 543/543 503/503
f 542/542 503/503 502/502
f 542/542 502/502 541/541
f 541/541 502/502 501/501
f 501/501 502/502 463/463
f 501/501 463/463 462/462
f 462/462 463/463 426/426
f 462/462 426/426 425/425
f 425/425 426/426 390/390
f 425/425 390/390 389/389
f 389/389 390/390 354/354
f 389/389 354/354 353/353
f 353/353 354/354 317/317
f 353/353 317/317 316/316
f 316/316 317/317 278/278
f 316/316 278/278 277/277
f 277/277 278/278 239/239
f 277/277 239/239 238/238
f 238/238 239/239 204/204
f 238/238 204/204 203/203
f 203/203 204/204 169/169
f 203/203 169/169 168/168
f 169/169 204/204 170/170
f 170/170 204/204 205/205
f 170/170 205/205 171/171
f 171/171 205/205 206/206
f 171/171 206/206 172/172
f 172/172 206/206 207/207
f 172/172 207/207 173/173
f 173/173 207/207 208/208
f 208/208 207/207 242/242
f 208/208 242/242 243/243
f 243/243 242/242 281/281
f 243/243 281/281 282/282
f 243/243 282/282 244/244
f 244/244 282/282 283/283
f 244/244 283/283 245/245
f 245/245 283/283 284/284
f 245/245 284/284 246/246
f 246/246 284/284 285/285
f 246/246 285/285 247/247
f 247/247 285/285 286/286
f 247/247 286/286 248/248
f 248/248 286/286 287/287
f 248/248 287/287 249/249
f 249/249 287/287 288/288
f 249/249 288/288 250/250
f 249/249 250/250 215/215
f 215/215 250/250 216/216
f 216/216 250/250 251/251
f 216/216 251/251 217/217
f 217/217 251/251 252/252
f 252/252 251/251 290/290
f 252/252 290/290 291/291
f 252/252 291/291 253/253
f 253/253 291/291 292/292
f 253/253 292/292 254/254
f 254/254 292/292 293/293
f 254/254 293/293 255/255
f 255/255 293/293 294/294
f 255/255 294/294 256/256
f 256/256 294/294 295/295
f 256/256 295/295 257/257
f 256/256 257/257 222/222
f 222/222 257/257 223/223
f 222/222 223/223 188/188
f 188/188 223/223 189/189
f 189/189 223/223 224/224
f 189/189 224/224 190/190
f 189/189 190/190 95/95
f 95/95 190/190 96/96
f 102/102 101/101 196/196
f 102/102 196/196 197/197
f 197/197 196/196 231/231
f 197/197 231/231 232/232
f 232/232 231/231 266/266
f 232/232 266/266 267/267
f 267/267 266/266 305/305
f 267/267 305/305 306/306
f 267/267 306/306 268/268
f 268/268 306/306 307/307
f 268/268 307/307 269/269
f 269/269 307/307 308/308
f 308/308 307/307 346/346
f 308/308 346/346 347/347
f 347/347 346/346 383/383
f 347/347 383/383 384/384
f 347/347 384/384 348/348
f 348/348 384/384 385/385
f 385/385 384/384 420/420
f 385/385 420/420 421/421
f 385/385 421/421 125/125
f 385/385 125/125 124/124
f 126/126 125/125 421/421
f 421/421 420/420 456/456
f 421/421 456/456 457/457
f 457/457 456/456 493/493
f 493/493 456/456 492/492
f 493/493 492/492 531/531
f 531/531 492/492 530/530
f 531/531 530/530 570/570
f 570/570 530/530 569/569
f 570/570 569/569 604/604
f 604/604 569/569 603/603
f 604/604 603/603 19/19
f 19/19 603/603 20/20
f 24/24 23/23 599/599
f 24/24 599/599 598/598
f 598/598 599/599 564/564
f 598/598 564/564 563/563
f 563/563 564/564 524/524
f 563/563 524/524 523/523
f 523/523 524/524 485/485
f 523/523 485/485 484/484
f 484/484 485/485 448/448
f 484/484 448/448 447/447
f 484/484 447/447 483/483
f 483/483 447/447 446/446
f 483/483 446/446 482/482
f 482/482 446/446 445/445
f 482/482 445/445 481/481
f 481/481 445/445 444/444
f 481/481 444/444 480/480
f 480/480 444/444 443/443
f 480/480 443/443 479/479
f 479/479 443/443 442/442
f 479/479 442/442 478/478
f 479/479 478/478 517/517
f 517/517 478/478 516/516
f 516/516 478/478 477/477
f 516/516 477/477 515/515
f 515/515 477/477 476/476
f 515/515 476/476 514/514
f 514/514 476/476 475/475
f 514/514 475/475 513/513
f 513/513 475/475 474/474
f 513/513 474/474 512/512
f 512/512 474/474 473/473
f 512/512 473/473 511/511
f 511/511 473/473 472/472
f 511/511 472/472 510/510
f 510/510 472/472 471/471
f 510/510 471/471 509/509
f 509/509 471/471 470/470
f 509/509 470/470 508/508
f 509/509 508/508 548/548
f 548/548 508/508 547/547
f 547/547 508/508 507/507
f 547/547 507/507 546/546
f 546/546 507/507 506/506
f 546/546 506/506 545/545
f 545/545 506/506 505/505
f 545/545 505/505 544/544
f 544/544 505/505 504/504
f 544/544 504/504 543/543
f 543/543 504/504 503/503
f 503/503 504/504 465/465
f 503/503 465/465 464/464
f 503/503 464/464 502/502
f 502/502 464/464 463/463
f 463/463 464/464 427/427
f 463/463 427/427 426/426
f 426/426 427/427 391/391
f 426/426 391/391 390/390
f 390/390 391/391 355/355
f 390/390 355/355 354/354
f 354/354 355/355 318/318
f 354/354 318/318 317/317
f 317/317 318/318 279/279
f 317/317 279/279 278/278
f 278/278 279/279 240/240
f 278/278 240/240 239/239
f 239/239 240/240 205/205
f 239/239 205/205 204/204
f 205/205 240/240 206/206
f 206/206 240/240 241/241
f 206/206 241/241 207/207
f 207/207 241/241 242/242
f 242/242 241/241 280/280
f 242/242 280/280 281/281
f 281/281 280/280 319/319
f 281/281 319/319 320/320
f 281/281 320/320 282/282
f 282/282 320/320 321/321
f 282/282 321/321 283/283
f 283/283 321/321 322/322
f 283/283 322/322 284/284
f 284/284 322/322 323/323
f 284/284 323/323 285/285
f 285/285 323/323 324/324
f 285/285 324/324 286/286
f 286/286 324/324 325/325
f 286/286 325/325 287/287
f 287/287 325/325 326/326
f 287/287 326/326 288/288
f 288/288 326/326 327/327
f 288/288 327/327 289/289
f 288/288 289/289 250/250
f 250/250 289/289 251/251
f 251/251 289/289 290/290
f 290/290 289/289 328/328
f 290/290 328/328 329/329
f 290/290 329/329 291/291
f 291/291 329/329 330/330
f 291/291 330/330 292/292
f 292/292 330/330 331/331
f 292/292 331/331 293/293
f 293/293 331/331 332/332
f 293/293 332/332 294/294
f 294/294 332/332 333/333
f 294/294 333/333 295/295
f 295/295 333/333 334/334
f 295/295 334/334 296/296
f 295/295 296/296 257/257
f 257/257 296/296 258/258
f 257/257 258/258 223/223
f 223/223 258/258 224/224
f 224/224 258/258 259/259
f 224/224 259/259 225/225
f 224/224 225/225 190/190
f 190/190 225/225 191/191
f 190/190 191/191 96/96
f 96/96 191/191 97/97
f 101/101 100/100 195/195
f 101/101 195/195 196/196
f 196/196 195/195 230/230
f 196/196 230/230 231/231
f 231/231 230/230 265/265
f 231/231 265/265 266/266
f 266/266 265/265 304/304
f 266/266 304/304 305/305
f 305/305 304/304 343/343
f 305/305 343/343 344/344
f 305/305 344/344 306/306
f 306/306 344/344 345/345
f 306/306 345/345 307/307
f 307/307 345/345 346/346
f 346/346 345/345 382/382
f 346/346 382/382 383/383
f 383/383 382/382 418/418
f 383/383 418/418 419/419
f 383/383 419/419 384/384
f 384/384 419/419 420/420
f 420/420 419/419 455/455
f 420/420 455/455 456/456
f 456/456 455/455 492/492
f 492/492 455/455 491/491
f 492/492 491/491 530/530
f 530/530 491/491 529/529
f 530/530 529/529 569/569
f 569/569 529/529 568/568
f 569/569 568/568 603/603
f 603/603 568/568 602/602
f 603/603 602/602 20/20
f 20/20 602/602 21/21
f 23/23 22/22 600/600
f 23/23 600/600 599/599
f 599/599 600/600 565/565
f 599/599 565/565 564/564
f 564/564 565/565 525/525
f 564/564 525/525 524/524
f 524/524 525/525 486/486
f 524/524 486/486 485/485
f 485/485 486/486 449/449
f 485/485 449/449 448/448
f 448/448 449/449 413/413
f 448/448 413/413 412/412
f 448/448 412/412 447/447
f 447/447 412/412 411/411
f 447/447 411/411 446/446
f 446/446 411/411 410/410
f 446/446 410/410 445/445
f 445/445 410/410 409/409
f 445/445 409/409 444/444
f 444/444 409/409 408/408
f 444/444 408/408 443/443
f 443/443 408/408 407/407
f 443/443 407/407 442/442
f 442/442 407/407 406/406
f 442/442 406/406 441/441
f 442/442 441/441 478/478
f 478/478 441/441 477/477
f 477/477 441/441 440/440
f 477/477 440/440 476/476
f 476/476 440/440 439/439
f 476/476 439/439 475/475
f 475/475 439/439 438/438
f 475/475 438/438 474/474
f 474/474 438/438 437/437
f 474/474 437/437 473/473
f 473/473 437/437 436/436
f 473/473 436/436 472/472
f 472/472 436/436 435/435
f 472/472 435/435 471/471
f 471/471 435/435 434/434
f 471/471 434/434 470/470
f 470/470 434/434 433/433
f 470/470 433/433 469/469
f 470/470 469/469 508/508
f 508/508 469/469 507/507
f 507/507 469/469 468/468
f 507/507 468/468 506/506
f 506/506 468/468 467/467
f 506/506 467/467 505/505
f 505/505 467/467 466/466
f 505/505 466/466 504/504
f 504/504 466/466 465/465
f 465/465 466/466 429/429
f 465/465 429/429 428/428
f 465/465 428/428 464/464
f 464/464 428/428 427/427
f 427/427 428/428 392/392
f 427/427 392/392 391/391
f 391/391 392/392 356/356
f 391/391 356/356 355/355
f 355/355 356/356 319/319
f 355/355 319/319 318/318
f 318/318 319/319 280/280
f 318/318 280/280 279/279
f 279/279 280/280 241/241
f 279/279 241/241 240/240
f 319/319 356/356 320/320
f 320/320 356/356 357/357
f 320/320 357/357 321/321
f 321/321 357/357 358/358
f 321/321 358/358 322/322
f 322/322 358/358 359/359
f 322/322 359/359 323/323
f 323/323 359/359 360/360
f 323/323 360/360 324/324
f 324/324 360/360 361/361
f 324/324 361/361 325/325
f 325/325 361/361 362/362
f 325/325 362/362 326/326
f 326/326 362/362 363/363
f 326/326 363/363 327/327
f 327/327 363/363 364/364
f 327/327 364/364 328/328
f 327/327 328/328 289/289
f 328/328 364/364 365/365
f 328/328 365/365 329/329
f 329/329 365/365 366/366
f 329/329 366/366 330/330
f 330/330 366/366 367/367
f 330/330 367/367 331/331
f 331/331 367/367 368/368
f 331/331 368/368 332/332
f 332/332 368/368 369/369
f 332/332 369/369 333/333
f 333/333 369/369 370/370
f 333/333 370/370 334/334
f 334/334 370/370 371/371
f 334/334 371/371 335/335
f 334/334 335/335 296/296
f 296/296 335/335 297/297
f 296/296 297/297 258/258
f 258/258 297/297 259/259
f 259/259 297/297 298/298
f 259/259 298/298 260/260
f 259/259 260/260 225/225
f 225/225 260/260 226/226
f 225/225 226/226 191/191
f 191/191 226/226 192/192
f 191/191 192/192 97/97
f 97/97 192/192 98/98
f 100/100 99/99 194/194
f 100/100 194/194 195/195
f 195/195 194/194 229/229
f 195/195 229/229 230/230
f 230/230 229/229 264/264
f 230/230 264/264 265/265
f 265/265 264/264 303/303
f 265/265 303/303 304/304
f 304/304 303/303 342/342
f 304/304 342/342 343/343
f 343/343 342/342 379/379
f 343/343 379/379 380/380
f 343/343 380/380 344/344
f 344/344 380/380 381/381
f 344/344 381/381 345/345
f 345/345 381/381 382/382
f 382/382 381/381 417/417
f 382/382 417/417 418/418
f 418/418 417/417 453/453
f 418/418 453/453 454/454
f 418/418 454/454 419/419
f 419/419 454/454 455/455
f 455/455 454/454 491/491
f 491/491 454/454 490/490
f 491/491 490/490 529/529
f 529/529 490/490 528/528
f 529/529 528/528 568/568
f 568/568 528/528 567/567
f 568/568 567/567 602/602
f 602/602 567/567 601/601
f 602/602 601/601 21/21
f 21/21 601/601 22/22
f 22/22 601/601 600/600
f 600/600 601/601 566/566
f 600/600 566/566 565/565
f 565/565 566/566 526/526
f 565/565 526/526 525/525
f 525/525 526/526 487/487
f 525/525 487/487 486/486
f 486/486 487/487 450/450
f 486/486 450/450 449/449
f 449/449 450/450 414/414
f 449/449 414/414 413/413
f 413/413 414/414 378/378
f 413/413 378/378 377/377
f 413/413 377/377 412/412
f 412/412 377/377 376/376
f 412/412 376/376 411/411
f 411/411 376/376 375/375
f 411/411 375/375 410/410
f 410/410 375/375 374/374
f 410/410 374/374 409/409
f 409/409 374/374 373/373
f 409/409 373/373 408/408
f 408/408 373/373 372/372
f 408/408 372/372 407/407
f 407/407 372/372 371/371
f 407/407 371/371 406/406
f 406/406 371/371 370/370
f 406/406 370/370 405/405
f 406/406 405/405 441/441
f 441/441 405/405 440/440
f 440/440 405/405 404/404
f 440/440 404/404 439/439
f 439/439 404/404 403/403
f 439/439 403/403 438/438
f 438/438 403/403 402/402
f 438/438 402/402 437/437
f 437/437 402/402 401/401
f 437/437 401/401 436/436
f 436/436 401/401 400/400
f 436/436 400/400 435/435
f 435/435 400/400 399/399
f 435/435 399/399 434/434
f 434/434 399/399 398/398
f 434/434 398/398 433/433
f 433/433 398/398 397/397
f 433/433 397/397 432/432
f 433/433 432/432 469/469
f 469/469 432/432 468/468
f 468/468 432/432 431/431
f 468/468 431/431 467/467
f 467/467 431/431 430/430
f 467/467 430/430 466/466
f 466/466 430/430 429/429
f 429/429 430/430 394/394
f 429/429 394/394 393/393
f 429/429 393/393 428/428
f 428/428 393/393 392/392
f 392/392 393/393 357/357
f 392/392 357/357 356/356
f 357/357 393/393 358/358
f 358/358 393/393 394/394
f 358/358 394/394 359/359
f 359/359 394/394 395/395
f 359/359 395/395 360/360
f 360/360 395/395 396/396
f 360/360 396/396 361/361
f 361/361 396/396 397/397
f 361/361 397/397 362/362
f 362/362 397/397 398/398
f 362/362 398/398 363/363
f 363/363 398/398 399/399
f 363/363 399/399 364/364
f 364/364 399/399 400/400
f 364/364 400/400 365/365
f 365/365 400/400 401/401
f 365/365 401/401 366/366
f 366/366 401/401 402/402
f 366/366 402/402 367/367
f 367/367 402/402 403/403
f 367/367 403/403 368/368
f 368/368 403/403 404/404
f 368/368 404/404 369/369
f 369/369 404/404 405/405
f 369/369 405/405 370/370
f 397/397 396/396 432/432
f 432/432 396/396 431/431
f 431/431 396/396 395/395
f 431/431 395/395 430/430
f 430/430 395/395 394/394
f 371/371 372/372 335/335
f 335/335 372/372 336/336
f 335/335 336/336 297/297
f 297/297 336/336 298/298
f 298/298 336/336 337/337
f 298/298 337/337 299/299
f 298/298 299/299 260/260
f 260/260 299/299 261/261
f 260/260 261/261 226/226
f 226/226 261/261 227/227
f 226/226 227/227 192/192
f 192/192 227/227 193/193
f 192/192 193/193 98/98
f 98/98 193/193 99/99
f 99/99 193/193 194/194
f 194/194 193/193 228/228
f 194/194 228/228 229/229
f 229/229 228/228 263/263
f 229/229 263/263 264/264
f 264/264 263/263 302/302
f 264/264 302/302 303/303
f 303/303 302/302 341/341
f 303/303 341/341 342/342
f 342/342 341/341 378/378
f 342/342 378/378 379/379
f 379/379 378/378 414/414
f 379/379 414/414 415/415
f 379/379 415/415 380/380
f 380/380 415/415 416/416
f 380/380 416/416 381/381
f 381/381 416/416 417/417
f 417/417 416/416 452/452
f 417/417 452/452 453/453
f 453/453 452/452 489/489
f 453/453 489/489 490/490
f 453/453 490/490 454/454
f 490/490 489/489 528/528
f 528/528 489/489 527/527
f 528/528 527/527 567/567
f 567/567 527/527 566/566
f 567/567 566/566 601/601
f 566/566 527/527 526/526
f 526/526 527/527 488/488
f 526/526 488/488 487/487
f 487/487 488/488 451/451
f 487/487 451/451 450/450
f 450/450 451/451 415/415
f 450/450 415/415 414/414
f 415/415 451/451 416/416
f 416/416 451/451 452/452
f 452/452 451/451 488/488
f 452/452 488/488 489/489
f 489/489 488/488 527/527
f 378/378 341/341 377/377
f 377/377 341/341 340/340
f 377/377 340/340 376/376
f 376/376 340/340 339/339
f 376/376 339/339 375/375
f 375/375 339/339 338/338
f 375/375 338/338 374/374
f 374/374 338/338 337/337
f 374/374 337/337 373/373
f 373/373 337/337 336/336
f 373/373 336/336 372/372
f 337/337 338/338 299/299
f 299/299 338/338 300/300
f 299/299 300/300 261/261
f 261/261 300/300 262/262
f 261/261 262/262 227/227
f 227/227 262/262 228/228
f 227/227 228/228 193/193
f 228/228 262/262 263/263
f 263/263 262/262 301/301
f 263/263 301/301 302/302
f 302/302 301/301 340/340
f 302/302 340/340 341/341
f 340/340 301/301 339/339
f 339/339 301/301 300/300
f 339/339 300/300 338/338
f 300/300 301/301 262/262

g back_left_panel
usemtl Material_back_left_panel
v 0.00000 1.22870 -0.24000
v -0.02310 1.23420 -0.23850
v -0.04590 1.25060 -0.23390
v -0.06780 1.27800 -0.20960
v -0.09320 1.32870 -0.16700
v -0.10770 1.36570 -0.11800
v -0.12530 1.35570 -0.11800
v -0.14060 1.34570 -0.11800
v -0.14750 1.33670 -0.12740
v -0.15510 1.32280 -0.13980
v -0.16040 1.30170 -0.15020
v -0.16430 1.27840 -0.15920
v -0.16690 1.24900 -0.16460
v -0.15950 1.18930 -0.06200
v -0.14530 1.18390 -0.16720
v -0.16380 1.18150 -0.15230
v -0.16720 1.17810 -0.12720
v -0.17290 1.17730 -0.09590
v -0.16900 1.18100 -0.07370
v -0.17440 1.15730 -0.07960
v -0.17440 1.13000 -0.07960
v -0.17440 1.10260 -0.07970
v -0.17440 1.07520 -0.07970
v -0.17440 1.04780 -0.07980
v -0.17440 1.02050 -0.07980
v -0.17440 0.99310 -0.07990
v -0.17380 0.96570 -0.08510
v -0.17390 0.93710 -0.08480
v -0.17390 0.90860 -0.08460
v -0.17390 0.88000 -0.08430
v -0.17400 0.85140 -0.08400
v -0.17620 0.82300 -0.08430
v -0.17610 0.79440 -0.08420
v -0.18020 0.76620 -0.07820
v -0.18340 0.73750 -0.07950
v -0.18620 0.70740 -0.08230
v -0.18650 0.67700 -0.08370
v -0.18390 0.64760 -0.08280
v -0.18110 0.61900 -0.08170
v -0.17570 0.59070 -0.07730
v -0.17460 0.56180 -0.07700
v -0.17460 0.53270 -0.07700
v -0.17460 0.50350 -0.07700
v -0.17460 0.47440 -0.07700
v -0.17460 0.44530 -0.07700
v -0.17460 0.41610 -0.07700
v -0.17460 0.38700 -0.07700
v -0.17460 0.35790 -0.07700
v -0.17460 0.32870 -0.07700
v -0.17460 0.29960 -0.07700
v -0.17460 0.27050 -0.07700
v -0.17460 0.24140 -0.07700
v -0.17460 0.21220 -0.07700
v -0.17460 0.18310 -0.07700
v -0.17460 0.15400 -0.07700
v -0.17460 0.12480 -0.07700
v -0.17470 0.09570 -0.07600
v -0.17040 0.09570 -0.10500
v -0.16130 0.09570 -0.13280
v -0.14780 0.09570 -0.15880
v -0.13010 0.09570 -0.18210
v -0.10870 0.09570 -0.20210
v -0.08430 0.09570 -0.21840
v -0.05750 0.09570 -0.23030
v -0.02920 0.09570 -0.23750
v 0.00000 0.09570 -0.24000
v 0.00000 0.12550 -0.24000
v 0.00000 0.15530 -0.24000
v 0.00000 0.18520 -0.24000
v 0.00000 0.21500 -0.24000
v 0.00000 0.24480 -0.24000
v 0.00000 0.27460 -0.24000
v 0.00000 0.30440 -0.24000
v 0.00000 0.33420 -0.24000
v 0.00000 0.36400 -0.24000
v 0.00000 0.39390 -0.24000
v 0.00000 0.42370 -0.24000
v 0.00000 0.45350 -0.24000
v 0.00000 0.48330 -0.24000
v 0.00000 0.51310 -0.24000
v 0.00000 0.54290 -0.24000
v 0.00000 0.57280 -0.24000
v 0.00000 0.60260 -0.24000
v 0.00000 0.63240 -0.24000
v 0.00000 0.66220 -0.24000
v 0.00000 0.69200 -0.24000
v 0.00000 0.72180 -0.24000
v 0.00000 0.75170 -0.24000
v 0.00000 0.78150 -0.24000
v 0.00000 0.81130 -0.24000
v 0.00000 0.84110 -0.24000
v 0.00000 0.87090 -0.24000
v 0.00000 0.90070 -0.24000
v 0.00000 0.93050 -0.24000
v 0.00000 0.96040 -0.24000
v 0.00000 0.99020 -0.24000
v 0.00000 1.02000 -0.24000
v 0.00000 1.04980 -0.24000
v 0.00000 1.07960 -0.24000
v 0.00000 1.10940 -0.24000
v 0.00000 1.13930 -0.24000
v 0.00000 1.16910 -0.24000
v 0.00000 1.19890 -0.24000
v -0.17000 0.12570 -0.10630
v -0.17040 0.15570 -0.10470
v -0.17060 0.18570 -0.10380
v -0.17080 0.21570 -0.10290
v -0.17100 0.24570 -0.10200
v -0.17120 0.27570 -0.10120
v -0.17140 0.30570 -0.10030
v -0.17160 0.33570 -0.09940
v -0.17180 0.36570 -0.09850
v -0.17190 0.39570 -0.09760
v -0.16020 0.12570 -0.13540
v -0.16080 0.15570 -0.13400
v -0.16110 0.18570 -0.13330
v -0.16140 0.21570 -0.13260
v -0.16170 0.24570 -0.13190
v -0.16200 0.27570 -0.13120
v -0.16230 0.30570 -0.13040
v -0.16260 0.33570 -0.12970
v -0.16290 0.36570 -0.12900
v -0.16320 0.39570 -0.12820
v -0.16350 0.42570 -0.12750
v -0.16380 0.45570 -0.12670
v -0.16410 0.48570 -0.12590
v -0.16430 0.51570 -0.12510
v -0.16460 0.54570 -0.12430
v -0.16490 0.57570 -0.12350
v -0.16520 0.60570 -0.12270
v -0.16550 0.63570 -0.12190
v -0.16580 0.66570 -0.12110
v -0.16600 0.69570 -0.12030
v -0.16670 0.72570 -0.11970
v -0.16660 0.75570 -0.11860
v -0.16690 0.78570 -0.11770
v -0.16870 0.81570 -0.11140
v -0.14540 0.12570 -0.16230
v -0.14610 0.15570 -0.16130
v -0.14650 0.18570 -0.16070
v -0.14690 0.21570 -0.16020
v -0.14720 0.24570 -0.15960
v -0.14760 0.27570 -0.15910
v -0.14790 0.30570 -0.15850
v -0.14830 0.33570 -0.15790
v -0.14860 0.36570 -0.15740
v -0.14900 0.39570 -0.15680
v -0.14940 0.42570 -0.15620
v -0.14970 0.45570 -0.15560
v -0.15010 0.48570 -0.15500
v -0.15050 0.51570 -0.15440
v -0.15080 0.54570 -0.15380
v -0.15120 0.57570 -0.15320
v -0.15150 0.60570 -0.15250
v -0.15190 0.63570 -0.15190
v -0.15230 0.66570 -0.15130
v -0.15260 0.69570 -0.15060
v -0.15300 0.72570 -0.15000
v -0.15340 0.75570 -0.14930
v -0.15370 0.78570 -0.14860
v -0.15630 0.81570 -0.14370
v -0.15890 0.84570 -0.13840
v -0.16140 0.87570 -0.13260
v -0.16390 0.90570 -0.12640
v -0.16620 0.93570 -0.11970
v -0.16850 0.96570 -0.11240
v -0.16880 0.99570 -0.11120
v -0.16790 1.02570 -0.11440
v -0.16690 1.05570 -0.11750
v -0.16600 1.08570 -0.12050
v -0.16500 1.11570 -0.12340
v -0.16400 1.14570 -0.12620
v -0.12620 0.12570 -0.18630
v -0.12690 0.15570 -0.18550
v -0.12730 0.18570 -0.18510
v -0.12760 0.21570 -0.18470
v -0.12800 0.24570 -0.18430
v -0.12840 0.27570 -0.18390
v -0.12880 0.30570 -0.18350
v -0.12910 0.33570 -0.18310
v -0.12950 0.36570 -0.18270
v -0.12990 0.39570 -0.18230
v -0.13030 0.42570 -0.18190
v -0.13060 0.45570 -0.18140
v -0.13100 0.48570 -0.18100
v -0.13140 0.51570 -0.18060
v -0.13180 0.54570 -0.18010
v -0.13220 0.57570 -0.17970
v -0.13260 0.60570 -0.17920
v -0.13300 0.63570 -0.17880
v -0.13330 0.66570 -0.17830
v -0.13370 0.69570 -0.17790
v -0.13410 0.72570 -0.17740
v -0.13450 0.75570 -0.17690
v -0.13490 0.78570 -0.17640
v -0.13780 0.81570 -0.17290
v -0.14070 0.84570 -0.16900
v -0.14370 0.87570 -0.16480
v -0.14680 0.90570 -0.16030
v -0.14990 0.93570 -0.15530
v -0.15300 0.96570 -0.14990
v -0.15350 0.99570 -0.14900
v -0.15220 1.02570 -0.15140
v -0.15090 1.05570 -0.15370
v -0.14950 1.08570 -0.15590
v -0.14820 1.11570 -0.15800
v -0.14690 1.14570 -0.16010
v -0.10300 0.12570 -0.20650
v -0.10370 0.15570 -0.20600
v -0.10400 0.18570 -0.20570
v -0.10440 0.21570 -0.20550
v -0.10470 0.24570 -0.20520
v -0.10510 0.27570 -0.20500
v -0.10540 0.30570 -0.20470
v -0.10570 0.33570 -0.20440
v -0.10610 0.36570 -0.20420
v -0.10640 0.39570 -0.20390
v -0.10680 0.42570 -0.20360
v -0.10710 0.45570 -0.20340
v -0.10750 0.48570 -0.20310
v -0.10790 0.51570 -0.20280
v -0.10820 0.54570 -0.20250
v -0.10860 0.57570 -0.20220
v -0.10890 0.60570 -0.20200
v -0.10930 0.63570 -0.20170
v -0.10970 0.66570 -0.20140
v -0.11000 0.69570 -0.20110
v -0.11040 0.72570 -0.20080
v -0.11080 0.75570 -0.20050
v -0.11120 0.78570 -0.20020
v -0.11390 0.81570 -0.19790
v -0.11680 0.84570 -0.19540
v -0.11970 0.87570 -0.19260
v -0.12280 0.90570 -0.18970
v -0.12610 0.93570 -0.18640
v -0.12940 0.96570 -0.18280
v -0.12990 0.99570 -0.18220
v -0.12850 1.02570 -0.18380
v -0.12710 1.05570 -0.18530
v -0.12570 1.08570 -0.18680
v -0.12430 1.11570 -0.18820
v -0.12290 1.14570 -0.18950
v -0.12160 1.17570 -0.19080
v -0.12160 1.20570 -0.19080
v -0.13820 1.23560 -0.17920
v -0.13730 1.26630 -0.17760
v -0.14230 1.30140 -0.16320
v -0.07670 0.12570 -0.22230
v -0.07730 0.15570 -0.22200
v -0.07750 0.18570 -0.22190
v -0.07780 0.21570 -0.22180
v -0.07810 0.24570 -0.22160
v -0.07830 0.27570 -0.22150
v -0.07860 0.30570 -0.22130
v -0.07890 0.33570 -0.22120
v -0.07920 0.36570 -0.22110
v -0.07950 0.39570 -0.22090
v -0.07980 0.42570 -0.22080
v -0.08000 0.45570 -0.22060
v -0.08030 0.48570 -0.22050
v -0.08060 0.51570 -0.22030
v -0.08090 0.54570 -0.22020
v -0.08120 0.57570 -0.22000
v -0.08150 0.60570 -0.21990
v -0.08180 0.63570 -0.21970
v -0.08210 0.66570 -0.21950
v -0.08240 0.69570 -0.21940
v -0.08270 0.72570 -0.21920
v -0.08300 0.75570 -0.21910
v -0.08330 0.78570 -0.21890
v -0.08560 0.81570 -0.21760
v -0.08800 0.84570 -0.21630
v -0.09050 0.87570 -0.21480
v -0.09310 0.90570 -0.21320
v -0.09590 0.93570 -0.21140
v -0.09880 0.96570 -0.20940
v -0.09930 0.99570 -0.20910
v -0.09800 1.02570 -0.21000
v -0.09680 1.05570 -0.21080
v -0.09550 1.08570 -0.21160
v -0.09430 1.11570 -0.21240
v -0.09320 1.14570 -0.21310
v -0.09200 1.17570 -0.21380
v -0.09200 1.20570 -0.21380
v -0.10490 1.23570 -0.20510
v -0.10490 1.26570 -0.20510
v -0.10670 1.29870 -0.17940
v -0.04810 0.12570 -0.23330
v -0.04840 0.15570 -0.23320
v -0.04860 0.18570 -0.23310
v -0.04880 0.21570 -0.23310
v -0.04890 0.24570 -0.23300
v -0.04910 0.27570 -0.23300
v -0.04930 0.30570 -0.23290
v -0.04950 0.33570 -0.23290
v -0.04970 0.36570 -0.23280
v -0.04990 0.39570 -0.23270
v -0.05000 0.42570 -0.23270
v -0.05020 0.45570 -0.23260
v -0.05040 0.48570 -0.23260
v -0.05060 0.51570 -0.23250
v -0.05080 0.54570 -0.23250
v -0.05100 0.57570 -0.23240
v -0.05120 0.60570 -0.23230
v -0.05140 0.63570 -0.23230
v -0.05160 0.66570 -0.23220
v -0.05180 0.69570 -0.23220
v -0.05200 0.72570 -0.23210
v -0.05220 0.75570 -0.23200
v -0.05240 0.78570 -0.23200
v -0.05390 0.81570 -0.23150
v -0.05550 0.84570 -0.23100
v -0.05720 0.87570 -0.23040
v -0.05900 0.90570 -0.22980
v -0.06090 0.93570 -0.22910
v -0.06290 0.96570 -0.22830
v -0.06320 0.99570 -0.22820
v -0.06230 1.02570 -0.22850
v -0.06150 1.05570 -0.22880
v -0.06070 1.08570 -0.22920
v -0.05980 1.11570 -0.22950
v -0.05900 1.14570 -0.22970
v -0.05830 1.17570 -0.23000
v -0.05830 1.20570 -0.23000
v -0.06710 1.23570 -0.22660
vt 1.00000 0.89210
vt 0.93790 0.89640
vt 0.87570 0.90940
vt 0.81360 0.93100
vt 0.75150 0.96120
vt 0.68930 1.00000
vt 0.62620 0.99210
vt 0.56310 0.98430
vt 0.53990 0.97330
vt 0.52030 0.96000
vt 0.50430 0.94430
vt 0.49180 0.92610
vt 0.48290 0.90560
vt 0.47750 0.88280
vt 0.47570 0.85750
vt 0.40190 0.85750
vt 0.32820 0.85750
vt 0.25440 0.85750
vt 0.18060 0.85750
vt 0.19170 0.83590
vt 0.20290 0.81440
vt 0.21410 0.79280
vt 0.22520 0.77130
vt 0.23640 0.74970
vt 0.24760 0.72810
vt 0.25880 0.70660
vt 0.26990 0.68500
vt 0.24350 0.66250
vt 0.21720 0.64000
vt 0.19080 0.61760
vt 0.16450 0.59500
vt 0.13810 0.57260
vt 0.11180 0.55010
vt 0.08540 0.52760
vt 0.08170 0.50460
vt 0.07800 0.48170
vt 0.07430 0.45870
vt 0.07060 0.43580
vt 0.06690 0.41290
vt 0.06310 0.38990
vt 0.05940 0.36700
vt 0.05570 0.34410
vt 0.05200 0.32110
vt 0.04830 0.29820
vt 0.04460 0.27530
vt 0.04090 0.25230
vt 0.03720 0.22940
vt 0.03340 0.20640
vt 0.02970 0.18350
vt 0.02600 0.16060
vt 0.02230 0.13760
vt 0.01860 0.11470
vt 0.01490 0.09170
vt 0.01110 0.06880
vt 0.00740 0.04590
vt 0.00370 0.02290
vt 0.00000 0.00000
vt 0.11110 0.00000
vt 0.22220 0.00000
vt 0.33330 0.00000
vt 0.44440 0.00000
vt 0.55560 0.00000
vt 0.66670 0.00000
vt 0.77780 0.00000
vt 0.88890 0.00000
vt 1.00000 0.00000
vt 1.00000 0.02350
vt 1.00000 0.04700
vt 1.00000 0.07040
vt 1.00000 0.09390
vt 1.00000 0.11740
vt 1.00000 0.14090
vt 1.00000 0.16430
vt 1.00000 0.18780
vt 1.00000 0.21130
vt 1.00000 0.23480
vt 1.00000 0.25820
vt 1.00000 0.28170
vt 1.00000 0.30520
vt 1.00000 0.32870
vt 1.00000 0.35220
vt 1.00000 0.37560
vt 1.00000 0.39910
vt 1.00000 0.42260
vt 1.00000 0.44610
vt 1.00000 0.46950
vt 1.00000 0.49300
vt 1.00000 0.51650
vt 1.00000 0.54000
vt 1.00000 0.56340
vt 1.00000 0.58690
vt 1.00000 0.61040
vt 1.00000 0.63390
vt 1.00000 0.65740
vt 1.00000 0.68080
vt 1.00000 0.70430
vt 1.00000 0.72780
vt 1.00000 0.75130
vt 1.00000 0.77470
vt 1.00000 0.79820
vt 1.00000 0.82170
vt 1.00000 0.84520
vt 1.00000 0.86860
vt 0.11650 0.02360
vt 0.11650 0.04720
vt 0.11650 0.07090
vt 0.11650 0.09450
vt 0.11650 0.11810
vt 0.11650 0.14170
vt 0.11650 0.16540
vt 0.11650 0.18900
vt 0.11650 0.21260
vt 0.11650 0.23620
vt 0.23300 0.02360
vt 0.23300 0.04720
vt 0.23300 0.07090
vt 0.23300 0.09450
vt 0.23300 0.11810
vt 0.23300 0.14170
vt 0.23300 0.16540
vt 0.23300 0.18900
vt 0.23300 0.21260
vt 0.23300 0.23620
vt 0.23300 0.25980
vt 0.23300 0.28350
vt 0.23300 0.30710
vt 0.23300 0.33070
vt 0.23300 0.35430
vt 0.23300 0.37800
vt 0.23300 0.40160
vt 0.23300 0.42520
vt 0.23300 0.44880
vt 0.23300 0.47240
vt 0.23300 0.49610
vt 0.23300 0.51970
vt 0.23300 0.54330
vt 0.23300 0.56690
vt 0.34950 0.02360
vt 0.34950 0.04720
vt 0.34950 0.07090
vt 0.34950 0.09450
vt 0.34950 0.11810
vt 0.34950 0.14170
vt 0.34950 0.16540
vt 0.34950 0.18900
vt 0.34950 0.21260
vt 0.34950 0.23620
vt 0.34950 0.25980
vt 0.34950 0.28350
vt 0.34950 0.30710
vt 0.34950 0.33070
vt 0.34950 0.35430
vt 0.34950 0.37800
vt 0.34950 0.40160
vt 0.34950 0.42520
vt 0.34950 0.44880
vt 0.34950 0.47240
vt 0.34950 0.49610
vt 0.34950 0.51970
vt 0.34950 0.54330
vt 0.34950 0.56690
vt 0.34950 0.59060
vt 0.34950 0.61420
vt 0.34950 0.63780
vt 0.34950 0.66140
vt 0.34950 0.68500
vt 0.34950 0.70870
vt 0.34950 0.73230
vt 0.34950 0.75590
vt 0.34950 0.77950
vt 0.34950 0.80310
vt 0.34950 0.82680
vt 0.46600 0.02360
vt 0.46600 0.04720
vt 0.46600 0.07090
vt 0.46600 0.09450
vt 0.46600 0.11810
vt 0.46600 0.14170
vt 0.46600 0.16540
vt 0.46600 0.18900
vt 0.46600 0.21260
vt 0.46600 0.23620
vt 0.46600 0.25980
vt 0.46600 0.28350
vt 0.46600 0.30710
vt 0.46600 0.33070
vt 0.46600 0.35430
vt 0.46600 0.37800
vt 0.46600 0.40160
vt 0.46600 0.42520
vt 0.46600 0.44880
vt 0.46600 0.47240
vt 0.46600 0.49610
vt 0.46600 0.51970
vt 0.46600 0.54330
vt 0.46600 0.56690
vt 0.46600 0.59060
vt 0.46600 0.61420
vt 0.46600 0.63780
vt 0.46600 0.66140
vt 0.46600 0.68500
vt 0.46600 0.70870
vt 0.46600 0.73230
vt 0.46600 0.75590
vt 0.46600 0.77950
vt 0.46600 0.80310
vt 0.46600 0.82680
vt 0.58250 0.02360
vt 0.58250 0.04720
vt 0.58250 0.07090
vt 0.58250 0.09450
vt 0.58250 0.11810
vt 0.58250 0.14170
vt 0.58250 0.16540
vt 0.58250 0.18900
vt 0.58250 0.21260
vt 0.58250 0.23620
vt 0.58250 0.25980
vt 0.58250 0.28350
vt 0.58250 0.30710
vt 0.58250 0.33070
vt 0.58250 0.35430
vt 0.58250 0.37800
vt 0.58250 0.40160
vt 0.58250 0.42520
vt 0.58250 0.44880
vt 0.58250 0.47240
vt 0.58250 0.49610
vt 0.58250 0.51970
vt 0.58250 0.54330
vt 0.58250 0.56690
vt 0.58250 0.59060
vt 0.58250 0.61420
vt 0.58250 0.63780
vt 0.58250 0.66140
vt 0.58250 0.68500
vt 0.58250 0.70870
vt 0.58250 0.73230
vt 0.58250 0.75590
vt 0.58250 0.77950
vt 0.58250 0.80310
vt 0.58250 0.82680
vt 0.58250 0.85040
vt 0.58250 0.87400
vt 0.58250 0.89760
vt 0.58250 0.92130
vt 0.58250 0.94490
vt 0.69900 0.02360
vt 0.69900 0.04720
vt 0.69900 0.07090
vt 0.69900 0.09450
vt 0.69900 0.11810
vt 0.69900 0.14170
vt 0.69900 0.16540
vt 0.69900 0.18900
vt 0.69900 0.21260
vt 0.69900 0.23620
vt 0.69900 0.25980
vt 0.69900 0.28350
vt 0.69900 0.30710
vt 0.69900 0.33070
vt 0.69900 0.35430
vt 0.69900 0.37800
vt 0.69900 0.40160
vt 0.69900 0.42520
vt 0.69900 0.44880
vt 0.69900 0.47240
vt 0.69900 0.49610
vt 0.69900 0.51970
vt 0.69900 0.54330
vt 0.69900 0.56690
vt 0.69900 0.59060
vt 0.69900 0.61420
vt 0.69900 0.63780
vt 0.69900 0.66140
vt 0.69900 0.68500
vt 0.69900 0.70870
vt 0.69900 0.73230
vt 0.69900 0.75590
vt 0.69900 0.77950
vt 0.69900 0.80310
vt 0.69900 0.82680
vt 0.69900 0.85040
vt 0.69900 0.87400
vt 0.69900 0.89760
vt 0.69900 0.92130
vt 0.69900 0.94490
vt 0.81550 0.02360
vt 0.81550 0.04720
vt 0.81550 0.07090
vt 0.81550 0.09450
vt 0.81550 0.11810
vt 0.81550 0.14170
vt 0.81550 0.16540
vt 0.81550 0.18900
vt 0.81550 0.21260
vt 0.81550 0.23620
vt 0.81550 0.25980
vt 0.81550 0.28350
vt 0.81550 0.30710
vt 0.81550 0.33070
vt 0.81550 0.35430
vt 0.81550 0.37800
vt 0.81550 0.40160
vt 0.81550 0.42520
vt 0.81550 0.44880
vt 0.81550 0.47240
vt 0.81550 0.49610
vt 0.81550 0.51970
vt 0.81550 0.54330
vt 0.81550 0.56690
vt 0.81550 0.59060
vt 0.81550 0.61420
vt 0.81550 0.63780
vt 0.81550 0.66140
vt 0.81550 0.68500
vt 0.81550 0.70870
vt 0.81550 0.73230
vt 0.81550 0.75590
vt 0.81550 0.77950
vt 0.81550 0.80310
vt 0.81550 0.82680
vt 0.81550 0.85040
vt 0.81550 0.87400
vt 0.81550 0.89760
f 655/655 656/656 654/654
f 654/654 656/656 652/652
f 654/654 652/652 653/653
f 648/648 649/649 750/750
f 713/713 714/714 712/712
f 712/712 714/714 935/935
f 712/712 935/935 711/711
f 711/711 935/935 895/895
f 711/711 895/895 710/710
f 710/710 895/895 855/855
f 710/710 855/855 709/709
f 709/709 855/855 820/820
f 709/709 820/820 708/708
f 708/708 820/820 785/785
f 708/708 785/785 707/707
f 707/707 785/785 761/761
f 707/707 761/761 706/706
f 706/706 761/761 751/751
f 706/706 751/751 705/705
f 705/705 751/751 703/703
f 705/705 703/703 704/704
f 702/702 703/703 751/751
f 702/702 751/751 752/752
f 702/702 752/752 701/701
f 691/691 692/692 772/772
f 691/691 772/772 773/773
f 691/691 773/773 690/690
f 682/682 683/683 781/781
f 682/682 781/781 782/782
f 682/682 782/782 681/681
f 681/681 782/782 783/783
f 681/681 783/783 680/680
f 666/666 667/667 665/665
f 656/656 657/657 894/894
f 656/656 894/894 934/934
f 656/656 934/934 652/652
f 652/652 934/934 651/651
f 651/651 934/934 933/933
f 651/651 933/933 972/972
f 651/651 972/972 650/650
f 650/650 972/972 649/649
f 649/649 972/972 971/971
f 649/649 971/971 750/750
f 750/750 971/971 970/970
f 750/750 970/970 749/749
f 749/749 970/970 969/969
f 749/749 969/969 748/748
f 748/748 969/969 968/968
f 748/748 968/968 747/747
f 747/747 968/968 967/967
f 747/747 967/967 746/746
f 746/746 967/967 966/966
f 746/746 966/966 745/745
f 745/745 966/966 965/965
f 745/745 965/965 744/744
f 744/744 965/965 964/964
f 744/744 964/964 743/743
f 743/743 964/964 963/963
f 743/743 963/963 742/742
f 742/742 963/963 962/962
f 742/742 962/962 741/741
f 741/741 962/962 961/961
f 741/741 961/961 740/740
f 740/740 961/961 960/960
f 740/740 960/960 739/739
f 739/739 960/960 959/959
f 739/739 959/959 738/738
f 738/738 959/959 958/958
f 738/738 958/958 737/737
f 737/737 958/958 957/957
f 737/737 957/957 736/736
f 736/736 957/957 956/956
f 736/736 956/956 735/735
f 735/735 956/956 955/955
f 735/735 955/955 734/734
f 734/734 955/955 954/954
f 734/734 954/954 733/733
f 733/733 954/954 953/953
f 733/733 953/953 732/732
f 732/732 953/953 952/952
f 732/732 952/952 731/731
f 731/731 952/952 951/951
f 731/731 951/951 730/730
f 730/730 951/951 950/950
f 730/730 950/950 729/729
f 729/729 950/950 949/949
f 729/729 949/949 728/728
f 728/728 949/949 948/948
f 728/728 948/948 727/727
f 727/727 948/948 947/947
f 727/727 947/947 726/726
f 726/726 947/947 946/946
f 726/726 946/946 725/725
f 725/725 946/946 945/945
f 725/725 945/945 724/724
f 724/724 945/945 944/944
f 724/724 944/944 723/723
f 723/723 944/944 943/943
f 723/723 943/943 722/722
f 722/722 943/943 942/942
f 722/722 942/942 721/721
f 721/721 942/942 941/941
f 721/721 941/941 720/720
f 720/720 941/941 940/940
f 720/720 940/940 719/719
f 719/719 940/940 939/939
f 719/719 939/939 718/718
f 718/718 939/939 938/938
f 718/718 938/938 717/717
f 717/717 938/938 937/937
f 717/717 937/937 716/716
f 716/716 937/937 936/936
f 716/716 936/936 715/715
f 715/715 936/936 935/935
f 715/715 935/935 714/714
f 935/935 936/936 896/896
f 935/935 896/896 895/895
f 895/895 896/896 856/856
f 895/895 856/856 855/855
f 855/855 856/856 821/821
f 855/855 821/821 820/820
f 820/820 821/821 786/786
f 820/820 786/786 785/785
f 785/785 786/786 762/762
f 785/785 762/762 761/761
f 761/761 762/762 752/752
f 761/761 752/752 751/751
f 752/752 762/762 753/753
f 752/752 753/753 701/701
f 701/701 753/753 700/700
f 699/699 700/700 754/754
f 699/699 754/754 755/755
f 699/699 755/755 698/698
f 696/696 697/697 757/757
f 696/696 757/757 758/758
f 696/696 758/758 695/695
f 693/693 694/694 760/760
f 693/693 760/760 771/771
f 693/693 771/771 692/692
f 692/692 771/771 772/772
f 772/772 771/771 795/795
f 772/772 795/795 796/796
f 772/772 796/796 773/773
f 773/773 796/796 797/797
f 773/773 797/797 774/774
f 773/773 774/774 690/690
f 690/690 774/774 689/689
f 688/688 689/689 775/775
f 688/688 775/775 776/776
f 688/688 776/776 687/687
f 685/685 686/686 778/778
f 685/685 778/778 779/779
f 685/685 779/779 684/684
f 684/684 779/779 780/780
f 684/684 780/780 683/683
f 683/683 780/780 781/781
f 781/781 780/780 804/804
f 781/781 804/804 805/805
f 781/781 805/805 782/782
f 782/782 805/805 806/806
f 782/782 806/806 783/783
f 783/783 806/806 807/807
f 783/783 807/807 784/784
f 783/783 784/784 680/680
f 680/680 784/784 679/679
f 667/667 668/668 819/819
f 667/667 819/819 665/665
f 665/665 819/819 664/664
f 660/660 661/661 892/892
f 660/660 892/892 893/893
f 660/660 893/893 659/659
f 659/659 893/893 894/894
f 659/659 894/894 658/658
f 658/658 894/894 657/657
f 894/894 893/893 933/933
f 894/894 933/933 934/934
f 933/933 893/893 932/932
f 933/933 932/932 972/972
f 972/972 932/932 971/971
f 971/971 932/932 931/931
f 971/971 931/931 970/970
f 970/970 931/931 930/930
f 970/970 930/930 969/969
f 969/969 930/930 929/929
f 969/969 929/929 968/968
f 968/968 929/929 928/928
f 968/968 928/928 967/967
f 967/967 928/928 927/927
f 967/967 927/927 966/966
f 966/966 927/927 926/926
f 966/966 926/926 965/965
f 965/965 926/926 925/925
f 965/965 925/925 964/964
f 964/964 925/925 924/924
f 964/964 924/924 963/963
f 963/963 924/924 923/923
f 963/963 923/923 962/962
f 962/962 923/923 922/922
f 962/962 922/922 961/961
f 961/961 922/922 921/921
f 961/961 921/921 960/960
f 960/960 921/921 920/920
f 960/960 920/920 959/959
f 959/959 920/920 919/919
f 959/959 919/919 958/958
f 958/958 919/919 918/918
f 958/958 918/918 957/957
f 957/957 918/918 917/917
f 957/957 917/917 956/956
f 956/956 917/917 916/916
f 956/956 916/916 955/955
f 955/955 916/916 915/915
f 955/955 915/915 954/954
f 954/954 915/915 914/914
f 954/954 914/914 953/953
f 953/953 914/914 913/913
f 953/953 913/913 952/952
f 952/952 913/913 912/912
f 952/952 912/912 951/951
f 951/951 912/912 911/911
f 951/951 911/911 950/950
f 950/950 911/911 910/910
f 950/950 910/910 949/949
f 949/949 910/910 909/909
f 949/949 909/909 948/948
f 948/948 909/909 908/908
f 948/948 908/908 947/947
f 947/947 908/908 907/907
f 947/947 907/907 946/946
f 946/946 907/907 906/906
f 946/946 906/906 945/945
f 945/945 906/906 905/905
f 945/945 905/905 944/944
f 944/944 905/905 904/904
f 944/944 904/904 943/943
f 943/943 904/904 903/903
f 943/943 903/903 942/942
f 942/942 903/903 902/902
f 942/942 902/902 941/941
f 941/941 902/902 901/901
f 941/941 901/901 940/940
f 940/940 901/901 900/900
f 940/940 900/900 939/939
f 939/939 900/900 899/899
f 939/939 899/899 938/938
f 938/938 899/899 898/898
f 938/938 898/898 937/937
f 937/937 898/898 897/897
f 937/937 897/897 936/936
f 936/936 897/897 896/896
f 896/896 897/897 857/857
f 896/896 857/857 856/856
f 856/856 857/857 822/822
f 856/856 822/822 821/821
f 821/821 822/822 787/787
f 821/821 787/787 786/786
f 786/786 787/787 763/763
f 786/786 763/763 762/762
f 762/762 763/763 753/753
f 753/753 763/763 754/754
f 753/753 754/754 700/700
f 754/754 763/763 764/764
f 754/754 764/764 755/755
f 755/755 764/764 765/765
f 755/755 765/765 756/756
f 755/755 756/756 698/698
f 698/698 756/756 697/697
f 697/697 756/756 757/757
f 757/757 756/756 766/766
f 757/757 766/766 767/767
f 757/757 767/767 758/758
f 758/758 767/767 768/768
f 758/758 768/768 759/759
f 758/758 759/759 695/695
f 695/695 759/759 694/694
f 694/694 759/759 760/760
f 760/760 759/759 769/769
f 760/760 769/769 770/770
f 760/760 770/770 771/771
f 771/771 770/770 794/794
f 771/771 794/794 795/795
f 795/795 794/794 829/829
f 795/795 829/829 830/830
f 795/795 830/830 796/796
f 796/796 830/830 831/831
f 796/796 831/831 797/797
f 797/797 831/831 832/832
f 797/797 832/832 798/798
f 797/797 798/798 774/774
f 774/774 798/798 775/775
f 774/774 775/775 689/689
f 775/775 798/798 799/799
f 775/775 799/799 776/776
f 776/776 799/799 800/800
f 776/776 800/800 777/777
f 776/776 777/777 687/687
f 687/687 777/777 686/686
f 686/686 777/777 778/778
f 778/778 777/777 801/801
f 778/778 801/801 802/802
f 778/778 802/802 779/779
f 779/779 802/802 803/803
f 779/779 803/803 780/780
f 780/780 803/803 804/804
f 804/804 803/803 838/838
f 804/804 838/838 839/839
f 804/804 839/839 805/805
f 805/805 839/839 840/840
f 805/805 840/840 806/806
f 806/806 840/840 841/841
f 806/806 841/841 807/807
f 807/807 841/841 842/842
f 807/807 842/842 808/808
f 807/807 808/808 784/784
f 784/784 808/808 809/809
f 784/784 809/809 678/678
f 784/784 678/678 679/679
f 668/668 669/669 818/818
f 668/668 818/818 819/819
f 819/819 818/818 853/853
f 819/819 853/853 854/854
f 819/819 854/854 663/663
f 819/819 663/663 664/664
f 661/661 662/662 891/891
f 661/661 891/891 892/892
f 892/892 891/891 931/931
f 892/892 931/931 932/932
f 892/892 932/932 893/893
f 931/931 891/891 930/930
f 930/930 891/891 890/890
f 930/930 890/890 929/929
f 929/929 890/890 889/889
f 929/929 889/889 928/928
f 928/928 889/889 888/888
f 928/928 888/888 927/927
f 927/927 888/888 887/887
f 927/927 887/887 926/926
f 926/926 887/887 886/886
f 926/926 886/886 925/925
f 925/925 886/886 885/885
f 925/925 885/885 924/924
f 924/924 885/885 884/884
f 924/924 884/884 923/923
f 923/923 884/884 883/883
f 923/923 883/883 922/922
f 922/922 883/883 882/882
f 922/922 882/882 921/921
f 921/921 882/882 881/881
f 921/921 881/881 920/920
f 920/920 881/881 880/880
f 920/920 880/880 919/919
f 919/919 880/880 879/879
f 919/919 879/879 918/918
f 918/918 879/879 878/878
f 918/918 878/878 917/917
f 917/917 878/878 877/877
f 917/917 877/877 916/916
f 916/916 877/877 876/876
f 916/916 876/876 915/915
f 915/915 876/876 875/875
f 915/915 875/875 914/914
f 914/914 875/875 874/874
f 914/914 874/874 913/913
f 913/913 874/874 873/873
f 913/913 873/873 912/912
f 912/912 873/873 872/872
f 912/912 872/872 911/911
f 911/911 872/872 871/871
f 911/911 871/871 910/910
f 910/910 871/871 870/870
f 910/910 870/870 909/909
f 909/909 870/870 869/869
f 909/909 869/869 908/908
f 908/908 869/869 868/868
f 908/908 868/868 907/907
f 907/907 868/868 867/867
f 907/907 867/867 906/906
f 906/906 867/867 866/866
f 906/906 866/866 905/905
f 905/905 866/866 865/865
f 905/905 865/865 904/904
f 904/904 865/865 864/864
f 904/904 864/864 903/903
f 903/903 864/864 863/863
f 903/903 863/863 902/902
f 902/902 863/863 862/862
f 902/902 862/862 901/901
f 901/901 862/862 861/861
f 901/901 861/861 900/900
f 900/900 861/861 860/860
f 900/900 860/860 899/899
f 899/899 860/860 859/859
f 899/899 859/859 898/898
f 898/898 859/859 858/858
f 898/898 858/858 897/897
f 897/897 858/858 857/857
f 857/857 858/858 823/823
f 857/857 823/823 822/822
f 822/822 823/823 788/788
f 822/822 788/788 787/787
f 787/787 788/788 764/764
f 787/787 764/764 763/763
f 764/764 788/788 765/765
f 765/765 788/788 789/789
f 765/765 789/789 766/766
f 765/765 766/766 756/756
f 766/766 789/789 790/790
f 766/766 790/790 767/767
f 767/767 790/790 791/791
f 767/767 791/791 768/768
f 768/768 791/791 792/792
f 768/768 792/792 769/769
f 768/768 769/769 759/759
f 769/769 792/792 793/793
f 769/769 793/793 770/770
f 770/770 793/793 794/794
f 794/794 793/793 828/828
f 794/794 828/828 829/829
f 829/829 828/828 863/863
f 829/829 863/863 864/864
f 829/829 864/864 830/830
f 830/830 864/864 865/865
f 830/830 865/865 831/831
f 831/831 865/865 866/866
f 831/831 866/866 832/832
f 832/832 866/866 867/867
f 832/832 867/867 833/833
f 832/832 833/833 798/798
f 798/798 833/833 799/799
f 799/799 833/833 834/834
f 799/799 834/834 800/800
f 800/800 834/834 835/835
f 800/800 835/835 801/801
f 800/800 801/801 777/777
f 801/801 835/835 836/836
f 801/801 836/836 802/802
f 802/802 836/836 837/837
f 802/802 837/837 803/803
f 803/803 837/837 838/838
f 838/838 837/837 872/872
f 838/838 872/872 873/873
f 838/838 873/873 839/839
f 839/839 873/873 874/874
f 839/839 874/874 840/840
f 840/840 874/874 875/875
f 840/840 875/875 841/841
f 841/841 875/875 876/876
f 841/841 876/876 842/842
f 842/842 876/876 877/877
f 842/842 877/877 843/843
f 842/842 843/843 808/808
f 808/808 843/843 809/809
f 809/809 843/843 844/844
f 809/809 844/844 810/810
f 809/809 810/810 677/677
f 809/809 677/677 678/678
f 669/669 670/670 817/817
f 669/669 817/817 818/818
f 818/818 817/817 852/852
f 818/818 852/852 853/853
f 853/853 852/852 887/887
f 853/853 887/887 888/888
f 853/853 888/888 854/854
f 854/854 888/888 889/889
f 854/854 889/889 890/890
f 854/854 890/890 662/662
f 854/854 662/662 663/663
f 662/662 890/890 891/891
f 887/887 852/852 886/886
f 886/886 852/852 851/851
f 886/886 851/851 885/885
f 885/885 851/851 850/850
f 885/885 850/850 884/884
f 884/884 850/850 849/849
f 884/884 849/849 883/883
f 883/883 849/849 848/848
f 883/883 848/848 882/882
f 882/882 848/848 847/847
f 882/882 847/847 881/881
f 881/881 847/847 846/846
f 881/881 846/846 880/880
f 880/880 846/846 845/845
f 880/880 845/845 879/879
f 879/879 845/845 844/844
f 879/879 844/844 878/878
f 878/878 844/844 843/843
f 878/878 843/843 877/877
f 844/844 845/845 810/810
f 810/810 845/845 811/811
f 810/810 811/811 676/676
f 810/810 676/676 677/677
f 670/670 671/671 816/816
f 670/670 816/816 817/817
f 817/817 816/816 851/851
f 817/817 851/851 852/852
f 851/851 816/816 850/850
f 850/850 816/816 815/815
f 850/850 815/815 849/849
f 849/849 815/815 814/814
f 849/849 814/814 848/848
f 848/848 814/814 813/813
f 848/848 813/813 847/847
f 847/847 813/813 812/812
f 847/847 812/812 846/846
f 846/846 812/812 811/811
f 846/846 811/811 845/845
f 811/811 812/812 675/675
f 811/811 675/675 676/676
f 671/671 672/672 815/815
f 671/671 815/815 816/816
f 815/815 672/672 814/814
f 814/814 672/672 673/673
f 814/814 673/673 813/813
f 813/813 673/673 674/674
f 813/813 674/674 812/812
f 812/812 674/674 675/675
f 872/872 837/837 871/871
f 871/871 837/837 836/836
f 871/871 836/836 870/870
f 870/870 836/836 835/835
f 870/870 835/835 869/869
f 869/869 835/835 834/834
f 869/869 834/834 868/868
f 868/868 834/834 833/833
f 868/868 833/833 867/867
f 863/863 828/828 862/862
f 862/862 828/828 827/827
f 862/862 827/827 861/861
f 861/861 827/827 826/826
f 861/861 826/826 860/860
f 860/860 826/826 825/825
f 860/860 825/825 859/859
f 859/859 825/825 824/824
f 859/859 824/824 858/858
f 858/858 824/824 823/823
f 823/823 824/824 789/789
f 823/823 789/789 788/788
f 789/789 824/824 790/790
f 790/790 824/824 825/825
f 790/790 825/825 791/791
f 791/791 825/825 826/826
f 791/791 826/826 792/792
f 792/792 826/826 827/827
f 792/792 827/827 793/793
f 793/793 827/827 828/828

g back_right_panel
usemtl Material_back_right_panel
v 0.00000 1.22870 -0.24000
v 0.00000 1.19890 -0.24000
v 0.00000 1.16910 -0.24000
v 0.00000 1.13930 -0.24000
v 0.00000 1.10940 -0.24000
v 0.00000 1.07960 -0.24000
v 0.00000 1.04980 -0.24000
v 0.00000 1.02000 -0.24000
v 0.00000 0.99020 -0.24000
v 0.00000 0.96040 -0.24000
v 0.00000 0.93050 -0.24000
v 0.00000 0.90070 -0.24000
v 0.00000 0.87090 -0.24000
v 0.00000 0.84110 -0.24000
v 0.00000 0.81130 -0.24000
v 0.00000 0.78150 -0.24000
v 0.00000 0.75170 -0.24000
v 0.00000 0.72180 -0.24000
v 0.00000 0.69200 -0.24000
v 0.00000 0.66220 -0.24000
v 0.00000 0.63240 -0.24000
v 0.00000 0.60260 -0.24000
v 0.00000 0.57280 -0.24000
v 0.00000 0.54290 -0.24000
v 0.00000 0.51310 -0.24000
v 0.00000 0.48330 -0.24000
v 0.00000 0.45350 -0.24000
v 0.00000 0.42370 -0.24000
v 0.00000 0.39390 -0.24000
v 0.00000 0.36400 -0.24000
v 0.00000 0.33420 -0.24000
v 0.00000 0.30440 -0.24000
v 0.00000 0.27460 -0.24000
v 0.00000 0.24480 -0.24000
v 0.00000 0.21500 -0.24000
v 0.00000 0.18520 -0.24000
v 0.00000 0.15530 -0.24000
v 0.00000 0.12550 -0.24000
v 0.00000 0.09570 -0.24000
v 0.02920 0.09570 -0.23750
v 0.05750 0.09570 -0.23030
v 0.08430 0.09570 -0.21840
v 0.10870 0.09570 -0.20210
v 0.13010 0.09570 -0.18210
v 0.14780 0.09570 -0.15880
v 0.16130 0.09570 -0.13280
v 0.17040 0.09570 -0.10500
v 0.17470 0.09570 -0.07600
v 0.17460 0.12480 -0.07700
v 0.17460 0.15400 -0.07700
v 0.17460 0.18310 -0.07700
v 0.17460 0.21220 -0.07700
v 0.17460 0.24140 -0.07700
v 0.17460 0.27050 -0.07700
v 0.17460 0.29960 -0.07700
v 0.17460 0.32870 -0.07700
v 0.17460 0.35790 -0.07700
v 0.17460 0.38700 -0.07700
v 0.17460 0.41610 -0.07700
v 0.17460 0.44530 -0.07700
v 0.17460 0.47440 -0.07700
v 0.17460 0.50350 -0.07700
v 0.17460 0.53270 -0.07700
v 0.17460 0.56180 -0.07700
v 0.17460 0.59090 -0.07700
v 0.17810 0.61970 -0.07760
v 0.18140 0.64840 -0.07810
v 0.18420 0.67770 -0.07820
v 0.18550 0.70750 -0.07780
v 0.18050 0.73710 -0.07870
v 0.17760 0.76600 -0.07770
v 0.17400 0.79430 -0.08360
v 0.17400 0.82280 -0.08380
v 0.17400 0.85140 -0.08400
v 0.17390 0.88000 -0.08430
v 0.17390 0.90860 -0.08460
v 0.17390 0.93710 -0.08480
v 0.17380 0.96570 -0.08510
v 0.17440 0.99310 -0.07990
v 0.17440 1.02050 -0.07980
v 0.17440 1.04780 -0.07980
v 0.17440 1.07520 -0.07970
v 0.17440 1.10260 -0.07970
v 0.17440 1.13000 -0.07960
v 0.17440 1.15730 -0.07960
v 0.16980 1.18130 -0.07420
v 0.17030 1.17710 -0.09690
v 0.16690 1.18040 -0.12600
v 0.16200 1.18240 -0.15030
v 0.14470 1.18440 -0.16600
v 0.16680 1.19270 -0.06480
v 0.16500 1.24880 -0.16310
v 0.16230 1.27730 -0.15750
v 0.15950 1.30070 -0.14890
v 0.15420 1.32110 -0.13840
v 0.14700 1.33520 -0.12680
v 0.14060 1.34570 -0.11800
v 0.12530 1.35570 -0.11800
v 0.10770 1.36570 -0.11800
v 0.09320 1.32700 -0.16610
v 0.06780 1.27800 -0.20960
v 0.04590 1.25060 -0.23390
v 0.02310 1.23420 -0.23850
v 0.03060 0.12570 -0.23730
v 0.03080 0.15570 -0.23730
v 0.03090 0.18570 -0.23720
v 0.03100 0.21570 -0.23720
v 0.03120 0.24570 -0.23720
v 0.03130 0.27570 -0.23720
v 0.03140 0.30570 -0.23720
v 0.03150 0.33570 -0.23710
v 0.03160 0.36570 -0.23710
v 0.03180 0.39570 -0.23710
v 0.03190 0.42570 -0.23710
v 0.03200 0.45570 -0.23700
v 0.03210 0.48570 -0.23700
v 0.03220 0.51570 -0.23700
v 0.03240 0.54570 -0.23700
v 0.03250 0.57570 -0.23700
v 0.03260 0.60570 -0.23690
v 0.03280 0.63570 -0.23690
v 0.03290 0.66570 -0.23690
v 0.03300 0.69570 -0.23690
v 0.03310 0.72570 -0.23680
v 0.03330 0.75570 -0.23680
v 0.03340 0.78570 -0.23680
v 0.03440 0.81570 -0.23660
v 0.03540 0.84570 -0.23640
v 0.03650 0.87570 -0.23610
v 0.03770 0.90570 -0.23590
v 0.03890 0.93570 -0.23560
v 0.04030 0.96570 -0.23530
v 0.04050 0.99570 -0.23530
v 0.03990 1.02570 -0.23540
v 0.03930 1.05570 -0.23550
v 0.03880 1.08570 -0.23560
v 0.03830 1.11570 -0.23580
v 0.03770 1.14570 -0.23590
v 0.03720 1.17570 -0.23600
v 0.03720 1.20570 -0.23600
v 0.06020 0.12570 -0.22930
v 0.06070 0.15570 -0.22910
v 0.06090 0.18570 -0.22910
v 0.06110 0.21570 -0.22900
v 0.06130 0.24570 -0.22890
v 0.06150 0.27570 -0.22880
v 0.06180 0.30570 -0.22870
v 0.06200 0.33570 -0.22870
v 0.06220 0.36570 -0.22860
v 0.06250 0.39570 -0.22850
v 0.06270 0.42570 -0.22840
v 0.06290 0.45570 -0.22830
v 0.06320 0.48570 -0.22820
v 0.06340 0.51570 -0.22810
v 0.06360 0.54570 -0.22800
v 0.06390 0.57570 -0.22790
v 0.06410 0.60570 -0.22780
v 0.06440 0.63570 -0.22770
v 0.06460 0.66570 -0.22760
v 0.06480 0.69570 -0.22750
v 0.06510 0.72570 -0.22740
v 0.06530 0.75570 -0.22730
v 0.06560 0.78570 -0.22720
v 0.06740 0.81570 -0.22650
v 0.06940 0.84570 -0.22570
v 0.07140 0.87570 -0.22480
v 0.07360 0.90570 -0.22380
v 0.07590 0.93570 -0.22270
v 0.07840 0.96570 -0.22150
v 0.07880 0.99570 -0.22130
v 0.07770 1.02570 -0.22180
v 0.07670 1.05570 -0.22230
v 0.07570 1.08570 -0.22280
v 0.07470 1.11570 -0.22330
v 0.07370 1.14570 -0.22370
v 0.07280 1.17570 -0.22420
v 0.07280 1.20570 -0.22420
v 0.08350 1.23570 -0.21880
v 0.08800 0.12570 -0.21630
v 0.08860 0.15570 -0.21590
v 0.08890 0.18570 -0.21570
v 0.08920 0.21570 -0.21550
v 0.08950 0.24570 -0.21540
v 0.08980 0.27570 -0.21520
v 0.09010 0.30570 -0.21500
v 0.09050 0.33570 -0.21480
v 0.09080 0.36570 -0.21460
v 0.09110 0.39570 -0.21440
v 0.09140 0.42570 -0.21420
v 0.09170 0.45570 -0.21400
v 0.09200 0.48570 -0.21380
v 0.09240 0.51570 -0.21360
v 0.09270 0.54570 -0.21340
v 0.09300 0.57570 -0.21320
v 0.09330 0.60570 -0.21300
v 0.09370 0.63570 -0.21280
v 0.09400 0.66570 -0.21260
v 0.09430 0.69570 -0.21240
v 0.09470 0.72570 -0.21220
v 0.09500 0.75570 -0.21200
v 0.09540 0.78570 -0.21170
v 0.09790 0.81570 -0.21010
v 0.10050 0.84570 -0.20830
v 0.10320 0.87570 -0.20630
v 0.10610 0.90570 -0.20420
v 0.10910 0.93570 -0.20180
v 0.11230 0.96570 -0.19920
v 0.11280 0.99570 -0.19880
v 0.11140 1.02570 -0.19990
v 0.11010 1.05570 -0.20100
v 0.10880 1.08570 -0.20210
v 0.10750 1.11570 -0.20310
v 0.10620 1.14570 -0.20410
v 0.10500 1.17570 -0.20500
v 0.10500 1.20570 -0.20500
v 0.11880 1.23570 -0.19350
v 0.11880 1.26570 -0.19350
v 0.12190 1.29930 -0.17190
v 0.12430 1.33480 -0.14520
v 0.11310 0.12570 -0.19850
v 0.11380 0.15570 -0.19790
v 0.11420 0.18570 -0.19760
v 0.11450 0.21570 -0.19730
v 0.11490 0.24570 -0.19700
v 0.11520 0.27570 -0.19670
v 0.11560 0.30570 -0.19640
v 0.11600 0.33570 -0.19610
v 0.11630 0.36570 -0.19570
v 0.11670 0.39570 -0.19540
v 0.11710 0.42570 -0.19510
v 0.11740 0.45570 -0.19480
v 0.11780 0.48570 -0.19440
v 0.11820 0.51570 -0.19410
v 0.11850 0.54570 -0.19370
v 0.11890 0.57570 -0.19340
v 0.11930 0.60570 -0.19300
v 0.11970 0.63570 -0.19270
v 0.12010 0.66570 -0.19230
v 0.12050 0.69570 -0.19200
v 0.12080 0.72570 -0.19160
v 0.12120 0.75570 -0.19120
v 0.12160 0.78570 -0.19080
v 0.12450 0.81570 -0.18800
v 0.12740 0.84570 -0.18500
v 0.13040 0.87570 -0.18170
v 0.13360 0.90570 -0.17800
v 0.13680 0.93570 -0.17410
v 0.14020 0.96570 -0.16980
v 0.14070 0.99570 -0.16910
v 0.13930 1.02570 -0.17100
v 0.13780 1.05570 -0.17280
v 0.13640 1.08570 -0.17460
v 0.13510 1.11570 -0.17630
v 0.13370 1.14570 -0.17790
v 0.13470 0.12570 -0.17670
v 0.13540 0.15570 -0.17580
v 0.13580 0.18570 -0.17540
v 0.13620 0.21570 -0.17490
v 0.13650 0.24570 -0.17450
v 0.13690 0.27570 -0.17400
v 0.13730 0.30570 -0.17350
v 0.13770 0.33570 -0.17310
v 0.13800 0.36570 -0.17260
v 0.13840 0.39570 -0.17210
v 0.13880 0.42570 -0.17160
v 0.13920 0.45570 -0.17110
v 0.13950 0.48570 -0.17060
v 0.13990 0.51570 -0.17010
v 0.14030 0.54570 -0.16960
v 0.14070 0.57570 -0.16910
v 0.14110 0.60570 -0.16850
v 0.14150 0.63570 -0.16800
v 0.14180 0.66570 -0.16750
v 0.14220 0.69570 -0.16690
v 0.14260 0.72570 -0.16640
v 0.14300 0.75570 -0.16590
v 0.14340 0.78570 -0.16530
v 0.14620 0.81570 -0.16120
v 0.14900 0.84570 -0.15670
v 0.15190 0.87570 -0.15190
v 0.15480 0.90570 -0.14660
v 0.15770 0.93570 -0.14090
v 0.16050 0.96570 -0.13470
v 0.16100 0.99570 -0.13370
v 0.15980 1.02570 -0.13640
v 0.15860 1.05570 -0.13910
v 0.15730 1.08570 -0.14160
v 0.15610 1.11570 -0.14410
v 0.15490 1.14570 -0.14640
v 0.15220 0.12570 -0.15150
v 0.15280 0.15570 -0.15020
v 0.15320 0.18570 -0.14960
v 0.15350 0.21570 -0.14900
v 0.15380 0.24570 -0.14840
v 0.15420 0.27570 -0.14780
v 0.15450 0.30570 -0.14710
v 0.15490 0.33570 -0.14650
v 0.15520 0.36570 -0.14580
v 0.15550 0.39570 -0.14520
v 0.15590 0.42570 -0.14450
v 0.15620 0.45570 -0.14390
v 0.15660 0.48570 -0.14320
v 0.15690 0.51570 -0.14250
v 0.15720 0.54570 -0.14180
v 0.15760 0.57570 -0.14110
v 0.15790 0.60570 -0.14040
v 0.15820 0.63570 -0.13970
v 0.15860 0.66570 -0.13900
v 0.15890 0.69570 -0.13830
v 0.15930 0.72570 -0.13760
v 0.15960 0.75570 -0.13680
v 0.15990 0.78570 -0.13610
v 0.16230 0.81570 -0.13060
v 0.16450 0.84570 -0.12460
v 0.16670 0.87570 -0.11820
v 0.16870 0.90570 -0.11140
v 0.17040 1.08570 -0.10480
v 0.16960 1.11570 -0.10800
v 0.16880 1.14570 -0.11110
v 0.16490 0.12570 -0.12350
v 0.16550 0.15570 -0.12200
v 0.16570 0.18570 -0.12120
v 0.16600 0.21570 -0.12050
v 0.16620 0.24570 -0.11970
v 0.16650 0.27570 -0.11890
v 0.16680 0.30570 -0.11810
v 0.16700 0.33570 -0.11730
v 0.16730 0.36570 -0.11650
v 0.16750 0.39570 -0.11560
v 0.16780 0.42570 -0.11480
v 0.16800 0.45570 -0.11400
v 0.16830 0.48570 -0.11310
v 0.16850 0.51570 -0.11230
v 0.16870 0.54570 -0.11140
v 0.16900 0.57570 -0.11050
v 0.16920 0.60570 -0.10970
v 0.16940 0.63570 -0.10880
v 0.16970 0.66570 -0.10790
v 0.17140 0.69570 -0.10770
v 0.17190 0.72570 -0.10690
v 0.17030 0.75570 -0.10520
v 0.17050 0.78570 -0.10420
vt 0.00000 0.89210
vt 0.00000 0.86860
vt 0.00000 0.84520
vt 0.00000 0.82170
vt 0.00000 0.79820
vt 0.00000 0.77470
vt 0.00000 0.75130
vt 0.00000 0.72780
vt 0.00000 0.70430
vt 0.00000 0.68080
vt 0.00000 0.65740
vt 0.00000 0.63390
vt 0.00000 0.61040
vt 0.00000 0.58690
vt 0.00000 0.56340
vt 0.00000 0.54000
vt 0.00000 0.51650
vt 0.00000 0.49300
vt 0.00000 0.46950
vt 0.00000 0.44610
vt 0.00000 0.42260
vt 0.00000 0.39910
vt 0.00000 0.37560
vt 0.00000 0.35220
vt 0.00000 0.32870
vt 0.00000 0.30520
vt 0.00000 0.28170
vt 0.00000 0.25820
vt 0.00000 0.23480
vt 0.00000 0.21130
vt 0.00000 0.18780
vt 0.00000 0.16430
vt 0.00000 0.14090
vt 0.00000 0.11740
vt 0.00000 0.09390
vt 0.00000 0.07040
vt 0.00000 0.04700
vt 0.00000 0.02350
vt 0.00000 0.00000
vt 0.11110 0.00000
vt 0.22220 0.00000
vt 0.33330 0.00000
vt 0.44440 0.00000
vt 0.55560 0.00000
vt 0.66670 0.00000
vt 0.77780 0.00000
vt 0.88890 0.00000
vt 1.00000 0.00000
vt 0.99630 0.02290
vt 0.99260 0.04590
vt 0.98890 0.06880
vt 0.98510 0.09170
vt 0.98140 0.11470
vt 0.97770 0.13760
vt 0.97400 0.16060
vt 0.97030 0.18350
vt 0.96660 0.20640
vt 0.96280 0.22940
vt 0.95910 0.25230
vt 0.95540 0.27530
vt 0.95170 0.29820
vt 0.94800 0.32110
vt 0.94430 0.34410
vt 0.94060 0.36700
vt 0.93690 0.38990
vt 0.93310 0.41290
vt 0.92940 0.43580
vt 0.92570 0.45870
vt 0.92200 0.48170
vt 0.91830 0.50460
vt 0.91460 0.52760
vt 0.88820 0.55010
vt 0.86190 0.57260
vt 0.83550 0.59500
vt 0.80920 0.61760
vt 0.78280 0.64000
vt 0.75650 0.66250
vt 0.73010 0.68500
vt 0.74120 0.70660
vt 0.75240 0.72810
vt 0.76360 0.74970
vt 0.77480 0.77130
vt 0.78590 0.79280
vt 0.79710 0.81440
vt 0.80830 0.83590
vt 0.81940 0.85750
vt 0.74560 0.85750
vt 0.67180 0.85750
vt 0.59810 0.85750
vt 0.52430 0.85750
vt 0.52250 0.88280
vt 0.51710 0.90560
vt 0.50820 0.92610
vt 0.49570 0.94430
vt 0.47970 0.96000
vt 0.46010 0.97330
vt 0.43690 0.98430
vt 0.37380 0.99210
vt 0.31070 1.00000
vt 0.24850 0.96120
vt 0.18640 0.93100
vt 0.12430 0.90940
vt 0.06210 0.89640
vt 0.11650 0.02360
vt 0.11650 0.04720
vt 0.11650 0.07090
vt 0.11650 0.09450
vt 0.11650 0.11810
vt 0.11650 0.14170
vt 0.11650 0.16540
vt 0.11650 0.18900
vt 0.11650 0.21260
vt 0.11650 0.23620
vt 0.11650 0.25980
vt 0.11650 0.28350
vt 0.11650 0.30710
vt 0.11650 0.33070
vt 0.11650 0.35430
vt 0.11650 0.37800
vt 0.11650 0.40160
vt 0.11650 0.42520
vt 0.11650 0.44880
vt 0.11650 0.47240
vt 0.11650 0.49610
vt 0.11650 0.51970
vt 0.11650 0.54330
vt 0.11650 0.56690
vt 0.11650 0.59060
vt 0.11650 0.61420
vt 0.11650 0.63780
vt 0.11650 0.66140
vt 0.11650 0.68500
vt 0.11650 0.70870
vt 0.11650 0.73230
vt 0.11650 0.75590
vt 0.11650 0.77950
vt 0.11650 0.80310
vt 0.11650 0.82680
vt 0.11650 0.85040
vt 0.11650 0.87400
vt 0.23300 0.02360
vt 0.23300 0.04720
vt 0.23300 0.07090
vt 0.23300 0.09450
vt 0.23300 0.11810
vt 0.23300 0.14170
vt 0.23300 0.16540
vt 0.23300 0.18900
vt 0.23300 0.21260
vt 0.23300 0.23620
vt 0.23300 0.25980
vt 0.23300 0.28350
vt 0.23300 0.30710
vt 0.23300 0.33070
vt 0.23300 0.35430
vt 0.23300 0.37800
vt 0.23300 0.40160
vt 0.23300 0.42520
vt 0.23300 0.44880
vt 0.23300 0.47240
vt 0.23300 0.49610
vt 0.23300 0.51970
vt 0.23300 0.54330
vt 0.23300 0.56690
vt 0.23300 0.59060
vt 0.23300 0.61420
vt 0.23300 0.63780
vt 0.23300 0.66140
vt 0.23300 0.68500
vt 0.23300 0.70870
vt 0.23300 0.73230
vt 0.23300 0.75590
vt 0.23300 0.77950
vt 0.23300 0.80310
vt 0.23300 0.82680
vt 0.23300 0.85040
vt 0.23300 0.87400
vt 0.23300 0.89760
vt 0.34950 0.02360
vt 0.34950 0.04720
vt 0.34950 0.07090
vt 0.34950 0.09450
vt 0.34950 0.11810
vt 0.34950 0.14170
vt 0.34950 0.16540
vt 0.34950 0.18900
vt 0.34950 0.21260
vt 0.34950 0.23620
vt 0.34950 0.25980
vt 0.34950 0.28350
vt 0.34950 0.30710
vt 0.34950 0.33070
vt 0.34950 0.35430
vt 0.34950 0.37800
vt 0.34950 0.40160
vt 0.34950 0.42520
vt 0.34950 0.44880
vt 0.34950 0.47240
vt 0.34950 0.49610
vt 0.34950 0.51970
vt 0.34950 0.54330
vt 0.34950 0.56690
vt 0.34950 0.59060
vt 0.34950 0.61420
vt 0.34950 0.63780
vt 0.34950 0.66140
vt 0.34950 0.68500
vt 0.34950 0.70870
vt 0.34950 0.73230
vt 0.34950 0.75590
vt 0.34950 0.77950
vt 0.34950 0.80310
vt 0.34950 0.82680
vt 0.34950 0.85040
vt 0.34950 0.87400
vt 0.34950 0.89760
vt 0.34950 0.92130
vt 0.34950 0.94490
vt 0.34950 0.96850
vt 0.46600 0.02360
vt 0.46600 0.04720
vt 0.46600 0.07090
vt 0.46600 0.09450
vt 0.46600 0.11810
vt 0.46600 0.14170
vt 0.46600 0.16540
vt 0.46600 0.18900
vt 0.46600 0.21260
vt 0.46600 0.23620
vt 0.46600 0.25980
vt 0.46600 0.28350
vt 0.46600 0.30710
vt 0.46600 0.33070
vt 0.46600 0.35430
vt 0.46600 0.37800
vt 0.46600 0.40160
vt 0.46600 0.42520
vt 0.46600 0.44880
vt 0.46600 0.47240
vt 0.46600 0.49610
vt 0.46600 0.51970
vt 0.46600 0.54330
vt 0.46600 0.56690
vt 0.46600 0.59060
vt 0.46600 0.61420
vt 0.46600 0.63780
vt 0.46600 0.66140
vt 0.46600 0.68500
vt 0.46600 0.70870
vt 0.46600 0.73230
vt 0.46600 0.75590
vt 0.46600 0.77950
vt 0.46600 0.80310
vt 0.46600 0.82680
vt 0.58250 0.02360
vt 0.58250 0.04720
vt 0.58250 0.07090
vt 0.58250 0.09450
vt 0.58250 0.11810
vt 0.58250 0.14170
vt 0.58250 0.16540
vt 0.58250 0.18900
vt 0.58250 0.21260
vt 0.58250 0.23620
vt 0.58250 0.25980
vt 0.58250 0.28350
vt 0.58250 0.30710
vt 0.58250 0.33070
vt 0.58250 0.35430
vt 0.58250 0.37800
vt 0.58250 0.40160
vt 0.58250 0.42520
vt 0.58250 0.44880
vt 0.58250 0.47240
vt 0.58250 0.49610
vt 0.58250 0.51970
vt 0.58250 0.54330
vt 0.58250 0.56690
vt 0.58250 0.59060
vt 0.58250 0.61420
vt 0.58250 0.63780
vt 0.58250 0.66140
vt 0.58250 0.68500
vt 0.58250 0.70870
vt 0.58250 0.73230
vt 0.58250 0.75590
vt 0.58250 0.77950
vt 0.58250 0.80310
vt 0.58250 0.82680
vt 0.69900 0.02360
vt 0.69900 0.04720
vt 0.69900 0.07090
vt 0.69900 0.09450
vt 0.69900 0.11810
vt 0.69900 0.14170
vt 0.69900 0.16540
vt 0.69900 0.18900
vt 0.69900 0.21260
vt 0.69900 0.23620
vt 0.69900 0.25980
vt 0.69900 0.28350
vt 0.69900 0.30710
vt 0.69900 0.33070
vt 0.69900 0.35430
vt 0.69900 0.37800
vt 0.69900 0.40160
vt 0.69900 0.42520
vt 0.69900 0.44880
vt 0.69900 0.47240
vt 0.69900 0.49610
vt 0.69900 0.51970
vt 0.69900 0.54330
vt 0.69900 0.56690
vt 0.69900 0.59060
vt 0.69900 0.61420
vt 0.69900 0.63780
vt 0.69900 0.77950
vt 0.69900 0.80310
vt 0.69900 0.82680
vt 0.81550 0.02360
vt 0.81550 0.04720
vt 0.81550 0.07090
vt 0.81550 0.09450
vt 0.81550 0.11810
vt 0.81550 0.14170
vt 0.81550 0.16540
vt 0.81550 0.18900
vt 0.81550 0.21260
vt 0.81550 0.23620
vt 0.81550 0.25980
vt 0.81550 0.28350
vt 0.81550 0.30710
vt 0.81550 0.33070
vt 0.81550 0.35430
vt 0.81550 0.37800
vt 0.81550 0.40160
vt 0.81550 0.42520
vt 0.81550 0.44880
vt 0.81550 0.47240
vt 0.81550 0.49610
vt 0.81550 0.51970
vt 0.81550 0.54330
f 1071/1071 1072/1072 1191/1191
f 1071/1071 1191/1191 1070/1070
f 1070/1070 1191/1191 1069/1069
f 1069/1069 1191/1191 1068/1068
f 1058/1058 1059/1059 1057/1057
f 1043/1043 1044/1044 1314/1314
f 1043/1043 1314/1314 1313/1313
f 1043/1043 1313/1313 1042/1042
f 1042/1042 1313/1313 1312/1312
f 1042/1042 1312/1312 1041/1041
f 1033/1033 1034/1034 1304/1304
f 1033/1033 1304/1304 1303/1303
f 1033/1033 1303/1303 1032/1032
f 1022/1022 1023/1023 1293/1293
f 1022/1022 1293/1293 1292/1292
f 1022/1022 1292/1292 1021/1021
f 1020/1020 1021/1021 1019/1019
f 1019/1019 1021/1021 1292/1292
f 1019/1019 1292/1292 1018/1018
f 1018/1018 1292/1292 1262/1262
f 1018/1018 1262/1262 1017/1017
f 1017/1017 1262/1262 1227/1227
f 1017/1017 1227/1227 1016/1016
f 1016/1016 1227/1227 1192/1192
f 1016/1016 1192/1192 1015/1015
f 1015/1015 1192/1192 1151/1151
f 1015/1015 1151/1151 1014/1014
f 1014/1014 1151/1151 1113/1113
f 1014/1014 1113/1113 1013/1013
f 1013/1013 1113/1113 1076/1076
f 1013/1013 1076/1076 1012/1012
f 1012/1012 1076/1076 1010/1010
f 1012/1012 1010/1010 1011/1011
f 1010/1010 1076/1076 1009/1009
f 1009/1009 1076/1076 1077/1077
f 1009/1009 1077/1077 1008/1008
f 1008/1008 1077/1077 1078/1078
f 1008/1008 1078/1078 1007/1007
f 1007/1007 1078/1078 1079/1079
f 1007/1007 1079/1079 1006/1006
f 1006/1006 1079/1079 1080/1080
f 1006/1006 1080/1080 1005/1005
f 1005/1005 1080/1080 1081/1081
f 1005/1005 1081/1081 1004/1004
f 1004/1004 1081/1081 1082/1082
f 1004/1004 1082/1082 1003/1003
f 1003/1003 1082/1082 1083/1083
f 1003/1003 1083/1083 1002/1002
f 1002/1002 1083/1083 1084/1084
f 1002/1002 1084/1084 1001/1001
f 1001/1001 1084/1084 1085/1085
f 1001/1001 1085/1085 1000/1000
f 1000/1000 1085/1085 1086/1086
f 1000/1000 1086/1086 999/999
f 999/999 1086/1086 1087/1087
f 999/999 1087/1087 998/998
f 998/998 1087/1087 1088/1088
f 998/998 1088/1088 997/997
f 997/997 1088/1088 1089/1089
f 997/997 1089/1089 996/996
f 996/996 1089/1089 1090/1090
f 996/996 1090/1090 995/995
f 995/995 1090/1090 1091/1091
f 995/995 1091/1091 994/994
f 994/994 1091/1091 1092/1092
f 994/994 1092/1092 993/993
f 993/993 1092/1092 1093/1093
f 993/993 1093/1093 992/992
f 992/992 1093/1093 1094/1094
f 992/992 1094/1094 991/991
f 991/991 1094/1094 1095/1095
f 991/991 1095/1095 990/990
f 990/990 1095/1095 1096/1096
f 990/990 1096/1096 989/989
f 989/989 1096/1096 1097/1097
f 989/989 1097/1097 988/988
f 988/988 1097/1097 1098/1098
f 988/988 1098/1098 987/987
f 987/987 1098/1098 1099/1099
f 987/987 1099/1099 986/986
f 986/986 1099/1099 1100/1100
f 986/986 1100/1100 985/985
f 985/985 1100/1100 1101/1101
f 985/985 1101/1101 984/984
f 984/984 1101/1101 1102/1102
f 984/984 1102/1102 983/983
f 983/983 1102/1102 1103/1103
f 983/983 1103/1103 982/982
f 982/982 1103/1103 1104/1104
f 982/982 1104/1104 981/981
f 981/981 1104/1104 1105/1105
f 981/981 1105/1105 980/980
f 980/980 1105/1105 1106/1106
f 980/980 1106/1106 979/979
f 979/979 1106/1106 1107/1107
f 979/979 1107/1107 978/978
f 978/978 1107/1107 1108/1108
f 978/978 1108/1108 977/977
f 977/977 1108/1108 1109/1109
f 977/977 1109/1109 976/976
f 976/976 1109/1109 1110/1110
f 976/976 1110/1110 975/975
f 975/975 1110/1110 1111/1111
f 975/975 1111/1111 974/974
f 974/974 1111/1111 1112/1112
f 974/974 1112/1112 973/973
f 973/973 1112/1112 1075/1075
f 1072/1072 1073/1073 1190/1190
f 1072/1072 1190/1190 1191/1191
f 1191/1191 1190/1190 1067/1067
f 1191/1191 1067/1067 1068/1068
f 1067/1067 1190/1190 1066/1066
f 1066/1066 1190/1190 1189/1189
f 1066/1066 1189/1189 1065/1065
f 1065/1065 1189/1189 1064/1064
f 1064/1064 1189/1189 1188/1188
f 1064/1064 1188/1188 1063/1063
f 1059/1059 1060/1060 1291/1291
f 1059/1059 1291/1291 1057/1057
f 1057/1057 1291/1291 1056/1056
f 1044/1044 1045/1045 1314/1314
f 1314/1314 1045/1045 1285/1285
f 1314/1314 1285/1285 1284/1284
f 1314/1314 1284/1284 1313/1313
f 1313/1313 1284/1284 1283/1283
f 1313/1313 1283/1283 1312/1312
f 1312/1312 1283/1283 1282/1282
f 1312/1312 1282/1282 1311/1311
f 1312/1312 1311/1311 1041/1041
f 1041/1041 1311/1311 1040/1040
f 1040/1040 1311/1311 1310/1310
f 1040/1040 1310/1310 1039/1039
f 1039/1039 1310/1310 1309/1309
f 1039/1039 1309/1309 1038/1038
f 1036/1036 1037/1037 1307/1307
f 1036/1036 1307/1307 1306/1306
f 1036/1036 1306/1306 1035/1035
f 1034/1034 1035/1035 1305/1305
f 1034/1034 1305/1305 1304/1304
f 1304/1304 1305/1305 1275/1275
f 1304/1304 1275/1275 1274/1274
f 1304/1304 1274/1274 1303/1303
f 1303/1303 1274/1274 1273/1273
f 1303/1303 1273/1273 1302/1302
f 1303/1303 1302/1302 1032/1032
f 1032/1032 1302/1302 1031/1031
f 1031/1031 1302/1302 1301/1301
f 1031/1031 1301/1301 1030/1030
f 1028/1028 1029/1029 1299/1299
f 1028/1028 1299/1299 1298/1298
f 1028/1028 1298/1298 1027/1027
f 1025/1025 1026/1026 1296/1296
f 1025/1025 1296/1296 1295/1295
f 1025/1025 1295/1295 1024/1024
f 1023/1023 1024/1024 1294/1294
f 1023/1023 1294/1294 1293/1293
f 1293/1293 1294/1294 1264/1264
f 1293/1293 1264/1264 1263/1263
f 1293/1293 1263/1263 1292/1292
f 1292/1292 1263/1263 1262/1262
f 1262/1262 1263/1263 1228/1228
f 1262/1262 1228/1228 1227/1227
f 1227/1227 1228/1228 1193/1193
f 1227/1227 1193/1193 1192/1192
f 1192/1192 1193/1193 1152/1152
f 1192/1192 1152/1152 1151/1151
f 1151/1151 1152/1152 1114/1114
f 1151/1151 1114/1114 1113/1113
f 1113/1113 1114/1114 1077/1077
f 1113/1113 1077/1077 1076/1076
f 1077/1077 1114/1114 1078/1078
f 1078/1078 1114/1114 1115/1115
f 1078/1078 1115/1115 1079/1079
f 1079/1079 1115/1115 1116/1116
f 1079/1079 1116/1116 1080/1080
f 1080/1080 1116/1116 1117/1117
f 1080/1080 1117/1117 1081/1081
f 1081/1081 1117/1117 1118/1118
f 1081/1081 1118/1118 1082/1082
f 1082/1082 1118/1118 1119/1119
f 1082/1082 1119/1119 1083/1083
f 1083/1083 1119/1119 1120/1120
f 1083/1083 1120/1120 1084/1084
f 1084/1084 1120/1120 1121/1121
f 1084/1084 1121/1121 1085/1085
f 1085/1085 1121/1121 1122/1122
f 1085/1085 1122/1122 1086/1086
f 1086/1086 1122/1122 1123/1123
f 1086/1086 1123/1123 1087/1087
f 1087/1087 1123/1123 1124/1124
f 1087/1087 1124/1124 1088/1088
f 1088/1088 1124/1124 1125/1125
f 1088/1088 1125/1125 1089/1089
f 1089/1089 1125/1125 1126/1126
f 1089/1089 1126/1126 1090/1090
f 1090/1090 1126/1126 1127/1127
f 1090/1090 1127/1127 1091/1091
f 1091/1091 1127/1127 1128/1128
f 1091/1091 1128/1128 1092/1092
f 1092/1092 1128/1128 1129/1129
f 1092/1092 1129/1129 1093/1093
f 1093/1093 1129/1129 1130/1130
f 1093/1093 1130/1130 1094/1094
f 1094/1094 1130/1130 1131/1131
f 1094/1094 1131/1131 1095/1095
f 1095/1095 1131/1131 1132/1132
f 1095/1095 1132/1132 1096/1096
f 1096/1096 1132/1132 1133/1133
f 1096/1096 1133/1133 1097/1097
f 1097/1097 1133/1133 1134/1134
f 1097/1097 1134/1134 1098/1098
f 1098/1098 1134/1134 1135/1135
f 1098/1098 1135/1135 1099/1099
f 1099/1099 1135/1135 1136/1136
f 1099/1099 1136/1136 1100/1100
f 1100/1100 1136/1136 1137/1137
f 1100/1100 1137/1137 1101/1101
f 1101/1101 1137/1137 1138/1138
f 1101/1101 1138/1138 1102/1102
f 1102/1102 1138/1138 1139/1139
f 1102/1102 1139/1139 1103/1103
f 1103/1103 1139/1139 1140/1140
f 1103/1103 1140/1140 1104/1104
f 1104/1104 1140/1140 1141/1141
f 1104/1104 1141/1141 1105/1105
f 1105/1105 1141/1141 1142/1142
f 1105/1105 1142/1142 1106/1106
f 1106/1106 1142/1142 1143/1143
f 1106/1106 1143/1143 1107/1107
f 1107/1107 1143/1143 1144/1144
f 1107/1107 1144/1144 1108/1108
f 1108/1108 1144/1144 1145/1145
f 1108/1108 1145/1145 1109/1109
f 1109/1109 1145/1145 1146/1146
f 1109/1109 1146/1146 1110/1110
f 1110/1110 1146/1146 1147/1147
f 1110/1110 1147/1147 1111/1111
f 1111/1111 1147/1147 1148/1148
f 1111/1111 1148/1148 1112/1112
f 1112/1112 1148/1148 1149/1149
f 1112/1112 1149/1149 1150/1150
f 1112/1112 1150/1150 1075/1075
f 1075/1075 1150/1150 1074/1074
f 1074/1074 1150/1150 1073/1073
f 1073/1073 1150/1150 1189/1189
f 1073/1073 1189/1189 1190/1190
f 1189/1189 1150/1150 1188/1188
f 1188/1188 1150/1150 1187/1187
f 1188/1188 1187/1187 1063/1063
f 1063/1063 1187/1187 1062/1062
f 1060/1060 1061/1061 1261/1261
f 1060/1060 1261/1261 1291/1291
f 1291/1291 1261/1261 1290/1290
f 1291/1291 1290/1290 1056/1056
f 1056/1056 1290/1290 1055/1055
f 1045/1045 1046/1046 1286/1286
f 1045/1045 1286/1286 1285/1285
f 1285/1285 1286/1286 1251/1251
f 1285/1285 1251/1251 1250/1250
f 1285/1285 1250/1250 1284/1284
f 1284/1284 1250/1250 1249/1249
f 1284/1284 1249/1249 1283/1283
f 1283/1283 1249/1249 1248/1248
f 1283/1283 1248/1248 1282/1282
f 1282/1282 1248/1248 1247/1247
f 1282/1282 1247/1247 1281/1281
f 1282/1282 1281/1281 1311/1311
f 1311/1311 1281/1281 1310/1310
f 1310/1310 1281/1281 1280/1280
f 1310/1310 1280/1280 1309/1309
f 1309/1309 1280/1280 1279/1279
f 1309/1309 1279/1279 1308/1308
f 1309/1309 1308/1308 1038/1038
f 1038/1038 1308/1308 1037/1037
f 1037/1037 1308/1308 1307/1307
f 1307/1307 1308/1308 1278/1278
f 1307/1307 1278/1278 1277/1277
f 1307/1307 1277/1277 1306/1306
f 1306/1306 1277/1277 1276/1276
f 1306/1306 1276/1276 1305/1305
f 1306/1306 1305/1305 1035/1035
f 1305/1305 1276/1276 1275/1275
f 1275/1275 1276/1276 1241/1241
f 1275/1275 1241/1241 1240/1240
f 1275/1275 1240/1240 1274/1274
f 1274/1274 1240/1240 1239/1239
f 1274/1274 1239/1239 1273/1273
f 1273/1273 1239/1239 1238/1238
f 1273/1273 1238/1238 1272/1272
f 1273/1273 1272/1272 1302/1302
f 1302/1302 1272/1272 1301/1301
f 1301/1301 1272/1272 1271/1271
f 1301/1301 1271/1271 1300/1300
f 1301/1301 1300/1300 1030/1030
f 1030/1030 1300/1300 1029/1029
f 1029/1029 1300/1300 1299/1299
f 1299/1299 1300/1300 1270/1270
f 1299/1299 1270/1270 1269/1269
f 1299/1299 1269/1269 1298/1298
f 1298/1298 1269/1269 1268/1268
f 1298/1298 1268/1268 1297/1297
f 1298/1298 1297/1297 1027/1027
f 1027/1027 1297/1297 1026/1026
f 1026/1026 1297/1297 1296/1296
f 1296/1296 1297/1297 1267/1267
f 1296/1296 1267/1267 1266/1266
f 1296/1296 1266/1266 1295/1295
f 1295/1295 1266/1266 1265/1265
f 1295/1295 1265/1265 1294/1294
f 1295/1295 1294/1294 1024/1024
f 1294/1294 1265/1265 1264/1264
f 1264/1264 1265/1265 1230/1230
f 1264/1264 1230/1230 1229/1229
f 1264/1264 1229/1229 1263/1263
f 1263/1263 1229/1229 1228/1228
f 1228/1228 1229/1229 1194/1194
f 1228/1228 1194/1194 1193/1193
f 1193/1193 1194/1194 1153/1153
f 1193/1193 1153/1153 1152/1152
f 1152/1152 1153/1153 1115/1115
f 1152/1152 1115/1115 1114/1114
f 1115/1115 1153/1153 1116/1116
f 1116/1116 1153/1153 1154/1154
f 1116/1116 1154/1154 1117/1117
f 1117/1117 1154/1154 1155/1155
f 1117/1117 1155/1155 1118/1118
f 1118/1118 1155/1155 1156/1156
f 1118/1118 1156/1156 1119/1119
f 1119/1119 1156/1156 1157/1157
f 1119/1119 1157/1157 1120/1120
f 1120/1120 1157/1157 1158/1158
f 1120/1120 1158/1158 1121/1121
f 1121/1121 1158/1158 1159/1159
f 1121/1121 1159/1159 1122/1122
f 1122/1122 1159/1159 1160/1160
f 1122/1122 1160/1160 1123/1123
f 1123/1123 1160/1160 1161/1161
f 1123/1123 1161/1161 1124/1124
f 1124/1124 1161/1161 1162/1162
f 1124/1124 1162/1162 1125/1125
f 1125/1125 1162/1162 1163/1163
f 1125/1125 1163/1163 1126/1126
f 1126/1126 1163/1163 1164/1164
f 1126/1126 1164/1164 1127/1127
f 1127/1127 1164/1164 1165/1165
f 1127/1127 1165/1165 1128/1128
f 1128/1128 1165/1165 1166/1166
f 1128/1128 1166/1166 1129/1129
f 1129/1129 1166/1166 1167/1167
f 1129/1129 1167/1167 1130/1130
f 1130/1130 1167/1167 1168/1168
f 1130/1130 1168/1168 1131/1131
f 1131/1131 1168/1168 1169/1169
f 1131/1131 1169/1169 1132/1132
f 1132/1132 1169/1169 1170/1170
f 1132/1132 1170/1170 1133/1133
f 1133/1133 1170/1170 1171/1171
f 1133/1133 1171/1171 1134/1134
f 1134/1134 1171/1171 1172/1172
f 1134/1134 1172/1172 1135/1135
f 1135/1135 1172/1172 1173/1173
f 1135/1135 1173/1173 1136/1136
f 1136/1136 1173/1173 1174/1174
f 1136/1136 1174/1174 1137/1137
f 1137/1137 1174/1174 1175/1175
f 1137/1137 1175/1175 1138/1138
f 1138/1138 1175/1175 1176/1176
f 1138/1138 1176/1176 1139/1139
f 1139/1139 1176/1176 1177/1177
f 1139/1139 1177/1177 1140/1140
f 1140/1140 1177/1177 1178/1178
f 1140/1140 1178/1178 1141/1141
f 1141/1141 1178/1178 1179/1179
f 1141/1141 1179/1179 1142/1142
f 1142/1142 1179/1179 1180/1180
f 1142/1142 1180/1180 1143/1143
f 1143/1143 1180/1180 1181/1181
f 1143/1143 1181/1181 1144/1144
f 1144/1144 1181/1181 1182/1182
f 1144/1144 1182/1182 1145/1145
f 1145/1145 1182/1182 1183/1183
f 1145/1145 1183/1183 1146/1146
f 1146/1146 1183/1183 1184/1184
f 1146/1146 1184/1184 1147/1147
f 1147/1147 1184/1184 1185/1185
f 1147/1147 1185/1185 1148/1148
f 1148/1148 1185/1185 1186/1186
f 1148/1148 1186/1186 1149/1149
f 1149/1149 1186/1186 1187/1187
f 1149/1149 1187/1187 1150/1150
f 1187/1187 1186/1186 1062/1062
f 1062/1062 1186/1186 1226/1226
f 1062/1062 1226/1226 1261/1261
f 1062/1062 1261/1261 1061/1061
f 1261/1261 1226/1226 1260/1260
f 1261/1261 1260/1260 1290/1290
f 1290/1290 1260/1260 1289/1289
f 1290/1290 1289/1289 1055/1055
f 1055/1055 1289/1289 1054/1054
f 1046/1046 1047/1047 1287/1287
f 1046/1046 1287/1287 1286/1286
f 1286/1286 1287/1287 1252/1252
f 1286/1286 1252/1252 1251/1251
f 1251/1251 1252/1252 1217/1217
f 1251/1251 1217/1217 1216/1216
f 1251/1251 1216/1216 1250/1250
f 1250/1250 1216/1216 1215/1215
f 1250/1250 1215/1215 1249/1249
f 1249/1249 1215/1215 1214/1214
f 1249/1249 1214/1214 1248/1248
f 1248/1248 1214/1214 1213/1213
f 1248/1248 1213/1213 1247/1247
f 1247/1247 1213/1213 1212/1212
f 1247/1247 1212/1212 1246/1246
f 1247/1247 1246/1246 1281/1281
f 1281/1281 1246/1246 1280/1280
f 1280/1280 1246/1246 1245/1245
f 1280/1280 1245/1245 1279/1279
f 1279/1279 1245/1245 1244/1244
f 1279/1279 1244/1244 1278/1278
f 1279/1279 1278/1278 1308/1308
f 1278/1278 1244/1244 1243/1243
f 1278/1278 1243/1243 1277/1277
f 1277/1277 1243/1243 1242/1242
f 1277/1277 1242/1242 1276/1276
f 1276/1276 1242/1242 1241/1241
f 1241/1241 1242/1242 1207/1207
f 1241/1241 1207/1207 1206/1206
f 1241/1241 1206/1206 1240/1240
f 1240/1240 1206/1206 1205/1205
f 1240/1240 1205/1205 1239/1239
f 1239/1239 1205/1205 1204/1204
f 1239/1239 1204/1204 1238/1238
f 1238/1238 1204/1204 1203/1203
f 1238/1238 1203/1203 1237/1237
f 1238/1238 1237/1237 1272/1272
f 1272/1272 1237/1237 1271/1271
f 1271/1271 1237/1237 1236/1236
f 1271/1271 1236/1236 1270/1270
f 1271/1271 1270/1270 1300/1300
f 1270/1270 1236/1236 1235/1235
f 1270/1270 1235/1235 1269/1269
f 1269/1269 1235/1235 1234/1234
f 1269/1269 1234/1234 1268/1268
f 1268/1268 1234/1234 1233/1233
f 1268/1268 1233/1233 1267/1267
f 1268/1268 1267/1267 1297/1297
f 1267/1267 1233/1233 1232/1232
f 1267/1267 1232/1232 1266/1266
f 1266/1266 1232/1232 1231/1231
f 1266/1266 1231/1231 1265/1265
f 1265/1265 1231/1231 1230/1230
f 1230/1230 1231/1231 1196/1196
f 1230/1230 1196/1196 1195/1195
f 1230/1230 1195/1195 1229/1229
f 1229/1229 1195/1195 1194/1194
f 1194/1194 1195/1195 1154/1154
f 1194/1194 1154/1154 1153/1153
f 1154/1154 1195/1195 1155/1155
f 1155/1155 1195/1195 1196/1196
f 1155/1155 1196/1196 1156/1156
f 1156/1156 1196/1196 1197/1197
f 1156/1156 1197/1197 1157/1157
f 1157/1157 1197/1197 1198/1198
f 1157/1157 1198/1198 1158/1158
f 1158/1158 1198/1198 1199/1199
f 1158/1158 1199/1199 1159/1159
f 1159/1159 1199/1199 1200/1200
f 1159/1159 1200/1200 1160/1160
f 1160/1160 1200/1200 1201/1201
f 1160/1160 1201/1201 1161/1161
f 1161/1161 1201/1201 1202/1202
f 1161/1161 1202/1202 1162/1162
f 1162/1162 1202/1202 1203/1203
f 1162/1162 1203/1203 1163/1163
f 1163/1163 1203/1203 1204/1204
f 1163/1163 1204/1204 1164/1164
f 1164/1164 1204/1204 1205/1205
f 1164/1164 1205/1205 1165/1165
f 1165/1165 1205/1205 1206/1206
f 1165/1165 1206/1206 1166/1166
f 1166/1166 1206/1206 1207/1207
f 1166/1166 1207/1207 1167/1167
f 1167/1167 1207/1207 1208/1208
f 1167/1167 1208/1208 1168/1168
f 1168/1168 1208/1208 1209/1209
f 1168/1168 1209/1209 1169/1169
f 1169/1169 1209/1209 1210/1210
f 1169/1169 1210/1210 1170/1170
f 1170/1170 1210/1210 1211/1211
f 1170/1170 1211/1211 1171/1171
f 1171/1171 1211/1211 1212/1212
f 1171/1171 1212/1212 1172/1172
f 1172/1172 1212/1212 1213/1213
f 1172/1172 1213/1213 1173/1173
f 1173/1173 1213/1213 1214/1214
f 1173/1173 1214/1214 1174/1174
f 1174/1174 1214/1214 1215/1215
f 1174/1174 1215/1215 1175/1175
f 1175/1175 1215/1215 1216/1216
f 1175/1175 1216/1216 1176/1176
f 1176/1176 1216/1216 1217/1217
f 1176/1176 1217/1217 1177/1177
f 1177/1177 1217/1217 1218/1218
f 1177/1177 1218/1218 1178/1178
f 1178/1178 1218/1218 1219/1219
f 1178/1178 1219/1219 1179/1179
f 1179/1179 1219/1219 1220/1220
f 1179/1179 1220/1220 1180/1180
f 1180/1180 1220/1220 1221/1221
f 1180/1180 1221/1221 1181/1181
f 1181/1181 1221/1221 1222/1222
f 1181/1181 1222/1222 1182/1182
f 1182/1182 1222/1222 1223/1223
f 1182/1182 1223/1223 1183/1183
f 1183/1183 1223/1223 1224/1224
f 1183/1183 1224/1224 1184/1184
f 1184/1184 1224/1224 1225/1225
f 1184/1184 1225/1225 1185/1185
f 1185/1185 1225/1225 1226/1226
f 1185/1185 1226/1226 1186/1186
f 1226/1226 1225/1225 1260/1260
f 1260/1260 1225/1225 1259/1259
f 1260/1260 1259/1259 1289/1289
f 1289/1289 1259/1259 1258/1258
f 1289/1289 1258/1258 1053/1053
f 1289/1289 1053/1053 1054/1054
f 1047/1047 1048/1048 1288/1288
f 1047/1047 1288/1288 1287/1287
f 1287/1287 1288/1288 1253/1253
f 1287/1287 1253/1253 1252/1252
f 1252/1252 1253/1253 1218/1218
f 1252/1252 1218/1218 1217/1217
f 1218/1218 1253/1253 1219/1219
f 1219/1219 1253/1253 1254/1254
f 1219/1219 1254/1254 1220/1220
f 1220/1220 1254/1254 1255/1255
f 1220/1220 1255/1255 1221/1221
f 1221/1221 1255/1255 1256/1256
f 1221/1221 1256/1256 1222/1222
f 1222/1222 1256/1256 1257/1257
f 1222/1222 1257/1257 1223/1223
f 1223/1223 1257/1257 1258/1258
f 1223/1223 1258/1258 1224/1224
f 1224/1224 1258/1258 1259/1259
f 1224/1224 1259/1259 1225/1225
f 1258/1258 1257/1257 1053/1053
f 1053/1053 1257/1257 1052/1052
f 1048/1048 1049/1049 1288/1288
f 1288/1288 1049/1049 1254/1254
f 1288/1288 1254/1254 1253/1253
f 1254/1254 1049/1049 1050/1050
f 1254/1254 1050/1050 1255/1255
f 1255/1255 1050/1050 1256/1256
f 1256/1256 1050/1050 1051/1051
f 1256/1256 1051/1051 1052/1052
f 1256/1256 1052/1052 1257/1257
f 1212/1212 1211/1211 1246/1246
f 1246/1246 1211/1211 1245/1245
f 1245/1245 1211/1211 1210/1210
f 1245/1245 1210/1210 1244/1244
f 1244/1244 1210/1210 1209/1209
f 1244/1244 1209/1209 1243/1243
f 1243/1243 1209/1209 1208/1208
f 1243/1243 1208/1208 1242/1242
f 1242/1242 1208/1208 1207/1207
f 1203/1203 1202/1202 1237/1237
f 1237/1237 1202/1202 1236/1236
f 1236/1236 1202/1202 1201/1201
f 1236/1236 1201/1201 1235/1235
f 1235/1235 1201/1201 1200/1200
f 1235/1235 1200/1200 1234/1234
f 1234/1234 1200/1200 1199/1199
f 1234/1234 1199/1199 1233/1233
f 1233/1233 1199/1199 1198/1198
f 1233/1233 1198/1198 1232/1232
f 1232/1232 1198/1198 1197/1197
f 1232/1232 1197/1197 1231/1231
f 1231/1231 1197/1197 1196/1196
