# Kloth Garment Template Generator - Exported Simulated OBJ

g front_panel
usemtl Material_front_panel
v 0.05720 1.31970 -0.03040
v 0.12510 1.28430 -0.02390
v 0.13630 1.25600 -0.00970
v 0.14590 1.22640 -0.00010
v 0.15080 1.19760 0.00410
v 0.15700 1.16870 0.00940
v 0.16200 1.13880 0.00120
v 0.16590 1.10790 -0.00930
v 0.16890 1.07600 -0.01920
v 0.16440 0.87100 -0.00510
v 0.18170 0.67890 -0.01570
v 0.17450 0.34300 -0.05130
v 0.00000 0.33300 0.11000
v -0.17450 0.34300 -0.05130
v -0.18550 0.67890 -0.01470
v -0.16440 0.87100 -0.00510
v -0.16890 1.07600 -0.01920
v -0.16590 1.10790 -0.00930
v -0.16200 1.13880 0.00120
v -0.15700 1.16870 0.00940
v -0.15080 1.19760 0.00410
v -0.14710 1.22700 0.00170
v -0.13680 1.25690 -0.00870
v -0.12480 1.28440 -0.02400
v -0.05770 1.31570 -0.02990
v -0.04590 1.28860 -0.00840
v -0.03570 1.26560 0.00430
v -0.02630 1.24770 0.01450
v -0.01760 1.23720 0.02600
v -0.00880 1.23110 0.03330
v 0.00000 1.22900 0.03570
v 0.00880 1.23110 0.03330
v 0.01760 1.23720 0.02600
v 0.02630 1.24790 0.01480
v 0.03550 1.26590 0.00470
v 0.04550 1.28840 -0.00880
v -0.17200 0.36300 -0.03280
v -0.17200 0.39300 -0.03280
v -0.17200 0.42300 -0.03280
v -0.17200 0.45300 -0.03280
v -0.16760 0.36300 -0.01470
v -0.16760 0.39300 -0.01470
v -0.16760 0.42300 -0.01470
v -0.16760 0.45300 -0.01470
v -0.16760 0.48300 -0.01470
v -0.16760 0.51300 -0.01470
v -0.16960 0.54240 -0.01440
v -0.17560 0.57150 -0.01340
v -0.17930 0.60150 -0.01300
v -0.18200 0.63160 -0.01240
v -0.16130 0.36300 0.00290
v -0.16130 0.39300 0.00290
v -0.16130 0.42300 0.00290
v -0.16130 0.45300 0.00290
v -0.16130 0.48300 0.00290
v -0.16130 0.51300 0.00290
v -0.16190 0.54280 0.00340
v -0.16670 0.57210 0.00630
v -0.17020 0.60200 0.00820
v -0.17260 0.63170 0.00960
v -0.17380 0.66220 0.01140
v -0.17420 0.69300 0.01250
v -0.17300 0.72400 0.01330
v -0.17290 0.75420 0.00820
v -0.16810 0.78450 0.00700
v -0.16420 0.81360 0.00460
v -0.16130 0.84300 0.00290
v -0.16130 0.87300 0.00290
v -0.16130 0.90300 0.00290
v -0.16130 0.93300 0.00290
v -0.16130 0.96300 0.00290
v -0.16130 0.99300 0.00290
v -0.16130 1.02300 0.00290
v -0.16130 1.05300 0.00290
v -0.16130 1.08300 0.00290
v -0.16130 1.11300 0.00290
v -0.15320 0.36300 0.01970
v -0.15320 0.39300 0.01970
v -0.15320 0.42300 0.01970
v -0.15320 0.45300 0.01970
v -0.15320 0.48300 0.01970
v -0.15320 0.51300 0.01970
v -0.15320 0.54300 0.01970
v -0.15670 0.57240 0.02200
v -0.16070 0.60220 0.02410
v -0.16200 0.63240 0.02570
v -0.16340 0.66230 0.02660
v -0.16330 0.69300 0.02720
v -0.16110 0.72370 0.02670
v -0.15870 0.75380 0.02480
v -0.15620 0.78340 0.02240
v -0.15320 0.81300 0.01970
v -0.15320 0.84300 0.01970
v -0.15320 0.87300 0.01970
v -0.15320 0.90300 0.01970
v -0.15320 0.93300 0.01970
v -0.15320 0.96300 0.01970
v -0.15320 0.99300 0.01970
v -0.15320 1.02300 0.01970
v -0.15320 1.05300 0.01970
v -0.15320 1.08300 0.01970
v -0.15320 1.11300 0.01970
v -0.15320 1.14300 0.01970
v -0.14330 0.36300 0.03550
v -0.14330 0.39300 0.03550
v -0.14330 0.42300 0.03550
v -0.14330 0.45300 0.03550
v -0.14330 0.48300 0.03550
v -0.14330 0.51300 0.03550
v -0.14330 0.54300 0.03550
v -0.14330 0.57300 0.03550
v -0.14440 0.60280 0.03720
v -0.14600 0.63260 0.03990
v -0.14700 0.66290 0.04160
v -0.14680 0.69340 0.04180
v -0.14550 0.72360 0.03970
v -0.14360 0.75310 0.03620
v -0.14330 0.78300 0.03550
v -0.14330 0.81300 0.03550
v -0.14330 0.84300 0.03550
v -0.14330 0.87300 0.03550
v -0.14330 0.90300 0.03550
v -0.14330 0.93300 0.03550
v -0.14330 0.96300 0.03550
v -0.14330 0.99300 0.03550
v -0.14330 1.02300 0.03550
v -0.14330 1.05300 0.03550
v -0.14330 1.08300 0.03550
v -0.14330 1.11300 0.03550
v -0.14330 1.14300 0.03550
v -0.14330 1.17300 0.02900
v -0.14330 1.20300 0.00960
v -0.13180 0.36300 0.05010
v -0.13180 0.39300 0.05010
v -0.13180 0.42300 0.05010
v -0.13180 0.45300 0.05010
v -0.13180 0.48300 0.05010
v -0.13180 0.51300 0.05010
v -0.13180 0.54300 0.05010
v -0.13180 0.57300 0.05010
v -0.13180 0.60300 0.05010
v -0.13180 0.63300 0.05010
v -0.13210 0.66300 0.05060
v -0.13180 0.69300 0.05020
v -0.13180 0.72300 0.05010
v -0.13180 0.75300 0.05010
v -0.13180 0.78300 0.05010
v -0.13180 0.81300 0.05010
v -0.13180 0.84300 0.05010
v -0.13180 0.87300 0.05010
v -0.13180 0.90300 0.05010
v -0.13180 0.93300 0.05010
v -0.13180 0.96300 0.05010
v -0.13180 0.99300 0.05010
v -0.13180 1.02300 0.05010
v -0.13180 1.05300 0.05010
v -0.13180 1.08300 0.05010
v -0.13180 1.11300 0.05010
v -0.13180 1.14300 0.05010
v -0.13180 1.17300 0.04270
v -0.13180 1.20300 0.02050
v -0.13360 1.23560 0.00370
v -0.11880 0.36300 0.06350
v -0.11880 0.39300 0.06350
v -0.11880 0.42300 0.06350
v -0.11880 0.45300 0.06350
v -0.11880 0.48300 0.06350
v -0.11880 0.51300 0.06350
v -0.11880 0.54300 0.06350
v -0.11880 0.57300 0.06350
v -0.11880 0.60300 0.06350
v -0.11880 0.63300 0.06350
v -0.11880 0.66300 0.06350
v -0.11880 0.69300 0.06350
v -0.11880 0.72300 0.06350
v -0.11880 0.75300 0.06350
v -0.11880 0.78300 0.06350
v -0.11880 0.81300 0.06350
v -0.11880 0.84300 0.06350
v -0.11880 0.87300 0.06350
v -0.11880 0.90300 0.06350
v -0.11880 0.93300 0.06350
v -0.11880 0.96300 0.06350
v -0.11880 0.99300 0.06350
v -0.11880 1.02300 0.06350
v -0.11880 1.05300 0.06350
v -0.11880 1.08300 0.06350
v -0.11880 1.11300 0.06350
v -0.11880 1.14300 0.06350
v -0.11880 1.17300 0.05520
v -0.11880 1.20300 0.03050
v -0.11960 1.23450 0.00860
v -0.12080 1.26820 -0.01130
v -0.10440 0.36300 0.07540
v -0.10440 0.39300 0.07540
v -0.10440 0.42300 0.07540
v -0.10440 0.45300 0.07540
v -0.10440 0.48300 0.07540
v -0.10440 0.51300 0.07540
v -0.10440 0.54300 0.07540
v -0.10440 0.57300 0.07540
v -0.10440 0.60300 0.07540
v -0.10440 0.63300 0.07540
v -0.10440 0.66300 0.07540
v -0.10440 0.69300 0.07540
v -0.10440 0.72300 0.07540
v -0.10440 0.75300 0.07540
v -0.10440 0.78300 0.07540
v -0.10440 0.81300 0.07540
v -0.10440 0.84300 0.07540
v -0.10440 0.87300 0.07540
v -0.10440 0.90300 0.07540
v -0.10440 0.93300 0.07540
v -0.10440 0.96300 0.07540
v -0.10440 0.99300 0.07540
v -0.10440 1.02300 0.07540
v -0.10440 1.05300 0.07540
v -0.10440 1.08300 0.07540
v -0.10440 1.11300 0.07540
v -0.10440 1.14300 0.07540
v -0.10440 1.17300 0.06640
v -0.10440 1.20300 0.03930
v -0.10460 1.23340 0.01290
v -0.10620 1.26790 -0.00760
v -0.08890 0.36300 0.08570
v -0.08890 0.39300 0.08570
v -0.08890 0.42300 0.08570
v -0.08890 0.45300 0.08570
v -0.08890 0.48300 0.08570
v -0.08890 0.51300 0.08570
v -0.08890 0.54300 0.08570
v -0.08890 0.57300 0.08570
v -0.08890 0.60300 0.08570
v -0.08890 0.63300 0.08570
v -0.08890 0.66300 0.08570
v -0.08890 0.69300 0.08570
v -0.08890 0.72300 0.08570
v -0.08890 0.75300 0.08570
v -0.08890 0.78300 0.08570
v -0.08890 0.81300 0.08570
v -0.08890 0.84300 0.08570
v -0.08890 0.87300 0.08570
v -0.08890 0.90300 0.08570
v -0.08890 0.93300 0.08570
v -0.08890 0.96300 0.08570
v -0.08890 0.99300 0.08570
v -0.08890 1.02300 0.08570
v -0.08890 1.05300 0.08570
v -0.08890 1.08300 0.08570
v -0.08890 1.11300 0.08570
v -0.08890 1.14300 0.08570
v -0.08890 1.17300 0.07600
v -0.08890 1.20300 0.04700
v -0.08890 1.23300 0.01790
v -0.09030 1.26760 -0.00410
v -0.07240 0.36300 0.09430
v -0.07240 0.39300 0.09430
v -0.07240 0.42300 0.09430
v -0.07240 0.45300 0.09430
v -0.07240 0.48300 0.09430
v -0.07240 0.51300 0.09430
v -0.07240 0.54300 0.09430
v -0.07240 0.57300 0.09430
v -0.07240 0.60300 0.09430
v -0.07240 0.63300 0.09430
v -0.07240 0.66300 0.09430
v -0.07240 0.69300 0.09430
v -0.07240 0.72300 0.09430
v -0.07240 0.75300 0.09430
v -0.07240 0.78300 0.09430
v -0.07240 0.81300 0.09430
v -0.07240 0.84300 0.09430
v -0.07240 0.87300 0.09430
v -0.07240 0.90300 0.09430
v -0.07240 0.93300 0.09430
v -0.07240 0.96300 0.09430
v -0.07240 0.99300 0.09430
v -0.07240 1.02300 0.09430
v -0.07240 1.05300 0.09430
v -0.07240 1.08300 0.09430
v -0.07240 1.11300 0.09430
v -0.07240 1.14300 0.09430
v -0.07240 1.17300 0.08410
v -0.07240 1.20300 0.05340
v -0.07240 1.23300 0.02260
v -0.07340 1.26710 -0.00120
v -0.05500 0.36300 0.10110
v -0.05500 0.39300 0.10110
v -0.05500 0.42300 0.10110
v -0.05500 0.45300 0.10110
v -0.05500 0.48300 0.10110
v -0.05500 0.51300 0.10110
v -0.05500 0.54300 0.10110
v -0.05500 0.57300 0.10110
v -0.05500 0.60300 0.10110
v -0.05500 0.63300 0.10110
v -0.05500 0.66300 0.10110
v -0.05500 0.69300 0.10110
v -0.05500 0.72300 0.10110
v -0.05500 0.75300 0.10110
v -0.05500 0.78300 0.10110
v -0.05500 0.81300 0.10110
v -0.05500 0.84300 0.10110
v -0.05500 0.87300 0.10110
v -0.05500 0.90300 0.10110
v -0.05500 0.93300 0.10110
v -0.05500 0.96300 0.10110
v -0.05500 0.99300 0.10110
v -0.05500 1.02300 0.10110
v -0.05500 1.05300 0.10110
v -0.05500 1.08300 0.10110
v -0.05500 1.11300 0.10110
v -0.05500 1.14300 0.10110
v -0.05500 1.17300 0.09040
v -0.05500 1.20300 0.05840
v -0.05500 1.23300 0.02640
v -0.05590 1.26680 0.00120
v -0.03700 0.36300 0.10600
v -0.03700 0.39300 0.10600
v -0.03700 0.42300 0.10600
v -0.03700 0.45300 0.10600
v -0.03700 0.48300 0.10600
v -0.03700 0.51300 0.10600
v -0.03700 0.54300 0.10600
v -0.03700 0.57300 0.10600
v -0.03700 0.60300 0.10600
v -0.03700 0.63300 0.10600
v -0.03700 0.66300 0.10600
v -0.03700 0.69300 0.10600
v -0.03700 0.72300 0.10600
v -0.03700 0.75300 0.10600
v -0.03700 0.78300 0.10600
v -0.03700 0.81300 0.10600
v -0.03700 0.84300 0.10600
v -0.03700 0.87300 0.10600
v -0.03700 0.90300 0.10600
v -0.03700 0.93300 0.10600
v -0.03700 0.96300 0.10600
v -0.03700 0.99300 0.10600
v -0.03700 1.02300 0.10600
v -0.03700 1.05300 0.10600
v -0.03700 1.08300 0.10600
v -0.03700 1.11300 0.10600
v -0.03700 1.14300 0.10600
v -0.03700 1.17300 0.09500
v -0.03700 1.20300 0.06210
v -0.03700 1.23300 0.02910
v -0.01860 0.36300 0.10900
v -0.01860 0.39300 0.10900
v -0.01860 0.42300 0.10900
v -0.01860 0.45300 0.10900
v -0.01860 0.48300 0.10900
v -0.01860 0.51300 0.10900
v -0.01860 0.54300 0.10900
v -0.01860 0.57300 0.10900
v -0.01860 0.60300 0.10900
v -0.01860 0.63300 0.10900
v -0.01860 0.66300 0.10900
v -0.01860 0.69300 0.10900
v -0.01860 0.72300 0.10900
v -0.01860 0.75300 0.10900
v -0.01860 0.78300 0.10900
v -0.01860 0.81300 0.10900
v -0.01860 0.84300 0.10900
v -0.01860 0.87300 0.10900
v -0.01860 0.90300 0.10900
v -0.01860 0.93300 0.10900
v -0.01860 0.96300 0.10900
v -0.01860 0.99300 0.10900
v -0.01860 1.02300 0.10900
v -0.01860 1.05300 0.10900
v -0.01860 1.08300 0.10900
v -0.01860 1.11300 0.10900
v -0.01860 1.14300 0.10900
v -0.01860 1.17300 0.09780
v -0.01860 1.20300 0.06430
v 0.00000 0.36300 0.11000
v 0.00000 0.39300 0.11000
v 0.00000 0.42300 0.11000
v 0.00000 0.45300 0.11000
v 0.00000 0.48300 0.11000
v 0.00000 0.51300 0.11000
v 0.00000 0.54300 0.11000
v 0.00000 0.57300 0.11000
v 0.00000 0.60300 0.11000
v 0.00000 0.63300 0.11000
v 0.00000 0.66300 0.11000
v 0.00000 0.69300 0.11000
v 0.00000 0.72300 0.11000
v 0.00000 0.75300 0.11000
v 0.00000 0.78300 0.11000
v 0.00000 0.81300 0.11000
v 0.00000 0.84300 0.11000
v 0.00000 0.87300 0.11000
v 0.00000 0.90300 0.11000
v 0.00000 0.93300 0.11000
v 0.00000 0.96300 0.11000
v 0.00000 0.99300 0.11000
v 0.00000 1.02300 0.11000
v 0.00000 1.05300 0.11000
v 0.00000 1.08300 0.11000
v 0.00000 1.11300 0.11000
v 0.00000 1.14300 0.11000
v 0.00000 1.17300 0.09870
v 0.00000 1.20300 0.06500
v 0.01860 0.36300 0.10900
v 0.01860 0.39300 0.10900
v 0.01860 0.42300 0.10900
v 0.01860 0.45300 0.10900
v 0.01860 0.48300 0.10900
v 0.01860 0.51300 0.10900
v 0.01860 0.54300 0.10900
v 0.01860 0.57300 0.10900
v 0.01860 0.60300 0.10900
v 0.01860 0.63300 0.10900
v 0.01860 0.66300 0.10900
v 0.01860 0.69300 0.10900
v 0.01860 0.72300 0.10900
v 0.01860 0.75300 0.10900
v 0.01860 0.78300 0.10900
v 0.01860 0.81300 0.10900
v 0.01860 0.84300 0.10900
v 0.01860 0.87300 0.10900
v 0.01860 0.90300 0.10900
v 0.01860 0.93300 0.10900
v 0.01860 0.96300 0.10900
v 0.01860 0.99300 0.10900
v 0.01860 1.02300 0.10900
v 0.01860 1.05300 0.10900
v 0.01860 1.08300 0.10900
v 0.01860 1.11300 0.10900
v 0.01860 1.14300 0.10900
v 0.01860 1.17300 0.09780
v 0.01860 1.20300 0.06430
v 0.03700 0.36300 0.10600
v 0.03700 0.39300 0.10600
v 0.03700 0.42300 0.10600
v 0.03700 0.45300 0.10600
v 0.03700 0.48300 0.10600
v 0.03700 0.51300 0.10600
v 0.03700 0.54300 0.10600
v 0.03700 0.57300 0.10600
v 0.03700 0.60300 0.10600
v 0.03700 0.63300 0.10600
v 0.03700 0.66300 0.10600
v 0.03700 0.69300 0.10600
v 0.03700 0.72300 0.10600
v 0.03700 0.75300 0.10600
v 0.03700 0.78300 0.10600
v 0.03700 0.81300 0.10600
v 0.03700 0.84300 0.10600
v 0.03700 0.87300 0.10600
v 0.03700 0.90300 0.10600
v 0.03700 0.93300 0.10600
v 0.03700 0.96300 0.10600
v 0.03700 0.99300 0.10600
v 0.03700 1.02300 0.10600
v 0.03700 1.05300 0.10600
v 0.03700 1.08300 0.10600
v 0.03700 1.11300 0.10600
v 0.03700 1.14300 0.10600
v 0.03700 1.17300 0.09500
v 0.03700 1.20300 0.06210
v 0.03700 1.23300 0.02910
v 0.05500 0.36300 0.10110
v 0.05500 0.39300 0.10110
v 0.05500 0.42300 0.10110
v 0.05500 0.45300 0.10110
v 0.05500 0.48300 0.10110
v 0.05500 0.51300 0.10110
v 0.05500 0.54300 0.10110
v 0.05500 0.57300 0.10110
v 0.05500 0.60300 0.10110
v 0.05500 0.63300 0.10110
v 0.05500 0.66300 0.10110
v 0.05500 0.69300 0.10110
v 0.05500 0.72300 0.10110
v 0.05500 0.75300 0.10110
v 0.05500 0.78300 0.10110
v 0.05500 0.81300 0.10110
v 0.05500 0.84300 0.10110
v 0.05500 0.87300 0.10110
v 0.05500 0.90300 0.10110
v 0.05500 0.93300 0.10110
v 0.05500 0.96300 0.10110
v 0.05500 0.99300 0.10110
v 0.05500 1.02300 0.10110
v 0.05500 1.05300 0.10110
v 0.05500 1.08300 0.10110
v 0.05500 1.11300 0.10110
v 0.05500 1.14300 0.10110
v 0.05500 1.17300 0.09040
v 0.05500 1.20300 0.05840
v 0.05500 1.23300 0.02640
v 0.05580 1.26710 0.00160
v 0.07240 0.36300 0.09430
v 0.07240 0.39300 0.09430
v 0.07240 0.42300 0.09430
v 0.07240 0.45300 0.09430
v 0.07240 0.48300 0.09430
v 0.07240 0.51300 0.09430
v 0.07240 0.54300 0.09430
v 0.07240 0.57300 0.09430
v 0.07240 0.60300 0.09430
v 0.07240 0.63300 0.09430
v 0.07240 0.66300 0.09430
v 0.07240 0.69300 0.09430
v 0.07240 0.72300 0.09430
v 0.07240 0.75300 0.09430
v 0.07240 0.78300 0.09430
v 0.07240 0.81300 0.09430
v 0.07240 0.84300 0.09430
v 0.07240 0.87300 0.09430
v 0.07240 0.90300 0.09430
v 0.07240 0.93300 0.09430
v 0.07240 0.96300 0.09430
v 0.07240 0.99300 0.09430
v 0.07240 1.02300 0.09430
v 0.07240 1.05300 0.09430
v 0.07240 1.08300 0.09430
v 0.07240 1.11300 0.09430
v 0.07240 1.14300 0.09430
v 0.07240 1.17300 0.08410
v 0.07240 1.20300 0.05340
v 0.07240 1.23300 0.02260
v 0.07340 1.26730 -0.00060
v 0.08890 0.36300 0.08570
v 0.08890 0.39300 0.08570
v 0.08890 0.42300 0.08570
v 0.08890 0.45300 0.08570
v 0.08890 0.48300 0.08570
v 0.08890 0.51300 0.08570
v 0.08890 0.54300 0.08570
v 0.08890 0.57300 0.08570
v 0.08890 0.60300 0.08570
v 0.08890 0.63300 0.08570
v 0.08890 0.66300 0.08570
v 0.08890 0.69300 0.08570
v 0.08890 0.72300 0.08570
v 0.08890 0.75300 0.08570
v 0.08890 0.78300 0.08570
v 0.08890 0.81300 0.08570
v 0.08890 0.84300 0.08570
v 0.08890 0.87300 0.08570
v 0.08890 0.90300 0.08570
v 0.08890 0.93300 0.08570
v 0.08890 0.96300 0.08570
v 0.08890 0.99300 0.08570
v 0.08890 1.02300 0.08570
v 0.08890 1.05300 0.08570
v 0.08890 1.08300 0.08570
v 0.08890 1.11300 0.08570
v 0.08890 1.14300 0.08570
v 0.08890 1.17300 0.07600
v 0.08890 1.20300 0.04700
v 0.08890 1.23300 0.01790
v 0.09040 1.26790 -0.00340
v 0.10440 0.36300 0.07540
v 0.10440 0.39300 0.07540
v 0.10440 0.42300 0.07540
v 0.10440 0.45300 0.07540
v 0.10440 0.48300 0.07540
v 0.10440 0.51300 0.07540
v 0.10440 0.54300 0.07540
v 0.10440 0.57300 0.07540
v 0.10440 0.60300 0.07540
v 0.10440 0.63300 0.07540
v 0.10440 0.66300 0.07540
v 0.10440 0.69300 0.07540
v 0.10440 0.72300 0.07540
v 0.10440 0.75300 0.07540
v 0.10440 0.78300 0.07540
v 0.10440 0.81300 0.07540
v 0.10440 0.84300 0.07540
v 0.10440 0.87300 0.07540
v 0.10440 0.90300 0.07540
v 0.10440 0.93300 0.07540
v 0.10440 0.96300 0.07540
v 0.10440 0.99300 0.07540
v 0.10440 1.02300 0.07540
v 0.10440 1.05300 0.07540
v 0.10440 1.08300 0.07540
v 0.10440 1.11300 0.07540
v 0.10440 1.14300 0.07540
v 0.10440 1.17300 0.06640
v 0.10440 1.20300 0.03930
v 0.10460 1.23350 0.01310
v 0.10650 1.26820 -0.00720
v 0.11880 0.36300 0.06350
v 0.11880 0.39300 0.06350
v 0.11880 0.42300 0.06350
v 0.11880 0.45300 0.06350
v 0.11880 0.48300 0.06350
v 0.11880 0.51300 0.06350
v 0.11880 0.54300 0.06350
v 0.11880 0.57300 0.06350
v 0.11880 0.60300 0.06350
v 0.11880 0.63300 0.06350
v 0.11880 0.66300 0.06350
v 0.11880 0.69300 0.06350
v 0.11880 0.72300 0.06350
v 0.11880 0.75300 0.06350
v 0.11880 0.78300 0.06350
v 0.11880 0.81300 0.06350
v 0.11880 0.84300 0.06350
v 0.11880 0.87300 0.06350
v 0.11880 0.90300 0.06350
v 0.11880 0.93300 0.06350
v 0.11880 0.96300 0.06350
v 0.11880 0.99300 0.06350
v 0.11880 1.02300 0.06350
v 0.11880 1.05300 0.06350
v 0.11880 1.08300 0.06350
v 0.11880 1.11300 0.06350
v 0.11880 1.14300 0.06350
v 0.11880 1.17300 0.05520
v 0.11880 1.20300 0.03050
v 0.11970 1.23410 0.00810
v 0.12110 1.26810 -0.01140
v 0.13180 0.36300 0.05010
v 0.13180 0.39300 0.05010
v 0.13180 0.42300 0.05010
v 0.13180 0.45300 0.05010
v 0.13180 0.48300 0.05010
v 0.13180 0.51300 0.05010
v 0.13180 0.54300 0.05010
v 0.13180 0.57300 0.05010
v 0.13180 0.60300 0.05010
v 0.13180 0.63300 0.05010
v 0.13180 0.66300 0.05010
v 0.13180 0.69300 0.05010
v 0.13180 0.72300 0.05010
v 0.13180 0.75300 0.05010
v 0.13180 0.78300 0.05010
v 0.13180 0.81300 0.05010
v 0.13180 0.84300 0.05010
v 0.13180 0.87300 0.05010
v 0.13180 0.90300 0.05010
v 0.13180 0.93300 0.05010
v 0.13180 0.96300 0.05010
v 0.13180 0.99300 0.05010
v 0.13180 1.02300 0.05010
v 0.13180 1.05300 0.05010
v 0.13180 1.08300 0.05010
v 0.13180 1.11300 0.05010
v 0.13180 1.14300 0.05010
v 0.13180 1.17300 0.04270
v 0.13180 1.20300 0.02050
v 0.13360 1.23480 0.00270
v 0.14330 0.36300 0.03550
v 0.14330 0.39300 0.03550
v 0.14330 0.42300 0.03550
v 0.14330 0.45300 0.03550
v 0.14330 0.48300 0.03550
v 0.14330 0.51300 0.03550
v 0.14330 0.54300 0.03550
v 0.14330 0.57300 0.03550
v 0.14330 0.60300 0.03550
v 0.14460 0.63290 0.03760
v 0.14560 0.66290 0.03930
v 0.14550 0.69330 0.03940
v 0.14430 0.72330 0.03750
v 0.14330 0.75300 0.03550
v 0.14330 0.78300 0.03550
v 0.14330 0.81300 0.03550
v 0.14330 0.84300 0.03550
v 0.14330 0.87300 0.03550
v 0.14330 0.90300 0.03550
v 0.14330 0.93300 0.03550
v 0.14330 0.96300 0.03550
v 0.14330 0.99300 0.03550
v 0.14330 1.02300 0.03550
v 0.14330 1.05300 0.03550
v 0.14330 1.08300 0.03550
v 0.14330 1.11300 0.03550
v 0.14330 1.14300 0.03550
v 0.14330 1.17300 0.02900
v 0.14330 1.20300 0.00960
v 0.15320 0.36300 0.01970
v 0.15320 0.39300 0.01970
v 0.15320 0.42300 0.01970
v 0.15320 0.45300 0.01970
v 0.15320 0.48300 0.01970
v 0.15320 0.51300 0.01970
v 0.15320 0.54300 0.01970
v 0.15450 0.57270 0.02060
v 0.15800 0.60250 0.02250
v 0.15920 0.63260 0.02380
v 0.16050 0.66260 0.02460
v 0.16040 0.69300 0.02500
v 0.15870 0.72340 0.02460
v 0.15660 0.75340 0.02290
v 0.15340 0.78310 0.01990
v 0.15320 0.81300 0.01970
v 0.15320 0.84300 0.01970
v 0.15320 0.87300 0.01970
v 0.15320 0.90300 0.01970
v 0.15320 0.93300 0.01970
v 0.15320 0.96300 0.01970
v 0.15320 0.99300 0.01970
v 0.15320 1.02300 0.01970
v 0.15320 1.05300 0.01970
v 0.15320 1.08300 0.01970
v 0.15320 1.11300 0.01970
v 0.15320 1.14300 0.01970
v 0.16130 0.36300 0.00290
v 0.16130 0.39300 0.00290
v 0.16130 0.42300 0.00290
v 0.16130 0.45300 0.00290
v 0.16130 0.48300 0.00290
v 0.16130 0.51300 0.00290
v 0.16130 0.54300 0.00290
v 0.16470 0.57220 0.00510
v 0.16750 0.60210 0.00670
v 0.16950 0.63220 0.00770
v 0.17080 0.66240 0.00940
v 0.17130 0.69300 0.01030
v 0.17060 0.72370 0.01120
v 0.16980 0.75380 0.00680
v 0.16590 0.78400 0.00570
v 0.16190 0.81310 0.00330
v 0.16130 0.84300 0.00290
v 0.16130 0.87300 0.00290
v 0.16130 0.90300 0.00290
v 0.16130 0.93300 0.00290
v 0.16130 0.96300 0.00290
v 0.16130 0.99300 0.00290
v 0.16130 1.02300 0.00290
v 0.16130 1.05300 0.00290
v 0.16130 1.08300 0.00290
v 0.16130 1.11300 0.00290
v 0.16760 0.36300 -0.01470
v 0.16760 0.39300 -0.01470
v 0.16760 0.42300 -0.01470
v 0.16760 0.45300 -0.01470
v 0.16760 0.48300 -0.01470
v 0.16760 0.51300 -0.01470
v 0.16760 0.54300 -0.01470
v 0.17280 0.57210 -0.01390
v 0.17580 0.60210 -0.01360
v 0.17830 0.63200 -0.01300
v 0.17200 0.36300 -0.03280
v 0.17200 0.39300 -0.03280
v 0.17200 0.42300 -0.03280
v 0.17200 0.45300 -0.03280
vt 0.60120 1.00000
vt 0.76190 0.97420
vt 0.79240 0.94760
vt 0.82110 0.92000
vt 0.84800 0.89130
vt 0.87310 0.86150
vt 0.89640 0.83070
vt 0.91780 0.79890
vt 0.93750 0.76600
vt 0.90920 0.55460
vt 0.93750 0.35670
vt 1.00000 0.01030
vt 0.50000 0.00000
vt 0.00000 0.01030
vt 0.06250 0.35670
vt 0.09080 0.55460
vt 0.06250 0.76600
vt 0.08220 0.79890
vt 0.10360 0.83070
vt 0.12690 0.86150
vt 0.15200 0.89130
vt 0.17890 0.92000
vt 0.20760 0.94760
vt 0.23810 0.97420
vt 0.39880 1.00000
vt 0.41570 0.97670
vt 0.43250 0.95760
vt 0.44940 0.94280
vt 0.46630 0.93220
vt 0.48310 0.92580
vt 0.50000 0.92370
vt 0.51690 0.92580
vt 0.53370 0.93220
vt 0.55060 0.94280
vt 0.56750 0.95760
vt 0.58430 0.97670
vt 0.03570 0.03090
vt 0.03570 0.06190
vt 0.03570 0.09280
vt 0.03570 0.12370
vt 0.07140 0.03090
vt 0.07140 0.06190
vt 0.07140 0.09280
vt 0.07140 0.12370
vt 0.07140 0.15460
vt 0.07140 0.18560
vt 0.07140 0.21650
vt 0.07140 0.24740
vt 0.07140 0.27840
vt 0.07140 0.30930
vt 0.10710 0.03090
vt 0.10710 0.06190
vt 0.10710 0.09280
vt 0.10710 0.12370
vt 0.10710 0.15460
vt 0.10710 0.18560
vt 0.10710 0.21650
vt 0.10710 0.24740
vt 0.10710 0.27840
vt 0.10710 0.30930
vt 0.10710 0.34020
vt 0.10710 0.37110
vt 0.10710 0.40210
vt 0.10710 0.43300
vt 0.10710 0.46390
vt 0.10710 0.49480
vt 0.10710 0.52580
vt 0.10710 0.55670
vt 0.10710 0.58760
vt 0.10710 0.61860
vt 0.10710 0.64950
vt 0.10710 0.68040
vt 0.10710 0.71130
vt 0.10710 0.74230
vt 0.10710 0.77320
vt 0.10710 0.80410
vt 0.14290 0.03090
vt 0.14290 0.06190
vt 0.14290 0.09280
vt 0.14290 0.12370
vt 0.14290 0.15460
vt 0.14290 0.18560
vt 0.14290 0.21650
vt 0.14290 0.24740
vt 0.14290 0.27840
vt 0.14290 0.30930
vt 0.14290 0.34020
vt 0.14290 0.37110
vt 0.14290 0.40210
vt 0.14290 0.43300
vt 0.14290 0.46390
vt 0.14290 0.49480
vt 0.14290 0.52580
vt 0.14290 0.55670
vt 0.14290 0.58760
vt 0.14290 0.61860
vt 0.14290 0.64950
vt 0.14290 0.68040
vt 0.14290 0.71130
vt 0.14290 0.74230
vt 0.14290 0.77320
vt 0.14290 0.80410
vt 0.14290 0.83510
vt 0.17860 0.03090
vt 0.17860 0.06190
vt 0.17860 0.09280
vt 0.17860 0.12370
vt 0.17860 0.15460
vt 0.17860 0.18560
vt 0.17860 0.21650
vt 0.17860 0.24740
vt 0.17860 0.27840
vt 0.17860 0.30930
vt 0.17860 0.34020
vt 0.17860 0.37110
vt 0.17860 0.40210
vt 0.17860 0.43300
vt 0.17860 0.46390
vt 0.17860 0.49480
vt 0.17860 0.52580
vt 0.17860 0.55670
vt 0.17860 0.58760
vt 0.17860 0.61860
vt 0.17860 0.64950
vt 0.17860 0.68040
vt 0.17860 0.71130
vt 0.17860 0.74230
vt 0.17860 0.77320
vt 0.17860 0.80410
vt 0.17860 0.83510
vt 0.17860 0.86600
vt 0.17860 0.89690
vt 0.21430 0.03090
vt 0.21430 0.06190
vt 0.21430 0.09280
vt 0.21430 0.12370
vt 0.21430 0.15460
vt 0.21430 0.18560
vt 0.21430 0.21650
vt 0.21430 0.24740
vt 0.21430 0.27840
vt 0.21430 0.30930
vt 0.21430 0.34020
vt 0.21430 0.37110
vt 0.21430 0.40210
vt 0.21430 0.43300
vt 0.21430 0.46390
vt 0.21430 0.49480
vt 0.21430 0.52580
vt 0.21430 0.55670
vt 0.21430 0.58760
vt 0.21430 0.61860
vt 0.21430 0.64950
vt 0.21430 0.68040
vt 0.21430 0.71130
vt 0.21430 0.74230
vt 0.21430 0.77320
vt 0.21430 0.80410
vt 0.21430 0.83510
vt 0.21430 0.86600
vt 0.21430 0.89690
vt 0.21430 0.92780
vt 0.25000 0.03090
vt 0.25000 0.06190
vt 0.25000 0.09280
vt 0.25000 0.12370
vt 0.25000 0.15460
vt 0.25000 0.18560
vt 0.25000 0.21650
vt 0.25000 0.24740
vt 0.25000 0.27840
vt 0.25000 0.30930
vt 0.25000 0.34020
vt 0.25000 0.37110
vt 0.25000 0.40210
vt 0.25000 0.43300
vt 0.25000 0.46390
vt 0.25000 0.49480
vt 0.25000 0.52580
vt 0.25000 0.55670
vt 0.25000 0.58760
vt 0.25000 0.61860
vt 0.25000 0.64950
vt 0.25000 0.68040
vt 0.25000 0.71130
vt 0.25000 0.74230
vt 0.25000 0.77320
vt 0.25000 0.80410
vt 0.25000 0.83510
vt 0.25000 0.86600
vt 0.25000 0.89690
vt 0.25000 0.92780
vt 0.25000 0.95880
vt 0.28570 0.03090
vt 0.28570 0.06190
vt 0.28570 0.09280
vt 0.28570 0.12370
vt 0.28570 0.15460
vt 0.28570 0.18560
vt 0.28570 0.21650
vt 0.28570 0.24740
vt 0.28570 0.27840
vt 0.28570 0.30930
vt 0.28570 0.34020
vt 0.28570 0.37110
vt 0.28570 0.40210
vt 0.28570 0.43300
vt 0.28570 0.46390
vt 0.28570 0.49480
vt 0.28570 0.52580
vt 0.28570 0.55670
vt 0.28570 0.58760
vt 0.28570 0.61860
vt 0.28570 0.64950
vt 0.28570 0.68040
vt 0.28570 0.71130
vt 0.28570 0.74230
vt 0.28570 0.77320
vt 0.28570 0.80410
vt 0.28570 0.83510
vt 0.28570 0.86600
vt 0.28570 0.89690
vt 0.28570 0.92780
vt 0.28570 0.95880
vt 0.32140 0.03090
vt 0.32140 0.06190
vt 0.32140 0.09280
vt 0.32140 0.12370
vt 0.32140 0.15460
vt 0.32140 0.18560
vt 0.32140 0.21650
vt 0.32140 0.24740
vt 0.32140 0.27840
vt 0.32140 0.30930
vt 0.32140 0.34020
vt 0.32140 0.37110
vt 0.32140 0.40210
vt 0.32140 0.43300
vt 0.32140 0.46390
vt 0.32140 0.49480
vt 0.32140 0.52580
vt 0.32140 0.55670
vt 0.32140 0.58760
vt 0.32140 0.61860
vt 0.32140 0.64950
vt 0.32140 0.68040
vt 0.32140 0.71130
vt 0.32140 0.74230
vt 0.32140 0.77320
vt 0.32140 0.80410
vt 0.32140 0.83510
vt 0.32140 0.86600
vt 0.32140 0.89690
vt 0.32140 0.92780
vt 0.32140 0.95880
vt 0.35710 0.03090
vt 0.35710 0.06190
vt 0.35710 0.09280
vt 0.35710 0.12370
vt 0.35710 0.15460
vt 0.35710 0.18560
vt 0.35710 0.21650
vt 0.35710 0.24740
vt 0.35710 0.27840
vt 0.35710 0.30930
vt 0.35710 0.34020
vt 0.35710 0.37110
vt 0.35710 0.40210
vt 0.35710 0.43300
vt 0.35710 0.46390
vt 0.35710 0.49480
vt 0.35710 0.52580
vt 0.35710 0.55670
vt 0.35710 0.58760
vt 0.35710 0.61860
vt 0.35710 0.64950
vt 0.35710 0.68040
vt 0.35710 0.71130
vt 0.35710 0.74230
vt 0.35710 0.77320
vt 0.35710 0.80410
vt 0.35710 0.83510
vt 0.35710 0.86600
vt 0.35710 0.89690
vt 0.35710 0.92780
vt 0.35710 0.95880
vt 0.39290 0.03090
vt 0.39290 0.06190
vt 0.39290 0.09280
vt 0.39290 0.12370
vt 0.39290 0.15460
vt 0.39290 0.18560
vt 0.39290 0.21650
vt 0.39290 0.24740
vt 0.39290 0.27840
vt 0.39290 0.30930
vt 0.39290 0.34020
vt 0.39290 0.37110
vt 0.39290 0.40210
vt 0.39290 0.43300
vt 0.39290 0.46390
vt 0.39290 0.49480
vt 0.39290 0.52580
vt 0.39290 0.55670
vt 0.39290 0.58760
vt 0.39290 0.61860
vt 0.39290 0.64950
vt 0.39290 0.68040
vt 0.39290 0.71130
vt 0.39290 0.74230
vt 0.39290 0.77320
vt 0.39290 0.80410
vt 0.39290 0.83510
vt 0.39290 0.86600
vt 0.39290 0.89690
vt 0.39290 0.92780
vt 0.39290 0.95880
vt 0.42860 0.03090
vt 0.42860 0.06190
vt 0.42860 0.09280
vt 0.42860 0.12370
vt 0.42860 0.15460
vt 0.42860 0.18560
vt 0.42860 0.21650
vt 0.42860 0.24740
vt 0.42860 0.27840
vt 0.42860 0.30930
vt 0.42860 0.34020
vt 0.42860 0.37110
vt 0.42860 0.40210
vt 0.42860 0.43300
vt 0.42860 0.46390
vt 0.42860 0.49480
vt 0.42860 0.52580
vt 0.42860 0.55670
vt 0.42860 0.58760
vt 0.42860 0.61860
vt 0.42860 0.64950
vt 0.42860 0.68040
vt 0.42860 0.71130
vt 0.42860 0.74230
vt 0.42860 0.77320
vt 0.42860 0.80410
vt 0.42860 0.83510
vt 0.42860 0.86600
vt 0.42860 0.89690
vt 0.42860 0.92780
vt 0.46430 0.03090
vt 0.46430 0.06190
vt 0.46430 0.09280
vt 0.46430 0.12370
vt 0.46430 0.15460
vt 0.46430 0.18560
vt 0.46430 0.21650
vt 0.46430 0.24740
vt 0.46430 0.27840
vt 0.46430 0.30930
vt 0.46430 0.34020
vt 0.46430 0.37110
vt 0.46430 0.40210
vt 0.46430 0.43300
vt 0.46430 0.46390
vt 0.46430 0.49480
vt 0.46430 0.52580
vt 0.46430 0.55670
vt 0.46430 0.58760
vt 0.46430 0.61860
vt 0.46430 0.64950
vt 0.46430 0.68040
vt 0.46430 0.71130
vt 0.46430 0.74230
vt 0.46430 0.77320
vt 0.46430 0.80410
vt 0.46430 0.83510
vt 0.46430 0.86600
vt 0.46430 0.89690
vt 0.50000 0.03090
vt 0.50000 0.06190
vt 0.50000 0.09280
vt 0.50000 0.12370
vt 0.50000 0.15460
vt 0.50000 0.18560
vt 0.50000 0.21650
vt 0.50000 0.24740
vt 0.50000 0.27840
vt 0.50000 0.30930
vt 0.50000 0.34020
vt 0.50000 0.37110
vt 0.50000 0.40210
vt 0.50000 0.43300
vt 0.50000 0.46390
vt 0.50000 0.49480
vt 0.50000 0.52580
vt 0.50000 0.55670
vt 0.50000 0.58760
vt 0.50000 0.61860
vt 0.50000 0.64950
vt 0.50000 0.68040
vt 0.50000 0.71130
vt 0.50000 0.74230
vt 0.50000 0.77320
vt 0.50000 0.80410
vt 0.50000 0.83510
vt 0.50000 0.86600
vt 0.50000 0.89690
vt 0.53570 0.03090
vt 0.53570 0.06190
vt 0.53570 0.09280
vt 0.53570 0.12370
vt 0.53570 0.15460
vt 0.53570 0.18560
vt 0.53570 0.21650
vt 0.53570 0.24740
vt 0.53570 0.27840
vt 0.53570 0.30930
vt 0.53570 0.34020
vt 0.53570 0.37110
vt 0.53570 0.40210
vt 0.53570 0.43300
vt 0.53570 0.46390
vt 0.53570 0.49480
vt 0.53570 0.52580
vt 0.53570 0.55670
vt 0.53570 0.58760
vt 0.53570 0.61860
vt 0.53570 0.64950
vt 0.53570 0.68040
vt 0.53570 0.71130
vt 0.53570 0.74230
vt 0.53570 0.77320
vt 0.53570 0.80410
vt 0.53570 0.83510
vt 0.53570 0.86600
vt 0.53570 0.89690
vt 0.57140 0.03090
vt 0.57140 0.06190
vt 0.57140 0.09280
vt 0.57140 0.12370
vt 0.57140 0.15460
vt 0.57140 0.18560
vt 0.57140 0.21650
vt 0.57140 0.24740
vt 0.57140 0.27840
vt 0.57140 0.30930
vt 0.57140 0.34020
vt 0.57140 0.37110
vt 0.57140 0.40210
vt 0.57140 0.43300
vt 0.57140 0.46390
vt 0.57140 0.49480
vt 0.57140 0.52580
vt 0.57140 0.55670
vt 0.57140 0.58760
vt 0.57140 0.61860
vt 0.57140 0.64950
vt 0.57140 0.68040
vt 0.57140 0.71130
vt 0.57140 0.74230
vt 0.57140 0.77320
vt 0.57140 0.80410
vt 0.57140 0.83510
vt 0.57140 0.86600
vt 0.57140 0.89690
vt 0.57140 0.92780
vt 0.60710 0.03090
vt 0.60710 0.06190
vt 0.60710 0.09280
vt 0.60710 0.12370
vt 0.60710 0.15460
vt 0.60710 0.18560
vt 0.60710 0.21650
vt 0.60710 0.24740
vt 0.60710 0.27840
vt 0.60710 0.30930
vt 0.60710 0.34020
vt 0.60710 0.37110
vt 0.60710 0.40210
vt 0.60710 0.43300
vt 0.60710 0.46390
vt 0.60710 0.49480
vt 0.60710 0.52580
vt 0.60710 0.55670
vt 0.60710 0.58760
vt 0.60710 0.61860
vt 0.60710 0.64950
vt 0.60710 0.68040
vt 0.60710 0.71130
vt 0.60710 0.74230
vt 0.60710 0.77320
vt 0.60710 0.80410
vt 0.60710 0.83510
vt 0.60710 0.86600
vt 0.60710 0.89690
vt 0.60710 0.92780
vt 0.60710 0.95880
vt 0.64290 0.03090
vt 0.64290 0.06190
vt 0.64290 0.09280
vt 0.64290 0.12370
vt 0.64290 0.15460
vt 0.64290 0.18560
vt 0.64290 0.21650
vt 0.64290 0.24740
vt 0.64290 0.27840
vt 0.64290 0.30930
vt 0.64290 0.34020
vt 0.64290 0.37110
vt 0.64290 0.40210
vt 0.64290 0.43300
vt 0.64290 0.46390
vt 0.64290 0.49480
vt 0.64290 0.52580
vt 0.64290 0.55670
vt 0.64290 0.58760
vt 0.64290 0.61860
vt 0.64290 0.64950
vt 0.64290 0.68040
vt 0.64290 0.71130
vt 0.64290 0.74230
vt 0.64290 0.77320
vt 0.64290 0.80410
vt 0.64290 0.83510
vt 0.64290 0.86600
vt 0.64290 0.89690
vt 0.64290 0.92780
vt 0.64290 0.95880
vt 0.67860 0.03090
vt 0.67860 0.06190
vt 0.67860 0.09280
vt 0.67860 0.12370
vt 0.67860 0.15460
vt 0.67860 0.18560
vt 0.67860 0.21650
vt 0.67860 0.24740
vt 0.67860 0.27840
vt 0.67860 0.30930
vt 0.67860 0.34020
vt 0.67860 0.37110
vt 0.67860 0.40210
vt 0.67860 0.43300
vt 0.67860 0.46390
vt 0.67860 0.49480
vt 0.67860 0.52580
vt 0.67860 0.55670
vt 0.67860 0.58760
vt 0.67860 0.61860
vt 0.67860 0.64950
vt 0.67860 0.68040
vt 0.67860 0.71130
vt 0.67860 0.74230
vt 0.67860 0.77320
vt 0.67860 0.80410
vt 0.67860 0.83510
vt 0.67860 0.86600
vt 0.67860 0.89690
vt 0.67860 0.92780
vt 0.67860 0.95880
vt 0.71430 0.03090
vt 0.71430 0.06190
vt 0.71430 0.09280
vt 0.71430 0.12370
vt 0.71430 0.15460
vt 0.71430 0.18560
vt 0.71430 0.21650
vt 0.71430 0.24740
vt 0.71430 0.27840
vt 0.71430 0.30930
vt 0.71430 0.34020
vt 0.71430 0.37110
vt 0.71430 0.40210
vt 0.71430 0.43300
vt 0.71430 0.46390
vt 0.71430 0.49480
vt 0.71430 0.52580
vt 0.71430 0.55670
vt 0.71430 0.58760
vt 0.71430 0.61860
vt 0.71430 0.64950
vt 0.71430 0.68040
vt 0.71430 0.71130
vt 0.71430 0.74230
vt 0.71430 0.77320
vt 0.71430 0.80410
vt 0.71430 0.83510
vt 0.71430 0.86600
vt 0.71430 0.89690
vt 0.71430 0.92780
vt 0.71430 0.95880
vt 0.75000 0.03090
vt 0.75000 0.06190
vt 0.75000 0.09280
vt 0.75000 0.12370
vt 0.75000 0.15460
vt 0.75000 0.18560
vt 0.75000 0.21650
vt 0.75000 0.24740
vt 0.75000 0.27840
vt 0.75000 0.30930
vt 0.75000 0.34020
vt 0.75000 0.37110
vt 0.75000 0.40210
vt 0.75000 0.43300
vt 0.75000 0.46390
vt 0.75000 0.49480
vt 0.75000 0.52580
vt 0.75000 0.55670
vt 0.75000 0.58760
vt 0.75000 0.61860
vt 0.75000 0.64950
vt 0.75000 0.68040
vt 0.75000 0.71130
vt 0.75000 0.74230
vt 0.75000 0.77320
vt 0.75000 0.80410
vt 0.75000 0.83510
vt 0.75000 0.86600
vt 0.75000 0.89690
vt 0.75000 0.92780
vt 0.75000 0.95880
vt 0.78570 0.03090
vt 0.78570 0.06190
vt 0.78570 0.09280
vt 0.78570 0.12370
vt 0.78570 0.15460
vt 0.78570 0.18560
vt 0.78570 0.21650
vt 0.78570 0.24740
vt 0.78570 0.27840
vt 0.78570 0.30930
vt 0.78570 0.34020
vt 0.78570 0.37110
vt 0.78570 0.40210
vt 0.78570 0.43300
vt 0.78570 0.46390
vt 0.78570 0.49480
vt 0.78570 0.52580
vt 0.78570 0.55670
vt 0.78570 0.58760
vt 0.78570 0.61860
vt 0.78570 0.64950
vt 0.78570 0.68040
vt 0.78570 0.71130
vt 0.78570 0.74230
vt 0.78570 0.77320
vt 0.78570 0.80410
vt 0.78570 0.83510
vt 0.78570 0.86600
vt 0.78570 0.89690
vt 0.78570 0.92780
vt 0.82140 0.03090
vt 0.82140 0.06190
vt 0.82140 0.09280
vt 0.82140 0.12370
vt 0.82140 0.15460
vt 0.82140 0.18560
vt 0.82140 0.21650
vt 0.82140 0.24740
vt 0.82140 0.27840
vt 0.82140 0.30930
vt 0.82140 0.34020
vt 0.82140 0.37110
vt 0.82140 0.40210
vt 0.82140 0.43300
vt 0.82140 0.46390
vt 0.82140 0.49480
vt 0.82140 0.52580
vt 0.82140 0.55670
vt 0.82140 0.58760
vt 0.82140 0.61860
vt 0.82140 0.64950
vt 0.82140 0.68040
vt 0.82140 0.71130
vt 0.82140 0.74230
vt 0.82140 0.77320
vt 0.82140 0.80410
vt 0.82140 0.83510
vt 0.82140 0.86600
vt 0.82140 0.89690
vt 0.85710 0.03090
vt 0.85710 0.06190
vt 0.85710 0.09280
vt 0.85710 0.12370
vt 0.85710 0.15460
vt 0.85710 0.18560
vt 0.85710 0.21650
vt 0.85710 0.24740
vt 0.85710 0.27840
vt 0.85710 0.30930
vt 0.85710 0.34020
vt 0.85710 0.37110
vt 0.85710 0.40210
vt 0.85710 0.43300
vt 0.85710 0.46390
vt 0.85710 0.49480
vt 0.85710 0.52580
vt 0.85710 0.55670
vt 0.85710 0.58760
vt 0.85710 0.61860
vt 0.85710 0.64950
vt 0.85710 0.68040
vt 0.85710 0.71130
vt 0.85710 0.74230
vt 0.85710 0.77320
vt 0.85710 0.80410
vt 0.85710 0.83510
vt 0.89290 0.03090
vt 0.89290 0.06190
vt 0.89290 0.09280
vt 0.89290 0.12370
vt 0.89290 0.15460
vt 0.89290 0.18560
vt 0.89290 0.21650
vt 0.89290 0.24740
vt 0.89290 0.27840
vt 0.89290 0.30930
vt 0.89290 0.34020
vt 0.89290 0.37110
vt 0.89290 0.40210
vt 0.89290 0.43300
vt 0.89290 0.46390
vt 0.89290 0.49480
vt 0.89290 0.52580
vt 0.89290 0.55670
vt 0.89290 0.58760
vt 0.89290 0.61860
vt 0.89290 0.64950
vt 0.89290 0.68040
vt 0.89290 0.71130
vt 0.89290 0.74230
vt 0.89290 0.77320
vt 0.89290 0.80410
vt 0.92860 0.03090
vt 0.92860 0.06190
vt 0.92860 0.09280
vt 0.92860 0.12370
vt 0.92860 0.15460
vt 0.92860 0.18560
vt 0.92860 0.21650
vt 0.92860 0.24740
vt 0.92860 0.27840
vt 0.92860 0.30930
vt 0.96430 0.03090
vt 0.96430 0.06190
vt 0.96430 0.09280
vt 0.96430 0.12370
f 23/23 22/22 162/162
f 23/23 162/162 192/192
f 23/23 192/192 193/193
f 23/23 193/193 24/24
f 24/24 193/193 224/224
f 24/24 224/224 25/25
f 25/25 224/224 255/255
f 25/25 255/255 286/286
f 25/25 286/286 317/317
f 25/25 317/317 26/26
f 1/1 36/36 495/495
f 1/1 495/495 526/526
f 1/1 526/526 557/557
f 1/1 557/557 588/588
f 1/1 588/588 2/2
f 2/2 588/588 619/619
f 2/2 619/619 3/3
f 3/3 619/619 618/618
f 3/3 618/618 649/649
f 3/3 649/649 4/4
f 4/4 649/649 648/648
f 4/4 648/648 678/678
f 4/4 678/678 5/5
f 5/5 678/678 677/677
f 5/5 677/677 6/6
f 6/6 677/677 705/705
f 6/6 705/705 7/7
f 7/7 705/705 704/704
f 7/7 704/704 731/731
f 7/7 731/731 8/8
f 8/8 731/731 730/730
f 8/8 730/730 9/9
f 9/9 730/730 729/729
f 9/9 729/729 728/728
f 9/9 728/728 727/727
f 9/9 727/727 726/726
f 9/9 726/726 10/10
f 12/12 11/11 745/745
f 12/12 745/745 744/744
f 12/12 744/744 743/743
f 12/12 743/743 742/742
f 12/12 742/742 732/732
f 12/12 732/732 706/706
f 12/12 706/706 679/679
f 12/12 679/679 650/650
f 12/12 650/650 620/620
f 12/12 620/620 13/13
f 13/13 620/620 589/589
f 13/13 589/589 558/558
f 13/13 558/558 527/527
f 13/13 527/527 496/496
f 13/13 496/496 465/465
f 13/13 465/465 435/435
f 13/13 435/435 406/406
f 13/13 406/406 377/377
f 13/13 377/377 348/348
f 13/13 348/348 318/318
f 13/13 318/318 287/287
f 13/13 287/287 256/256
f 13/13 256/256 225/225
f 13/13 225/225 194/194
f 13/13 194/194 163/163
f 13/13 163/163 133/133
f 13/13 133/133 14/14
f 14/14 133/133 104/104
f 14/14 104/104 77/77
f 14/14 77/77 51/51
f 14/14 51/51 41/41
f 14/14 41/41 37/37
f 14/14 37/37 38/38
f 14/14 38/38 39/39
f 14/14 39/39 40/40
f 14/14 40/40 15/15
f 17/17 16/16 71/71
f 17/17 71/71 72/72
f 17/17 72/72 73/73
f 17/17 73/73 74/74
f 17/17 74/74 75/75
f 17/17 75/75 18/18
f 18/18 75/75 76/76
f 18/18 76/76 19/19
f 19/19 76/76 102/102
f 19/19 102/102 103/103
f 19/19 103/103 20/20
f 20/20 103/103 131/131
f 20/20 131/131 21/21
f 21/21 131/131 132/132
f 21/21 132/132 22/22
f 22/22 132/132 161/161
f 22/22 161/161 162/162
f 162/162 161/161 191/191
f 162/162 191/191 192/192
f 192/192 191/191 222/222
f 192/192 222/222 223/223
f 192/192 223/223 193/193
f 193/193 223/223 224/224
f 224/224 223/223 254/254
f 224/224 254/254 255/255
f 255/255 254/254 285/285
f 255/255 285/285 286/286
f 286/286 285/285 316/316
f 286/286 316/316 317/317
f 317/317 316/316 347/347
f 317/317 347/347 27/27
f 317/317 27/27 26/26
f 36/36 35/35 495/495
f 495/495 35/35 464/464
f 495/495 464/464 494/494
f 495/495 494/494 525/525
f 495/495 525/525 526/526
f 526/526 525/525 556/556
f 526/526 556/556 557/557
f 557/557 556/556 587/587
f 557/557 587/587 588/588
f 588/588 587/587 618/618
f 588/588 618/618 619/619
f 618/618 587/587 617/617
f 618/618 617/617 648/648
f 618/618 648/648 649/649
f 648/648 617/617 647/647
f 648/648 647/647 677/677
f 648/648 677/677 678/678
f 677/677 647/647 676/676
f 677/677 676/676 705/705
f 705/705 676/676 704/704
f 704/704 676/676 675/675
f 704/704 675/675 703/703
f 704/704 703/703 730/730
f 704/704 730/730 731/731
f 730/730 703/703 729/729
f 729/729 703/703 702/702
f 729/729 702/702 728/728
f 728/728 702/702 701/701
f 728/728 701/701 727/727
f 727/727 701/701 700/700
f 727/727 700/700 726/726
f 726/726 700/700 699/699
f 726/726 699/699 725/725
f 726/726 725/725 10/10
f 10/10 725/725 724/724
f 10/10 724/724 723/723
f 10/10 723/723 722/722
f 10/10 722/722 721/721
f 10/10 721/721 720/720
f 10/10 720/720 11/11
f 11/11 720/720 719/719
f 11/11 719/719 718/718
f 11/11 718/718 717/717
f 11/11 717/717 716/716
f 11/11 716/716 741/741
f 11/11 741/741 740/740
f 11/11 740/740 745/745
f 745/745 740/740 739/739
f 745/745 739/739 738/738
f 745/745 738/738 737/737
f 745/745 737/737 736/736
f 745/745 736/736 735/735
f 745/745 735/735 744/744
f 744/744 735/735 734/734
f 744/744 734/734 743/743
f 743/743 734/734 733/733
f 743/743 733/733 742/742
f 742/742 733/733 732/732
f 732/732 733/733 707/707
f 732/732 707/707 706/706
f 706/706 707/707 680/680
f 706/706 680/680 679/679
f 679/679 680/680 651/651
f 679/679 651/651 650/650
f 650/650 651/651 621/621
f 650/650 621/621 620/620
f 620/620 621/621 590/590
f 620/620 590/590 589/589
f 589/589 590/590 559/559
f 589/589 559/559 558/558
f 558/558 559/559 528/528
f 558/558 528/528 527/527
f 527/527 528/528 497/497
f 527/527 497/497 496/496
f 496/496 497/497 466/466
f 496/496 466/466 465/465
f 465/465 466/466 436/436
f 465/465 436/436 435/435
f 435/435 436/436 407/407
f 435/435 407/407 406/406
f 406/406 407/407 378/378
f 406/406 378/378 377/377
f 377/377 378/378 349/349
f 377/377 349/349 348/348
f 348/348 349/349 319/319
f 348/348 319/319 318/318
f 318/318 319/319 288/288
f 318/318 288/288 287/287
f 287/287 288/288 257/257
f 287/287 257/257 256/256
f 256/256 257/257 226/226
f 256/256 226/226 225/225
f 225/225 226/226 195/195
f 225/225 195/195 194/194
f 194/194 195/195 164/164
f 194/194 164/164 163/163
f 163/163 164/164 134/134
f 163/163 134/134 133/133
f 133/133 134/134 105/105
f 133/133 105/105 104/104
f 104/104 105/105 78/78
f 104/104 78/78 77/77
f 77/77 78/78 52/52
f 77/77 52/52 51/51
f 51/51 52/52 42/42
f 51/51 42/42 41/41
f 41/41 42/42 38/38
f 41/41 38/38 37/37
f 38/38 42/42 39/39
f 39/39 42/42 43/43
f 39/39 43/43 40/40
f 40/40 43/43 44/44
f 40/40 44/44 45/45
f 40/40 45/45 46/46
f 40/40 46/46 47/47
f 40/40 47/47 48/48
f 40/40 48/48 49/49
f 40/40 49/49 15/15
f 15/15 49/49 50/50
f 15/15 50/50 61/61
f 15/15 61/61 62/62
f 15/15 62/62 63/63
f 15/15 63/63 64/64
f 15/15 64/64 65/65
f 15/15 65/65 16/16
f 16/16 65/65 66/66
f 16/16 66/66 67/67
f 16/16 67/67 68/68
f 16/16 68/68 69/69
f 16/16 69/69 70/70
f 16/16 70/70 71/71
f 71/71 70/70 96/96
f 71/71 96/96 97/97
f 71/71 97/97 72/72
f 72/72 97/97 98/98
f 72/72 98/98 73/73
f 73/73 98/98 99/99
f 73/73 99/99 74/74
f 74/74 99/99 100/100
f 74/74 100/100 75/75
f 75/75 100/100 101/101
f 75/75 101/101 76/76
f 76/76 101/101 102/102
f 102/102 101/101 128/128
f 102/102 128/128 129/129
f 102/102 129/129 103/103
f 103/103 129/129 130/130
f 103/103 130/130 131/131
f 131/131 130/130 159/159
f 131/131 159/159 160/160
f 131/131 160/160 132/132
f 132/132 160/160 161/161
f 161/161 160/160 190/190
f 161/161 190/190 191/191
f 191/191 190/190 221/221
f 191/191 221/221 222/222
f 222/222 221/221 252/252
f 222/222 252/252 253/253
f 222/222 253/253 223/223
f 223/223 253/253 254/254
f 254/254 253/253 284/284
f 254/254 284/284 285/285
f 285/285 284/284 315/315
f 285/285 315/315 316/316
f 316/316 315/315 346/346
f 316/316 346/346 347/347
f 347/347 346/346 376/376
f 347/347 376/376 29/29
f 347/347 29/29 28/28
f 347/347 28/28 27/27
f 35/35 34/34 464/464
f 464/464 34/34 33/33
f 464/464 33/33 434/434
f 464/464 434/434 463/463
f 464/464 463/463 493/493
f 464/464 493/493 494/494
f 494/494 493/493 524/524
f 494/494 524/524 525/525
f 525/525 524/524 555/555
f 525/525 555/555 556/556
f 556/556 555/555 586/586
f 556/556 586/586 587/587
f 587/587 586/586 617/617
f 617/617 586/586 616/616
f 617/617 616/616 647/647
f 647/647 616/616 646/646
f 647/647 646/646 676/676
f 676/676 646/646 675/675
f 675/675 646/646 645/645
f 675/675 645/645 674/674
f 675/675 674/674 703/703
f 703/703 674/674 702/702
f 702/702 674/674 673/673
f 702/702 673/673 701/701
f 701/701 673/673 672/672
f 701/701 672/672 700/700
f 700/700 672/672 671/671
f 700/700 671/671 699/699
f 699/699 671/671 670/670
f 699/699 670/670 698/698
f 699/699 698/698 725/725
f 725/725 698/698 724/724
f 724/724 698/698 697/697
f 724/724 697/697 723/723
f 723/723 697/697 696/696
f 723/723 696/696 722/722
f 722/722 696/696 695/695
f 722/722 695/695 721/721
f 721/721 695/695 694/694
f 721/721 694/694 720/720
f 720/720 694/694 693/693
f 720/720 693/693 719/719
f 719/719 693/693 692/692
f 719/719 692/692 718/718
f 718/718 692/692 691/691
f 718/718 691/691 717/717
f 717/717 691/691 690/690
f 717/717 690/690 716/716
f 716/716 690/690 689/689
f 716/716 689/689 715/715
f 716/716 715/715 741/741
f 741/741 715/715 740/740
f 740/740 715/715 714/714
f 740/740 714/714 739/739
f 739/739 714/714 713/713
f 739/739 713/713 738/738
f 738/738 713/713 712/712
f 738/738 712/712 737/737
f 737/737 712/712 711/711
f 737/737 711/711 736/736
f 736/736 711/711 710/710
f 736/736 710/710 735/735
f 735/735 710/710 709/709
f 735/735 709/709 734/734
f 734/734 709/709 708/708
f 734/734 708/708 733/733
f 733/733 708/708 707/707
f 707/707 708/708 681/681
f 707/707 681/681 680/680
f 680/680 681/681 652/652
f 680/680 652/652 651/651
f 651/651 652/652 622/622
f 651/651 622/622 621/621
f 621/621 622/622 591/591
f 621/621 591/591 590/590
f 590/590 591/591 560/560
f 590/590 560/560 559/559
f 559/559 560/560 529/529
f 559/559 529/529 528/528
f 528/528 529/529 498/498
f 528/528 498/498 497/497
f 497/497 498/498 467/467
f 497/497 467/467 466/466
f 466/466 467/467 437/437
f 466/466 437/437 436/436
f 436/436 437/437 408/408
f 436/436 408/408 407/407
f 407/407 408/408 379/379
f 407/407 379/379 378/378
f 378/378 379/379 350/350
f 378/378 350/350 349/349
f 349/349 350/350 320/320
f 349/349 320/320 319/319
f 319/319 320/320 289/289
f 319/319 289/289 288/288
f 288/288 289/289 258/258
f 288/288 258/258 257/257
f 257/257 258/258 227/227
f 257/257 227/227 226/226
f 226/226 227/227 196/196
f 226/226 196/196 195/195
f 195/195 196/196 165/165
f 195/195 165/165 164/164
f 164/164 165/165 135/135
f 164/164 135/135 134/134
f 134/134 135/135 106/106
f 134/134 106/106 105/105
f 105/105 106/106 79/79
f 105/105 79/79 78/78
f 78/78 79/79 53/53
f 78/78 53/53 52/52
f 52/52 53/53 43/43
f 52/52 43/43 42/42
f 43/43 53/53 44/44
f 44/44 53/53 54/54
f 44/44 54/54 45/45
f 45/45 54/54 55/55
f 45/45 55/55 46/46
f 46/46 55/55 56/56
f 46/46 56/56 47/47
f 47/47 56/56 57/57
f 47/47 57/57 48/48
f 48/48 57/57 58/58
f 48/48 58/58 49/49
f 49/49 58/58 59/59
f 49/49 59/59 50/50
f 50/50 59/59 60/60
f 50/50 60/60 61/61
f 61/61 60/60 86/86
f 61/61 86/86 87/87
f 61/61 87/87 62/62
f 62/62 87/87 88/88
f 62/62 88/88 63/63
f 63/63 88/88 89/89
f 63/63 89/89 64/64
f 64/64 89/89 90/90
f 64/64 90/90 65/65
f 65/65 90/90 91/91
f 65/65 91/91 66/66
f 66/66 91/91 92/92
f 66/66 92/92 67/67
f 67/67 92/92 93/93
f 67/67 93/93 68/68
f 68/68 93/93 94/94
f 68/68 94/94 69/69
f 69/69 94/94 95/95
f 69/69 95/95 70/70
f 70/70 95/95 96/96
f 96/96 95/95 122/122
f 96/96 122/122 123/123
f 96/96 123/123 97/97
f 97/97 123/123 124/124
f 97/97 124/124 98/98
f 98/98 124/124 125/125
f 98/98 125/125 99/99
f 99/99 125/125 126/126
f 99/99 126/126 100/100
f 100/100 126/126 127/127
f 100/100 127/127 101/101
f 101/101 127/127 128/128
f 128/128 127/127 156/156
f 128/128 156/156 157/157
f 128/128 157/157 129/129
f 129/129 157/157 158/158
f 129/129 158/158 130/130
f 130/130 158/158 159/159
f 159/159 158/158 188/188
f 159/159 188/188 189/189
f 159/159 189/189 160/160
f 160/160 189/189 190/190
f 190/190 189/189 220/220
f 190/190 220/220 221/221
f 221/221 220/220 251/251
f 221/221 251/251 252/252
f 252/252 251/251 282/282
f 252/252 282/282 283/283
f 252/252 283/283 253/253
f 253/253 283/283 284/284
f 284/284 283/283 314/314
f 284/284 314/314 315/315
f 315/315 314/314 345/345
f 315/315 345/345 346/346
f 346/346 345/345 375/375
f 346/346 375/375 376/376
f 376/376 375/375 404/404
f 376/376 404/404 405/405
f 376/376 405/405 30/30
f 376/376 30/30 29/29
f 33/33 32/32 434/434
f 434/434 32/32 405/405
f 434/434 405/405 433/433
f 434/434 433/433 462/462
f 434/434 462/462 463/463
f 463/463 462/462 492/492
f 463/463 492/492 493/493
f 493/493 492/492 523/523
f 493/493 523/523 524/524
f 524/524 523/523 554/554
f 524/524 554/554 555/555
f 555/555 554/554 585/585
f 555/555 585/585 586/586
f 586/586 585/585 616/616
f 616/616 585/585 615/615
f 616/616 615/615 646/646
f 646/646 615/615 645/645
f 645/645 615/615 614/614
f 645/645 614/614 644/644
f 645/645 644/644 674/674
f 674/674 644/644 673/673
f 673/673 644/644 643/643
f 673/673 643/643 672/672
f 672/672 643/643 642/642
f 672/672 642/642 671/671
f 671/671 642/642 641/641
f 671/671 641/641 670/670
f 670/670 641/641 640/640
f 670/670 640/640 669/669
f 670/670 669/669 698/698
f 698/698 669/669 697/697
f 697/697 669/669 668/668
f 697/697 668/668 696/696
f 696/696 668/668 667/667
f 696/696 667/667 695/695
f 695/695 667/667 666/666
f 695/695 666/666 694/694
f 694/694 666/666 665/665
f 694/694 665/665 693/693
f 693/693 665/665 664/664
f 693/693 664/664 692/692
f 692/692 664/664 663/663
f 692/692 663/663 691/691
f 691/691 663/663 662/662
f 691/691 662/662 690/690
f 690/690 662/662 661/661
f 690/690 661/661 689/689
f 689/689 661/661 660/660
f 689/689 660/660 688/688
f 689/689 688/688 715/715
f 715/715 688/688 714/714
f 714/714 688/688 687/687
f 714/714 687/687 713/713
f 713/713 687/687 686/686
f 713/713 686/686 712/712
f 712/712 686/686 685/685
f 712/712 685/685 711/711
f 711/711 685/685 684/684
f 711/711 684/684 710/710
f 710/710 684/684 683/683
f 710/710 683/683 709/709
f 709/709 683/683 682/682
f 709/709 682/682 708/708
f 708/708 682/682 681/681
f 681/681 682/682 653/653
f 681/681 653/653 652/652
f 652/652 653/653 623/623
f 652/652 623/623 622/622
f 622/622 623/623 592/592
f 622/622 592/592 591/591
f 591/591 592/592 561/561
f 591/591 561/561 560/560
f 560/560 561/561 530/530
f 560/560 530/530 529/529
f 529/529 530/530 499/499
f 529/529 499/499 498/498
f 498/498 499/499 468/468
f 498/498 468/468 467/467
f 467/467 468/468 438/438
f 467/467 438/438 437/437
f 437/437 438/438 409/409
f 437/437 409/409 408/408
f 408/408 409/409 380/380
f 408/408 380/380 379/379
f 379/379 380/380 351/351
f 379/379 351/351 350/350
f 350/350 351/351 321/321
f 350/350 321/321 320/320
f 320/320 321/321 290/290
f 320/320 290/290 289/289
f 289/289 290/290 259/259
f 289/289 259/259 258/258
f 258/258 259/259 228/228
f 258/258 228/228 227/227
f 227/227 228/228 197/197
f 227/227 197/197 196/196
f 196/196 197/197 166/166
f 196/196 166/166 165/165
f 165/165 166/166 136/136
f 165/165 136/136 135/135
f 135/135 136/136 107/107
f 135/135 107/107 106/106
f 106/106 107/107 80/80
f 106/106 80/80 79/79
f 79/79 80/80 54/54
f 79/79 54/54 53/53
f 54/54 80/80 55/55
f 55/55 80/80 81/81
f 55/55 81/81 56/56
f 56/56 81/81 82/82
f 56/56 82/82 57/57
f 57/57 82/82 83/83
f 57/57 83/83 58/58
f 58/58 83/83 84/84
f 58/58 84/84 59/59
f 59/59 84/84 85/85
f 59/59 85/85 60/60
f 60/60 85/85 86/86
f 86/86 85/85 112/112
f 86/86 112/112 113/113
f 86/86 113/113 87/87
f 87/87 113/113 114/114
f 87/87 114/114 88/88
f 88/88 114/114 115/115
f 88/88 115/115 89/89
f 89/89 115/115 116/116
f 89/89 116/116 90/90
f 90/90 116/116 117/117
f 90/90 117/117 91/91
f 91/91 117/117 118/118
f 91/91 118/118 92/92
f 92/92 118/118 119/119
f 92/92 119/119 93/93
f 93/93 119/119 120/120
f 93/93 120/120 94/94
f 94/94 120/120 121/121
f 94/94 121/121 95/95
f 95/95 121/121 122/122
f 122/122 121/121 150/150
f 122/122 150/150 151/151
f 122/122 151/151 123/123
f 123/123 151/151 152/152
f 123/123 152/152 124/124
f 124/124 152/152 153/153
f 124/124 153/153 125/125
f 125/125 153/153 154/154
f 125/125 154/154 126/126
f 126/126 154/154 155/155
f 126/126 155/155 127/127
f 127/127 155/155 156/156
f 156/156 155/155 185/185
f 156/156 185/185 186/186
f 156/156 186/186 157/157
f 157/157 186/186 187/187
f 157/157 187/187 158/158
f 158/158 187/187 188/188
f 188/188 187/187 218/218
f 188/188 218/218 219/219
f 188/188 219/219 189/189
f 189/189 219/219 220/220
f 220/220 219/219 250/250
f 220/220 250/250 251/251
f 251/251 250/250 281/281
f 251/251 281/281 282/282
f 282/282 281/281 312/312
f 282/282 312/312 313/313
f 282/282 313/313 283/283
f 283/283 313/313 314/314
f 314/314 313/313 344/344
f 314/314 344/344 345/345
f 345/345 344/344 374/374
f 345/345 374/374 375/375
f 375/375 374/374 403/403
f 375/375 403/403 404/404
f 404/404 403/403 432/432
f 404/404 432/432 433/433
f 404/404 433/433 405/405
f 433/433 432/432 461/461
f 433/433 461/461 462/462
f 462/462 461/461 491/491
f 462/462 491/491 492/492
f 492/492 491/491 522/522
f 492/492 522/522 523/523
f 523/523 522/522 553/553
f 523/523 553/553 554/554
f 554/554 553/553 584/584
f 554/554 584/584 585/585
f 585/585 584/584 615/615
f 615/615 584/584 614/614
f 614/614 584/584 583/583
f 614/614 583/583 613/613
f 614/614 613/613 644/644
f 644/644 613/613 643/643
f 643/643 613/613 612/612
f 643/643 612/612 642/642
f 642/642 612/612 611/611
f 642/642 611/611 641/641
f 641/641 611/611 610/610
f 641/641 610/610 640/640
f 640/640 610/610 609/609
f 640/640 609/609 639/639
f 640/640 639/639 669/669
f 669/669 639/639 668/668
f 668/668 639/639 638/638
f 668/668 638/638 667/667
f 667/667 638/638 637/637
f 667/667 637/637 666/666
f 666/666 637/637 636/636
f 666/666 636/636 665/665
f 665/665 636/636 635/635
f 665/665 635/635 664/664
f 664/664 635/635 634/634
f 664/664 634/634 663/663
f 663/663 634/634 633/633
f 663/663 633/633 662/662
f 662/662 633/633 632/632
f 662/662 632/632 661/661
f 661/661 632/632 631/631
f 661/661 631/631 660/660
f 660/660 631/631 630/630
f 660/660 630/630 659/659
f 660/660 659/659 688/688
f 688/688 659/659 687/687
f 687/687 659/659 658/658
f 687/687 658/658 686/686
f 686/686 658/658 657/657
f 686/686 657/657 685/685
f 685/685 657/657 656/656
f 685/685 656/656 684/684
f 684/684 656/656 655/655
f 684/684 655/655 683/683
f 683/683 655/655 654/654
f 683/683 654/654 682/682
f 682/682 654/654 653/653
f 653/653 654/654 624/624
f 653/653 624/624 623/623
f 623/623 624/624 593/593
f 623/623 593/593 592/592
f 592/592 593/593 562/562
f 592/592 562/562 561/561
f 561/561 562/562 531/531
f 561/561 531/531 530/530
f 530/530 531/531 500/500
f 530/530 500/500 499/499
f 499/499 500/500 469/469
f 499/499 469/469 468/468
f 468/468 469/469 439/439
f 468/468 439/439 438/438
f 438/438 439/439 410/410
f 438/438 410/410 409/409
f 409/409 410/410 381/381
f 409/409 381/381 380/380
f 380/380 381/381 352/352
f 380/380 352/352 351/351
f 351/351 352/352 322/322
f 351/351 322/322 321/321
f 321/321 322/322 291/291
f 321/321 291/291 290/290
f 290/290 291/291 260/260
f 290/290 260/260 259/259
f 259/259 260/260 229/229
f 259/259 229/229 228/228
f 228/228 229/229 198/198
f 228/228 198/198 197/197
f 197/197 198/198 167/167
f 197/197 167/167 166/166
f 166/166 167/167 137/137
f 166/166 137/137 136/136
f 136/136 137/137 108/108
f 136/136 108/108 107/107
f 107/107 108/108 81/81
f 107/107 81/81 80/80
f 81/81 108/108 82/82
f 82/82 108/108 109/109
f 82/82 109/109 83/83
f 83/83 109/109 110/110
f 83/83 110/110 84/84
f 84/84 110/110 111/111
f 84/84 111/111 85/85
f 85/85 111/111 112/112
f 112/112 111/111 140/140
f 112/112 140/140 141/141
f 112/112 141/141 113/113
f 113/113 141/141 142/142
f 113/113 142/142 114/114
f 114/114 142/142 143/143
f 114/114 143/143 115/115
f 115/115 143/143 144/144
f 115/115 144/144 116/116
f 116/116 144/144 145/145
f 116/116 145/145 117/117
f 117/117 145/145 146/146
f 117/117 146/146 118/118
f 118/118 146/146 147/147
f 118/118 147/147 119/119
f 119/119 147/147 148/148
f 119/119 148/148 120/120
f 120/120 148/148 149/149
f 120/120 149/149 121/121
f 121/121 149/149 150/150
f 150/150 149/149 179/179
f 150/150 179/179 180/180
f 150/150 180/180 151/151
f 151/151 180/180 181/181
f 151/151 181/181 152/152
f 152/152 181/181 182/182
f 152/152 182/182 153/153
f 153/153 182/182 183/183
f 153/153 183/183 154/154
f 154/154 183/183 184/184
f 154/154 184/184 155/155
f 155/155 184/184 185/185
f 185/185 184/184 215/215
f 185/185 215/215 216/216
f 185/185 216/216 186/186
f 186/186 216/216 217/217
f 186/186 217/217 187/187
f 187/187 217/217 218/218
f 218/218 217/217 248/248
f 218/218 248/248 249/249
f 218/218 249/249 219/219
f 219/219 249/249 250/250
f 250/250 249/249 280/280
f 250/250 280/280 281/281
f 281/281 280/280 311/311
f 281/281 311/311 312/312
f 312/312 311/311 342/342
f 312/312 342/342 343/343
f 312/312 343/343 313/313
f 313/313 343/343 344/344
f 344/344 343/343 373/373
f 344/344 373/373 374/374
f 374/374 373/373 402/402
f 374/374 402/402 403/403
f 403/403 402/402 431/431
f 403/403 431/431 432/432
f 432/432 431/431 460/460
f 432/432 460/460 461/461
f 461/461 460/460 490/490
f 461/461 490/490 491/491
f 491/491 490/490 521/521
f 491/491 521/521 522/522
f 522/522 521/521 552/552
f 522/522 552/552 553/553
f 553/553 552/552 583/583
f 553/553 583/583 584/584
f 583/583 552/552 582/582
f 583/583 582/582 613/613
f 613/613 582/582 612/612
f 612/612 582/582 581/581
f 612/612 581/581 611/611
f 611/611 581/581 580/580
f 611/611 580/580 610/610
f 610/610 580/580 579/579
f 610/610 579/579 609/609
f 609/609 579/579 578/578
f 609/609 578/578 608/608
f 609/609 608/608 639/639
f 639/639 608/608 638/638
f 638/638 608/608 607/607
f 638/638 607/607 637/637
f 637/637 607/607 606/606
f 637/637 606/606 636/636
f 636/636 606/606 605/605
f 636/636 605/605 635/635
f 635/635 605/605 604/604
f 635/635 604/604 634/634
f 634/634 604/604 603/603
f 634/634 603/603 633/633
f 633/633 603/603 602/602
f 633/633 602/602 632/632
f 632/632 602/602 601/601
f 632/632 601/601 631/631
f 631/631 601/601 600/600
f 631/631 600/600 630/630
f 630/630 600/600 599/599
f 630/630 599/599 629/629
f 630/630 629/629 659/659
f 659/659 629/629 658/658
f 658/658 629/629 628/628
f 658/658 628/628 657/657
f 657/657 628/628 627/627
f 657/657 627/627 656/656
f 656/656 627/627 626/626
f 656/656 626/626 655/655
f 655/655 626/626 625/625
f 655/655 625/625 654/654
f 654/654 625/625 624/624
f 624/624 625/625 594/594
f 624/624 594/594 593/593
f 593/593 594/594 563/563
f 593/593 563/563 562/562
f 562/562 563/563 532/532
f 562/562 532/532 531/531
f 531/531 532/532 501/501
f 531/531 501/501 500/500
f 500/500 501/501 470/470
f 500/500 470/470 469/469
f 469/469 470/470 440/440
f 469/469 440/440 439/439
f 439/439 440/440 411/411
f 439/439 411/411 410/410
f 410/410 411/411 382/382
f 410/410 382/382 381/381
f 381/381 382/382 353/353
f 381/381 353/353 352/352
f 352/352 353/353 323/323
f 352/352 323/323 322/322
f 322/322 323/323 292/292
f 322/322 292/292 291/291
f 291/291 292/292 261/261
f 291/291 261/261 260/260
f 260/260 261/261 230/230
f 260/260 230/230 229/229
f 229/229 230/230 199/199
f 229/229 199/199 198/198
f 198/198 199/199 168/168
f 198/198 168/168 167/167
f 167/167 168/168 138/138
f 167/167 138/138 137/137
f 137/137 138/138 109/109
f 137/137 109/109 108/108
f 109/109 138/138 110/110
f 110/110 138/138 139/139
f 110/110 139/139 111/111
f 111/111 139/139 140/140
f 140/140 139/139 169/169
f 140/140 169/169 170/170
f 140/140 170/170 141/141
f 141/141 170/170 171/171
f 141/141 171/171 142/142
f 142/142 171/171 172/172
f 142/142 172/172 143/143
f 143/143 172/172 173/173
f 143/143 173/173 144/144
f 144/144 173/173 174/174
f 144/144 174/174 145/145
f 145/145 174/174 175/175
f 145/145 175/175 146/146
f 146/146 175/175 176/176
f 146/146 176/176 147/147
f 147/147 176/176 177/177
f 147/147 177/177 148/148
f 148/148 177/177 178/178
f 148/148 178/178 149/149
f 149/149 178/178 179/179
f 179/179 178/178 209/209
f 179/179 209/209 210/210
f 179/179 210/210 180/180
f 180/180 210/210 211/211
f 180/180 211/211 181/181
f 181/181 211/211 212/212
f 181/181 212/212 182/182
f 182/182 212/212 213/213
f 182/182 213/213 183/183
f 183/183 213/213 214/214
f 183/183 214/214 184/184
f 184/184 214/214 215/215
f 215/215 214/214 245/245
f 215/215 245/245 246/246
f 215/215 246/246 216/216
f 216/216 246/246 247/247
f 216/216 247/247 217/217
f 217/217 247/247 248/248
f 248/248 247/247 278/278
f 248/248 278/278 279/279
f 248/248 279/279 249/249
f 249/249 279/279 280/280
f 280/280 279/279 310/310
f 280/280 310/310 311/311
f 311/311 310/310 341/341
f 311/311 341/341 342/342
f 342/342 341/341 371/371
f 342/342 371/371 372/372
f 342/342 372/372 343/343
f 343/343 372/372 373/373
f 373/373 372/372 401/401
f 373/373 401/401 402/402
f 402/402 401/401 430/430
f 402/402 430/430 431/431
f 431/431 430/430 459/459
f 431/431 459/459 460/460
f 460/460 459/459 489/489
f 460/460 489/489 490/490
f 490/490 489/489 520/520
f 490/490 520/520 521/521
f 521/521 520/520 551/551
f 521/521 551/551 552/552
f 552/552 551/551 582/582
f 582/582 551/551 581/581
f 581/581 551/551 550/550
f 581/581 550/550 580/580
f 580/580 550/550 549/549
f 580/580 549/549 579/579
f 579/579 549/549 548/548
f 579/579 548/548 578/578
f 578/578 548/548 547/547
f 578/578 547/547 577/577
f 578/578 577/577 608/608
f 608/608 577/577 607/607
f 607/607 577/577 576/576
f 607/607 576/576 606/606
f 606/606 576/576 575/575
f 606/606 575/575 605/605
f 605/605 575/575 574/574
f 605/605 574/574 604/604
f 604/604 574/574 573/573
f 604/604 573/573 603/603
f 603/603 573/573 572/572
f 603/603 572/572 602/602
f 602/602 572/572 571/571
f 602/602 571/571 601/601
f 601/601 571/571 570/570
f 601/601 570/570 600/600
f 600/600 570/570 569/569
f 600/600 569/569 599/599
f 599/599 569/569 568/568
f 599/599 568/568 598/598
f 599/599 598/598 629/629
f 629/629 598/598 628/628
f 628/628 598/598 597/597
f 628/628 597/597 627/627
f 627/627 597/597 596/596
f 627/627 596/596 626/626
f 626/626 596/596 595/595
f 626/626 595/595 625/625
f 625/625 595/595 594/594
f 594/594 595/595 564/564
f 594/594 564/564 563/563
f 563/563 564/564 533/533
f 563/563 533/533 532/532
f 532/532 533/533 502/502
f 532/532 502/502 501/501
f 501/501 502/502 471/471
f 501/501 471/471 470/470
f 470/470 471/471 441/441
f 470/470 441/441 440/440
f 440/440 441/441 412/412
f 440/440 412/412 411/411
f 411/411 412/412 383/383
f 411/411 383/383 382/382
f 382/382 383/383 354/354
f 382/382 354/354 353/353
f 353/353 354/354 324/324
f 353/353 324/324 323/323
f 323/323 324/324 293/293
f 323/323 293/293 292/292
f 292/292 293/293 262/262
f 292/292 262/262 261/261
f 261/261 262/262 231/231
f 261/261 231/231 230/230
f 230/230 231/231 200/200
f 230/230 200/200 199/199
f 199/199 200/200 169/169
f 199/199 169/169 168/168
f 168/168 169/169 139/139
f 168/168 139/139 138/138
f 169/169 200/200 170/170
f 170/170 200/200 201/201
f 170/170 201/201 171/171
f 171/171 201/201 202/202
f 171/171 202/202 172/172
f 172/172 202/202 203/203
f 172/172 203/203 173/173
f 173/173 203/203 204/204
f 173/173 204/204 174/174
f 174/174 204/204 205/205
f 174/174 205/205 175/175
f 175/175 205/205 206/206
f 175/175 206/206 176/176
f 176/176 206/206 207/207
f 176/176 207/207 177/177
f 177/177 207/207 208/208
f 177/177 208/208 178/178
f 178/178 208/208 209/209
f 209/209 208/208 239/239
f 209/209 239/239 240/240
f 209/209 240/240 210/210
f 210/210 240/240 241/241
f 210/210 241/241 211/211
f 211/211 241/241 242/242
f 211/211 242/242 212/212
f 212/212 242/242 243/243
f 212/212 243/243 213/213
f 213/213 243/243 244/244
f 213/213 244/244 214/214
f 214/214 244/244 245/245
f 245/245 244/244 275/275
f 245/245 275/275 276/276
f 245/245 276/276 246/246
f 246/246 276/276 277/277
f 246/246 277/277 247/247
f 247/247 277/277 278/278
f 278/278 277/277 308/308
f 278/278 308/308 309/309
f 278/278 309/309 279/279
f 279/279 309/309 310/310
f 310/310 309/309 340/340
f 310/310 340/340 341/341
f 341/341 340/340 370/370
f 341/341 370/370 371/371
f 371/371 370/370 399/399
f 371/371 399/399 400/400
f 371/371 400/400 372/372
f 372/372 400/400 401/401
f 401/401 400/400 429/429
f 401/401 429/429 430/430
f 430/430 429/429 458/458
f 430/430 458/458 459/459
f 459/459 458/458 488/488
f 459/459 488/488 489/489
f 489/489 488/488 519/519
f 489/489 519/519 520/520
f 520/520 519/519 550/550
f 520/520 550/550 551/551
f 550/550 519/519 549/549
f 549/549 519/519 518/518
f 549/549 518/518 548/548
f 548/548 518/518 517/517
f 548/548 517/517 547/547
f 547/547 517/517 516/516
f 547/547 516/516 546/546
f 547/547 546/546 577/577
f 577/577 546/546 576/576
f 576/576 546/546 545/545
f 576/576 545/545 575/575
f 575/575 545/545 544/544
f 575/575 544/544 574/574
f 574/574 544/544 543/543
f 574/574 543/543 573/573
f 573/573 543/543 542/542
f 573/573 542/542 572/572
f 572/572 542/542 541/541
f 572/572 541/541 571/571
f 571/571 541/541 540/540
f 571/571 540/540 570/570
f 570/570 540/540 539/539
f 570/570 539/539 569/569
f 569/569 539/539 538/538
f 569/569 538/538 568/568
f 568/568 538/538 537/537
f 568/568 537/537 567/567
f 568/568 567/567 598/598
f 598/598 567/567 597/597
f 597/597 567/567 566/566
f 597/597 566/566 596/596
f 596/596 566/566 565/565
f 596/596 565/565 595/595
f 595/595 565/565 564/564
f 564/564 565/565 534/534
f 564/564 534/534 533/533
f 533/533 534/534 503/503
f 533/533 503/503 502/502
f 502/502 503/503 472/472
f 502/502 472/472 471/471
f 471/471 472/472 442/442
f 471/471 442/442 441/441
f 441/441 442/442 413/413
f 441/441 413/413 412/412
f 412/412 413/413 384/384
f 412/412 384/384 383/383
f 383/383 384/384 355/355
f 383/383 355/355 354/354
f 354/354 355/355 325/325
f 354/354 325/325 324/324
f 324/324 325/325 294/294
f 324/324 294/294 293/293
f 293/293 294/294 263/263
f 293/293 263/263 262/262
f 262/262 263/263 232/232
f 262/262 232/232 231/231
f 231/231 232/232 201/201
f 231/231 201/201 200/200
f 201/201 232/232 202/202
f 202/202 232/232 233/233
f 202/202 233/233 203/203
f 203/203 233/233 234/234
f 203/203 234/234 204/204
f 204/204 234/234 235/235
f 204/204 235/235 205/205
f 205/205 235/235 236/236
f 205/205 236/236 206/206
f 206/206 236/236 237/237
f 206/206 237/237 207/207
f 207/207 237/237 238/238
f 207/207 238/238 208/208
f 208/208 238/238 239/239
f 239/239 238/238 269/269
f 239/239 269/269 270/270
f 239/239 270/270 240/240
f 240/240 270/270 271/271
f 240/240 271/271 241/241
f 241/241 271/271 272/272
f 241/241 272/272 242/242
f 242/242 272/272 273/273
f 242/242 273/273 243/243
f 243/243 273/273 274/274
f 243/243 274/274 244/244
f 244/244 274/274 275/275
f 275/275 274/274 305/305
f 275/275 305/305 306/306
f 275/275 306/306 276/276
f 276/276 306/306 307/307
f 276/276 307/307 277/277
f 277/277 307/307 308/308
f 308/308 307/307 338/338
f 308/308 338/338 339/339
f 308/308 339/339 309/309
f 309/309 339/339 340/340
f 340/340 339/339 369/369
f 340/340 369/369 370/370
f 370/370 369/369 398/398
f 370/370 398/398 399/399
f 399/399 398/398 427/427
f 399/399 427/427 428/428
f 399/399 428/428 400/400
f 400/400 428/428 429/429
f 429/429 428/428 457/457
f 429/429 457/457 458/458
f 458/458 457/457 487/487
f 458/458 487/487 488/488
f 488/488 487/487 518/518
f 488/488 518/518 519/519
f 518/518 487/487 517/517
f 517/517 487/487 486/486
f 517/517 486/486 516/516
f 516/516 486/486 485/485
f 516/516 485/485 515/515
f 516/516 515/515 546/546
f 546/546 515/515 545/545
f 545/545 515/515 514/514
f 545/545 514/514 544/544
f 544/544 514/514 513/513
f 544/544 513/513 543/543
f 543/543 513/513 512/512
f 543/543 512/512 542/542
f 542/542 512/512 511/511
f 542/542 511/511 541/541
f 541/541 511/511 510/510
f 541/541 510/510 540/540
f 540/540 510/510 509/509
f 540/540 509/509 539/539
f 539/539 509/509 508/508
f 539/539 508/508 538/538
f 538/538 508/508 507/507
f 538/538 507/507 537/537
f 537/537 507/507 506/506
f 537/537 506/506 536/536
f 537/537 536/536 567/567
f 567/567 536/536 566/566
f 566/566 536/536 535/535
f 566/566 535/535 565/565
f 565/565 535/535 534/534
f 534/534 535/535 504/504
f 534/534 504/504 503/503
f 503/503 504/504 473/473
f 503/503 473/473 472/472
f 472/472 473/473 443/443
f 472/472 443/443 442/442
f 442/442 443/443 414/414
f 442/442 414/414 413/413
f 413/413 414/414 385/385
f 413/413 385/385 384/384
f 384/384 385/385 356/356
f 384/384 356/356 355/355
f 355/355 356/356 326/326
f 355/355 326/326 325/325
f 325/325 326/326 295/295
f 325/325 295/295 294/294
f 294/294 295/295 264/264
f 294/294 264/264 263/263
f 263/263 264/264 233/233
f 263/263 233/233 232/232
f 233/233 264/264 234/234
f 234/234 264/264 265/265
f 234/234 265/265 235/235
f 235/235 265/265 266/266
f 235/235 266/266 236/236
f 236/236 266/266 267/267
f 236/236 267/267 237/237
f 237/237 267/267 268/268
f 237/237 268/268 238/238
f 238/238 268/268 269/269
f 269/269 268/268 299/299
f 269/269 299/299 300/300
f 269/269 300/300 270/270
f 270/270 300/300 301/301
f 270/270 301/301 271/271
f 271/271 301/301 302/302
f 271/271 302/302 272/272
f 272/272 302/302 303/303
f 272/272 303/303 273/273
f 273/273 303/303 304/304
f 273/273 304/304 274/274
f 274/274 304/304 305/305
f 305/305 304/304 335/335
f 305/305 335/335 336/336
f 305/305 336/336 306/306
f 306/306 336/336 337/337
f 306/306 337/337 307/307
f 307/307 337/337 338/338
f 338/338 337/337 367/367
f 338/338 367/367 368/368
f 338/338 368/368 339/339
f 339/339 368/368 369/369
f 369/369 368/368 397/397
f 369/369 397/397 398/398
f 398/398 397/397 426/426
f 398/398 426/426 427/427
f 427/427 426/426 455/455
f 427/427 455/455 456/456
f 427/427 456/456 428/428
f 428/428 456/456 457/457
f 457/457 456/456 486/486
f 457/457 486/486 487/487
f 486/486 456/456 485/485
f 485/485 456/456 455/455
f 485/485 455/455 484/484
f 485/485 484/484 515/515
f 515/515 484/484 514/514
f 514/514 484/484 483/483
f 514/514 483/483 513/513
f 513/513 483/483 482/482
f 513/513 482/482 512/512
f 512/512 482/482 481/481
f 512/512 481/481 511/511
f 511/511 481/481 480/480
f 511/511 480/480 510/510
f 510/510 480/480 479/479
f 510/510 479/479 509/509
f 509/509 479/479 478/478
f 509/509 478/478 508/508
f 508/508 478/478 477/477
f 508/508 477/477 507/507
f 507/507 477/477 476/476
f 507/507 476/476 506/506
f 506/506 476/476 475/475
f 506/506 475/475 505/505
f 506/506 505/505 536/536
f 536/536 505/505 535/535
f 535/535 505/505 504/504
f 504/504 505/505 474/474
f 504/504 474/474 473/473
f 473/473 474/474 444/444
f 473/473 444/444 443/443
f 443/443 444/444 415/415
f 443/443 415/415 414/414
f 414/414 415/415 386/386
f 414/414 386/386 385/385
f 385/385 386/386 357/357
f 385/385 357/357 356/356
f 356/356 357/357 327/327
f 356/356 327/327 326/326
f 326/326 327/327 296/296
f 326/326 296/296 295/295
f 295/295 296/296 265/265
f 295/295 265/265 264/264
f 265/265 296/296 266/266
f 266/266 296/296 297/297
f 266/266 297/297 267/267
f 267/267 297/297 298/298
f 267/267 298/298 268/268
f 268/268 298/298 299/299
f 299/299 298/298 329/329
f 299/299 329/329 330/330
f 299/299 330/330 300/300
f 300/300 330/330 331/331
f 300/300 331/331 301/301
f 301/301 331/331 332/332
f 301/301 332/332 302/302
f 302/302 332/332 333/333
f 302/302 333/333 303/303
f 303/303 333/333 334/334
f 303/303 334/334 304/304
f 304/304 334/334 335/335
f 335/335 334/334 364/364
f 335/335 364/364 365/365
f 335/335 365/365 336/336
f 336/336 365/365 366/366
f 336/336 366/366 337/337
f 337/337 366/366 367/367
f 367/367 366/366 395/395
f 367/367 395/395 396/396
f 367/367 396/396 368/368
f 368/368 396/396 397/397
f 397/397 396/396 425/425
f 397/397 425/425 426/426
f 426/426 425/425 454/454
f 426/426 454/454 455/455
f 455/455 454/454 484/484
f 484/484 454/454 483/483
f 483/483 454/454 453/453
f 483/483 453/453 482/482
f 482/482 453/453 452/452
f 482/482 452/452 481/481
f 481/481 452/452 451/451
f 481/481 451/451 480/480
f 480/480 451/451 450/450
f 480/480 450/450 479/479
f 479/479 450/450 449/449
f 479/479 449/449 478/478
f 478/478 449/449 448/448
f 478/478 448/448 477/477
f 477/477 448/448 447/447
f 477/477 447/447 476/476
f 476/476 447/447 446/446
f 476/476 446/446 475/475
f 475/475 446/446 445/445
f 475/475 445/445 474/474
f 475/475 474/474 505/505
f 474/474 445/445 444/444
f 444/444 445/445 416/416
f 444/444 416/416 415/415
f 415/415 416/416 387/387
f 415/415 387/387 386/386
f 386/386 387/387 358/358
f 386/386 358/358 357/357
f 357/357 358/358 328/328
f 357/357 328/328 327/327
f 327/327 328/328 297/297
f 327/327 297/297 296/296
f 297/297 328/328 298/298
f 298/298 328/328 329/329
f 329/329 328/328 358/358
f 329/329 358/358 359/359
f 329/329 359/359 330/330
f 330/330 359/359 360/360
f 330/330 360/360 331/331
f 331/331 360/360 361/361
f 331/331 361/361 332/332
f 332/332 361/361 362/362
f 332/332 362/362 333/333
f 333/333 362/362 363/363
f 333/333 363/363 334/334
f 334/334 363/363 364/364
f 364/364 363/363 392/392
f 364/364 392/392 393/393
f 364/364 393/393 365/365
f 365/365 393/393 394/394
f 365/365 394/394 366/366
f 366/366 394/394 395/395
f 395/395 394/394 423/423
f 395/395 423/423 424/424
f 395/395 424/424 396/396
f 396/396 424/424 425/425
f 425/425 424/424 453/453
f 425/425 453/453 454/454
f 453/453 424/424 452/452
f 452/452 424/424 423/423
f 452/452 423/423 451/451
f 451/451 423/423 422/422
f 451/451 422/422 450/450
f 450/450 422/422 421/421
f 450/450 421/421 449/449
f 449/449 421/421 420/420
f 449/449 420/420 448/448
f 448/448 420/420 419/419
f 448/448 419/419 447/447
f 447/447 419/419 418/418
f 447/447 418/418 446/446
f 446/446 418/418 417/417
f 446/446 417/417 445/445
f 445/445 417/417 416/416
f 416/416 417/417 388/388
f 416/416 388/388 387/387
f 387/387 388/388 359/359
f 387/387 359/359 358/358
f 359/359 388/388 360/360
f 360/360 388/388 389/389
f 360/360 389/389 361/361
f 361/361 389/389 390/390
f 361/361 390/390 362/362
f 362/362 390/390 391/391
f 362/362 391/391 363/363
f 363/363 391/391 392/392
f 392/392 391/391 420/420
f 392/392 420/420 421/421
f 392/392 421/421 393/393
f 393/393 421/421 422/422
f 393/393 422/422 394/394
f 394/394 422/422 423/423
f 420/420 391/391 419/419
f 419/419 391/391 390/390
f 419/419 390/390 418/418
f 418/418 390/390 389/389
f 418/418 389/389 417/417
f 417/417 389/389 388/388
f 405/405 32/32 31/31
f 405/405 31/31 30/30

g back_left_panel
usemtl Material_back_left_panel
v 0.00780 1.28540 -0.17440
v -0.00200 1.28650 -0.17290
v -0.00950 1.29230 -0.17290
v -0.02010 1.30270 -0.17200
v -0.06240 1.33300 -0.04310
v -0.06670 1.33220 -0.04560
v -0.12040 1.32600 -0.06000
v -0.16510 1.26980 -0.16030
v -0.16820 1.20880 -0.15570
v -0.16820 1.18930 -0.14790
v -0.16540 1.16660 -0.13990
v -0.16300 1.13920 -0.12860
v -0.16640 1.10800 -0.11910
v -0.16890 1.07600 -0.11080
v -0.16440 0.86200 -0.12490
v -0.16890 0.66600 -0.11080
v -0.17450 0.32300 -0.07870
v 0.00000 0.32300 -0.24000
v -0.17200 0.35300 -0.09720
v -0.17200 0.38300 -0.09720
v -0.17200 0.41300 -0.09720
v -0.16760 0.35300 -0.11530
v -0.16760 0.38300 -0.11530
v -0.16760 0.41300 -0.11530
v -0.16760 0.44300 -0.11530
v -0.16760 0.47300 -0.11530
v -0.16760 0.50300 -0.11530
v -0.16760 0.53300 -0.11530
v -0.16760 0.56300 -0.11530
v -0.16760 0.59300 -0.11530
v -0.16760 0.62300 -0.11530
v -0.16130 0.35300 -0.13290
v -0.16130 0.38300 -0.13290
v -0.16130 0.41300 -0.13290
v -0.16130 0.44300 -0.13290
v -0.16130 0.47300 -0.13290
v -0.16130 0.50300 -0.13290
v -0.16130 0.53300 -0.13290
v -0.16130 0.56300 -0.13290
v -0.16130 0.59300 -0.13290
v -0.16130 0.62300 -0.13290
v -0.16130 0.65300 -0.13290
v -0.16130 0.68300 -0.13290
v -0.16130 0.71300 -0.13290
v -0.16130 0.74300 -0.13290
v -0.16130 0.77300 -0.13290
v -0.16130 0.80300 -0.13290
v -0.16130 0.83300 -0.13290
v -0.16130 0.86300 -0.13290
v -0.16130 0.89300 -0.13290
v -0.16130 0.92300 -0.13290
v -0.16130 0.95300 -0.13290
v -0.16130 0.98300 -0.13290
v -0.16130 1.01300 -0.13290
v -0.16130 1.04300 -0.13290
v -0.16130 1.07300 -0.13290
v -0.16130 1.10300 -0.13290
v -0.15320 0.35300 -0.14970
v -0.15320 0.38300 -0.14970
v -0.15320 0.41300 -0.14970
v -0.15320 0.44300 -0.14970
v -0.15320 0.47300 -0.14970
v -0.15320 0.50300 -0.14970
v -0.15320 0.53300 -0.14970
v -0.15320 0.56300 -0.14970
v -0.15320 0.59300 -0.14970
v -0.15320 0.62300 -0.14970
v -0.15320 0.65300 -0.14970
v -0.15320 0.68300 -0.14970
v -0.15320 0.71300 -0.14970
v -0.15320 0.74300 -0.14970
v -0.15320 0.77300 -0.14970
v -0.15320 0.80300 -0.14970
v -0.15320 0.83300 -0.14970
v -0.15320 0.86300 -0.14970
v -0.15320 0.89300 -0.14970
v -0.15320 0.92300 -0.14970
v -0.15320 0.95300 -0.14970
v -0.15320 0.98300 -0.14970
v -0.15320 1.01300 -0.14970
v -0.15320 1.04300 -0.14970
v -0.15320 1.07300 -0.14970
v -0.15320 1.10300 -0.14970
v -0.15320 1.13300 -0.14970
v -0.15320 1.16300 -0.14970
v -0.14330 0.35300 -0.16550
v -0.14330 0.38300 -0.16550
v -0.14330 0.41300 -0.16550
v -0.14330 0.44300 -0.16550
v -0.14330 0.47300 -0.16550
v -0.14330 0.50300 -0.16550
v -0.14330 0.53300 -0.16550
v -0.14330 0.56300 -0.16550
v -0.14330 0.59300 -0.16550
v -0.14330 0.62300 -0.16550
v -0.14330 0.65300 -0.16550
v -0.14330 0.68300 -0.16550
v -0.14330 0.71300 -0.16550
v -0.14330 0.74300 -0.16550
v -0.14330 0.77300 -0.16550
v -0.14330 0.80300 -0.16550
v -0.14330 0.83300 -0.16550
v -0.14330 0.86300 -0.16550
v -0.14330 0.89300 -0.16550
v -0.14330 0.92300 -0.16550
v -0.14330 0.95300 -0.16550
v -0.14330 0.98300 -0.16550
v -0.14330 1.01300 -0.16550
v -0.14330 1.04300 -0.16550
v -0.14330 1.07300 -0.16550
v -0.14330 1.10300 -0.16550
v -0.14330 1.13300 -0.16550
v -0.14330 1.16300 -0.16550
v -0.15540 1.18860 -0.16120
v -0.13180 0.35300 -0.18010
v -0.13180 0.38300 -0.18010
v -0.13180 0.41300 -0.18010
v -0.13180 0.44300 -0.18010
v -0.13180 0.47300 -0.18010
v -0.13180 0.50300 -0.18010
v -0.13180 0.53300 -0.18010
v -0.13180 0.56300 -0.18010
v -0.13180 0.59300 -0.18010
v -0.13180 0.62300 -0.18010
v -0.13180 0.65300 -0.18010
v -0.13180 0.68300 -0.18010
v -0.13180 0.71300 -0.18010
v -0.13180 0.74300 -0.18010
v -0.13180 0.77300 -0.18010
v -0.13180 0.80300 -0.18010
v -0.13180 0.83300 -0.18010
v -0.13180 0.86300 -0.18010
v -0.13180 0.89300 -0.18010
v -0.13180 0.92300 -0.18010
v -0.13180 0.95300 -0.18010
v -0.13180 0.98300 -0.18010
v -0.13180 1.01300 -0.18010
v -0.13180 1.04300 -0.18010
v -0.13180 1.07300 -0.18010
v -0.13180 1.10300 -0.18010
v -0.13180 1.13300 -0.18010
v -0.13180 1.16300 -0.18010
v -0.13910 1.18810 -0.17070
v -0.15180 1.21760 -0.16940
v -0.11880 0.35300 -0.19350
v -0.11880 0.38300 -0.19350
v -0.11880 0.41300 -0.19350
v -0.11880 0.44300 -0.19350
v -0.11880 0.47300 -0.19350
v -0.11880 0.50300 -0.19350
v -0.11880 0.53300 -0.19350
v -0.11880 0.56300 -0.19350
v -0.11880 0.59300 -0.19350
v -0.11880 0.62300 -0.19350
v -0.11880 0.65300 -0.19350
v -0.11880 0.68300 -0.19350
v -0.11880 0.71300 -0.19350
v -0.11880 0.74300 -0.19350
v -0.11880 0.77300 -0.19350
v -0.11880 0.80300 -0.19350
v -0.11880 0.83300 -0.19350
v -0.11880 0.86300 -0.19350
v -0.11880 0.89300 -0.19350
v -0.11880 0.92300 -0.19350
v -0.11880 0.95300 -0.19350
v -0.11880 0.98300 -0.19350
v -0.11880 1.01300 -0.19350
v -0.11880 1.04300 -0.19350
v -0.11880 1.07300 -0.19350
v -0.11880 1.10300 -0.19350
v -0.11880 1.13300 -0.19350
v -0.11880 1.16300 -0.19350
v -0.12400 1.19040 -0.17930
v -0.13650 1.22010 -0.17790
v -0.14660 1.25760 -0.17330
v -0.10440 0.35300 -0.20540
v -0.10440 0.38300 -0.20540
v -0.10440 0.41300 -0.20540
v -0.10440 0.44300 -0.20540
v -0.10440 0.47300 -0.20540
v -0.10440 0.50300 -0.20540
v -0.10440 0.53300 -0.20540
v -0.10440 0.56300 -0.20540
v -0.10440 0.59300 -0.20540
v -0.10440 0.62300 -0.20540
v -0.10440 0.65300 -0.20540
v -0.10440 0.68300 -0.20540
v -0.10440 0.71300 -0.20540
v -0.10440 0.74300 -0.20540
v -0.10440 0.77300 -0.20540
v -0.10440 0.80300 -0.20540
v -0.10440 0.83300 -0.20540
v -0.10440 0.86300 -0.20540
v -0.10440 0.89300 -0.20540
v -0.10440 0.92300 -0.20540
v -0.10440 0.95300 -0.20540
v -0.10440 0.98300 -0.20540
v -0.10440 1.01300 -0.20540
v -0.10440 1.04300 -0.20540
v -0.10440 1.07300 -0.20540
v -0.10440 1.10300 -0.20540
v -0.10440 1.13300 -0.20540
v -0.10440 1.16300 -0.20540
v -0.10870 1.19080 -0.18700
v -0.12080 1.22060 -0.18580
v -0.12950 1.25820 -0.18130
v -0.08890 0.35300 -0.21570
v -0.08890 0.38300 -0.21570
v -0.08890 0.41300 -0.21570
v -0.08890 0.44300 -0.21570
v -0.08890 0.47300 -0.21570
v -0.08890 0.50300 -0.21570
v -0.08890 0.53300 -0.21570
v -0.08890 0.56300 -0.21570
v -0.08890 0.59300 -0.21570
v -0.08890 0.62300 -0.21570
v -0.08890 0.65300 -0.21570
v -0.08890 0.68300 -0.21570
v -0.08890 0.71300 -0.21570
v -0.08890 0.74300 -0.21570
v -0.08890 0.77300 -0.21570
v -0.08890 0.80300 -0.21570
v -0.08890 0.83300 -0.21570
v -0.08890 0.86300 -0.21570
v -0.08890 0.89300 -0.21570
v -0.08890 0.92300 -0.21570
v -0.08890 0.95300 -0.21570
v -0.08890 0.98300 -0.21570
v -0.08890 1.01300 -0.21570
v -0.08890 1.04300 -0.21570
v -0.08890 1.07300 -0.21570
v -0.08890 1.10300 -0.21570
v -0.08890 1.13300 -0.21570
v -0.08890 1.16300 -0.21570
v -0.09030 1.19200 -0.19290
v -0.09630 1.22050 -0.19510
v -0.09960 1.26590 -0.18910
v -0.07240 0.35300 -0.22430
v -0.07240 0.38300 -0.22430
v -0.07240 0.41300 -0.22430
v -0.07240 0.44300 -0.22430
v -0.07240 0.47300 -0.22430
v -0.07240 0.50300 -0.22430
v -0.07240 0.53300 -0.22430
v -0.07240 0.56300 -0.22430
v -0.07240 0.59300 -0.22430
v -0.07240 0.62300 -0.22430
v -0.07240 0.65300 -0.22430
v -0.07240 0.68300 -0.22430
v -0.07240 0.71300 -0.22430
v -0.07240 0.74300 -0.22430
v -0.07240 0.77300 -0.22430
v -0.07240 0.80300 -0.22430
v -0.07240 0.83300 -0.22430
v -0.07240 0.86300 -0.22430
v -0.07240 0.89300 -0.22430
v -0.07240 0.92300 -0.22430
v -0.07240 0.95300 -0.22430
v -0.07240 0.98300 -0.22430
v -0.07240 1.01300 -0.22430
v -0.07240 1.04300 -0.22430
v -0.07240 1.07300 -0.22430
v -0.07240 1.10300 -0.22430
v -0.07240 1.13300 -0.22430
v -0.07240 1.16300 -0.22430
v -0.07240 1.19280 -0.19490
v -0.07030 1.22390 -0.19700
v -0.07120 1.26640 -0.19150
v -0.09530 1.33260 -0.06180
v -0.05500 0.35300 -0.23110
v -0.05500 0.38300 -0.23110
v -0.05500 0.41300 -0.23110
v -0.05500 0.44300 -0.23110
v -0.05500 0.47300 -0.23110
v -0.05500 0.50300 -0.23110
v -0.05500 0.53300 -0.23110
v -0.05500 0.56300 -0.23110
v -0.05500 0.59300 -0.23110
v -0.05500 0.62300 -0.23110
v -0.05500 0.65300 -0.23110
v -0.05500 0.68300 -0.23110
v -0.05500 0.71300 -0.23110
v -0.05500 0.74300 -0.23110
v -0.05500 0.77300 -0.23110
v -0.05500 0.80300 -0.23110
v -0.05500 0.83300 -0.23110
v -0.05500 0.86300 -0.23110
v -0.05500 0.89300 -0.23110
v -0.05500 0.92300 -0.23110
v -0.05500 0.95300 -0.23110
v -0.05500 0.98300 -0.23110
v -0.05500 1.01300 -0.23110
v -0.05500 1.04300 -0.23110
v -0.05500 1.07300 -0.23110
v -0.05500 1.10300 -0.23110
v -0.05500 1.13300 -0.23110
v -0.05500 1.16300 -0.23110
v -0.05500 1.19300 -0.19910
v -0.04890 1.22380 -0.19280
v -0.04130 1.26270 -0.18560
v -0.08520 1.33060 -0.05370
v -0.03700 0.35300 -0.23600
v -0.03700 0.38300 -0.23600
v -0.03700 0.41300 -0.23600
v -0.03700 0.44300 -0.23600
v -0.03700 0.47300 -0.23600
v -0.03700 0.50300 -0.23600
v -0.03700 0.53300 -0.23600
v -0.03700 0.56300 -0.23600
v -0.03700 0.59300 -0.23600
v -0.03700 0.62300 -0.23600
v -0.03700 0.65300 -0.23600
v -0.03700 0.68300 -0.23600
v -0.03700 0.71300 -0.23600
v -0.03700 0.74300 -0.23600
v -0.03700 0.77300 -0.23600
v -0.03700 0.80300 -0.23600
v -0.03700 0.83300 -0.23600
v -0.03700 0.86300 -0.23600
v -0.03700 0.89300 -0.23600
v -0.03700 0.92300 -0.23600
v -0.03700 0.95300 -0.23600
v -0.03700 0.98300 -0.23600
v -0.03700 1.01300 -0.23600
v -0.03700 1.04300 -0.23600
v -0.03700 1.07300 -0.23600
v -0.03700 1.10300 -0.23600
v -0.03700 1.13300 -0.23600
v -0.03700 1.16300 -0.23600
v -0.03700 1.19300 -0.20310
v -0.03190 1.22370 -0.18750
v -0.02730 1.26010 -0.18240
v -0.01860 0.35300 -0.23900
v -0.01860 0.38300 -0.23900
v -0.01860 0.41300 -0.23900
v -0.01860 0.44300 -0.23900
v -0.01860 0.47300 -0.23900
v -0.01860 0.50300 -0.23900
v -0.01860 0.53300 -0.23900
v -0.01860 0.56300 -0.23900
v -0.01860 0.59300 -0.23900
v -0.01860 0.62300 -0.23900
v -0.01860 0.65300 -0.23900
v -0.01860 0.68300 -0.23900
v -0.01860 0.71300 -0.23900
v -0.01860 0.74300 -0.23900
v -0.01860 0.77300 -0.23900
v -0.01860 0.80300 -0.23900
v -0.01860 0.83300 -0.23900
v -0.01860 0.86300 -0.23900
v -0.01860 0.89300 -0.23900
v -0.01860 0.92300 -0.23900
v -0.01860 0.95300 -0.23900
v -0.01860 0.98300 -0.23900
v -0.01860 1.01300 -0.23900
v -0.01860 1.04300 -0.23900
v -0.01860 1.07300 -0.23900
v -0.01860 1.10300 -0.23900
v -0.01860 1.13300 -0.23900
v -0.01860 1.16300 -0.23900
v -0.01860 1.19300 -0.20540
v -0.01620 1.22370 -0.18300
v -0.01010 1.25930 -0.17820
vt 1.00000 0.97040
vt 0.95950 0.97160
vt 0.91900 0.97510
vt 0.87860 0.98110
vt 0.83810 0.98930
vt 0.79760 1.00000
vt 0.47620 0.97960
vt 0.40870 0.95190
vt 0.34700 0.92340
vt 0.29110 0.89410
vt 0.24090 0.86390
vt 0.19650 0.83290
vt 0.15790 0.80100
vt 0.12500 0.76840
vt 0.18150 0.55000
vt 0.12500 0.35000
vt 0.00000 0.00000
vt 1.00000 0.00000
vt 0.07140 0.03060
vt 0.07140 0.06120
vt 0.07140 0.09180
vt 0.14290 0.03060
vt 0.14290 0.06120
vt 0.14290 0.09180
vt 0.14290 0.12240
vt 0.14290 0.15310
vt 0.14290 0.18370
vt 0.14290 0.21430
vt 0.14290 0.24490
vt 0.14290 0.27550
vt 0.14290 0.30610
vt 0.21430 0.03060
vt 0.21430 0.06120
vt 0.21430 0.09180
vt 0.21430 0.12240
vt 0.21430 0.15310
vt 0.21430 0.18370
vt 0.21430 0.21430
vt 0.21430 0.24490
vt 0.21430 0.27550
vt 0.21430 0.30610
vt 0.21430 0.33670
vt 0.21430 0.36730
vt 0.21430 0.39800
vt 0.21430 0.42860
vt 0.21430 0.45920
vt 0.21430 0.48980
vt 0.21430 0.52040
vt 0.21430 0.55100
vt 0.21430 0.58160
vt 0.21430 0.61220
vt 0.21430 0.64290
vt 0.21430 0.67350
vt 0.21430 0.70410
vt 0.21430 0.73470
vt 0.21430 0.76530
vt 0.21430 0.79590
vt 0.28570 0.03060
vt 0.28570 0.06120
vt 0.28570 0.09180
vt 0.28570 0.12240
vt 0.28570 0.15310
vt 0.28570 0.18370
vt 0.28570 0.21430
vt 0.28570 0.24490
vt 0.28570 0.27550
vt 0.28570 0.30610
vt 0.28570 0.33670
vt 0.28570 0.36730
vt 0.28570 0.39800
vt 0.28570 0.42860
vt 0.28570 0.45920
vt 0.28570 0.48980
vt 0.28570 0.52040
vt 0.28570 0.55100
vt 0.28570 0.58160
vt 0.28570 0.61220
vt 0.28570 0.64290
vt 0.28570 0.67350
vt 0.28570 0.70410
vt 0.28570 0.73470
vt 0.28570 0.76530
vt 0.28570 0.79590
vt 0.28570 0.82650
vt 0.28570 0.85710
vt 0.35710 0.03060
vt 0.35710 0.06120
vt 0.35710 0.09180
vt 0.35710 0.12240
vt 0.35710 0.15310
vt 0.35710 0.18370
vt 0.35710 0.21430
vt 0.35710 0.24490
vt 0.35710 0.27550
vt 0.35710 0.30610
vt 0.35710 0.33670
vt 0.35710 0.36730
vt 0.35710 0.39800
vt 0.35710 0.42860
vt 0.35710 0.45920
vt 0.35710 0.48980
vt 0.35710 0.52040
vt 0.35710 0.55100
vt 0.35710 0.58160
vt 0.35710 0.61220
vt 0.35710 0.64290
vt 0.35710 0.67350
vt 0.35710 0.70410
vt 0.35710 0.73470
vt 0.35710 0.76530
vt 0.35710 0.79590
vt 0.35710 0.82650
vt 0.35710 0.85710
vt 0.35710 0.88780
vt 0.42860 0.03060
vt 0.42860 0.06120
vt 0.42860 0.09180
vt 0.42860 0.12240
vt 0.42860 0.15310
vt 0.42860 0.18370
vt 0.42860 0.21430
vt 0.42860 0.24490
vt 0.42860 0.27550
vt 0.42860 0.30610
vt 0.42860 0.33670
vt 0.42860 0.36730
vt 0.42860 0.39800
vt 0.42860 0.42860
vt 0.42860 0.45920
vt 0.42860 0.48980
vt 0.42860 0.52040
vt 0.42860 0.55100
vt 0.42860 0.58160
vt 0.42860 0.61220
vt 0.42860 0.64290
vt 0.42860 0.67350
vt 0.42860 0.70410
vt 0.42860 0.73470
vt 0.42860 0.76530
vt 0.42860 0.79590
vt 0.42860 0.82650
vt 0.42860 0.85710
vt 0.42860 0.88780
vt 0.42860 0.91840
vt 0.50000 0.03060
vt 0.50000 0.06120
vt 0.50000 0.09180
vt 0.50000 0.12240
vt 0.50000 0.15310
vt 0.50000 0.18370
vt 0.50000 0.21430
vt 0.50000 0.24490
vt 0.50000 0.27550
vt 0.50000 0.30610
vt 0.50000 0.33670
vt 0.50000 0.36730
vt 0.50000 0.39800
vt 0.50000 0.42860
vt 0.50000 0.45920
vt 0.50000 0.48980
vt 0.50000 0.52040
vt 0.50000 0.55100
vt 0.50000 0.58160
vt 0.50000 0.61220
vt 0.50000 0.64290
vt 0.50000 0.67350
vt 0.50000 0.70410
vt 0.50000 0.73470
vt 0.50000 0.76530
vt 0.50000 0.79590
vt 0.50000 0.82650
vt 0.50000 0.85710
vt 0.50000 0.88780
vt 0.50000 0.91840
vt 0.50000 0.94900
vt 0.57140 0.03060
vt 0.57140 0.06120
vt 0.57140 0.09180
vt 0.57140 0.12240
vt 0.57140 0.15310
vt 0.57140 0.18370
vt 0.57140 0.21430
vt 0.57140 0.24490
vt 0.57140 0.27550
vt 0.57140 0.30610
vt 0.57140 0.33670
vt 0.57140 0.36730
vt 0.57140 0.39800
vt 0.57140 0.42860
vt 0.57140 0.45920
vt 0.57140 0.48980
vt 0.57140 0.52040
vt 0.57140 0.55100
vt 0.57140 0.58160
vt 0.57140 0.61220
vt 0.57140 0.64290
vt 0.57140 0.67350
vt 0.57140 0.70410
vt 0.57140 0.73470
vt 0.57140 0.76530
vt 0.57140 0.79590
vt 0.57140 0.82650
vt 0.57140 0.85710
vt 0.57140 0.88780
vt 0.57140 0.91840
vt 0.57140 0.94900
vt 0.64290 0.03060
vt 0.64290 0.06120
vt 0.64290 0.09180
vt 0.64290 0.12240
vt 0.64290 0.15310
vt 0.64290 0.18370
vt 0.64290 0.21430
vt 0.64290 0.24490
vt 0.64290 0.27550
vt 0.64290 0.30610
vt 0.64290 0.33670
vt 0.64290 0.36730
vt 0.64290 0.39800
vt 0.64290 0.42860
vt 0.64290 0.45920
vt 0.64290 0.48980
vt 0.64290 0.52040
vt 0.64290 0.55100
vt 0.64290 0.58160
vt 0.64290 0.61220
vt 0.64290 0.64290
vt 0.64290 0.67350
vt 0.64290 0.70410
vt 0.64290 0.73470
vt 0.64290 0.76530
vt 0.64290 0.79590
vt 0.64290 0.82650
vt 0.64290 0.85710
vt 0.64290 0.88780
vt 0.64290 0.91840
vt 0.64290 0.94900
vt 0.71430 0.03060
vt 0.71430 0.06120
vt 0.71430 0.09180
vt 0.71430 0.12240
vt 0.71430 0.15310
vt 0.71430 0.18370
vt 0.71430 0.21430
vt 0.71430 0.24490
vt 0.71430 0.27550
vt 0.71430 0.30610
vt 0.71430 0.33670
vt 0.71430 0.36730
vt 0.71430 0.39800
vt 0.71430 0.42860
vt 0.71430 0.45920
vt 0.71430 0.48980
vt 0.71430 0.52040
vt 0.71430 0.55100
vt 0.71430 0.58160
vt 0.71430 0.61220
vt 0.71430 0.64290
vt 0.71430 0.67350
vt 0.71430 0.70410
vt 0.71430 0.73470
vt 0.71430 0.76530
vt 0.71430 0.79590
vt 0.71430 0.82650
vt 0.71430 0.85710
vt 0.71430 0.88780
vt 0.71430 0.91840
vt 0.71430 0.94900
vt 0.71430 0.97960
vt 0.78570 0.03060
vt 0.78570 0.06120
vt 0.78570 0.09180
vt 0.78570 0.12240
vt 0.78570 0.15310
vt 0.78570 0.18370
vt 0.78570 0.21430
vt 0.78570 0.24490
vt 0.78570 0.27550
vt 0.78570 0.30610
vt 0.78570 0.33670
vt 0.78570 0.36730
vt 0.78570 0.39800
vt 0.78570 0.42860
vt 0.78570 0.45920
vt 0.78570 0.48980
vt 0.78570 0.52040
vt 0.78570 0.55100
vt 0.78570 0.58160
vt 0.78570 0.61220
vt 0.78570 0.64290
vt 0.78570 0.67350
vt 0.78570 0.70410
vt 0.78570 0.73470
vt 0.78570 0.76530
vt 0.78570 0.79590
vt 0.78570 0.82650
vt 0.78570 0.85710
vt 0.78570 0.88780
vt 0.78570 0.91840
vt 0.78570 0.94900
vt 0.78570 0.97960
vt 0.85710 0.03060
vt 0.85710 0.06120
vt 0.85710 0.09180
vt 0.85710 0.12240
vt 0.85710 0.15310
vt 0.85710 0.18370
vt 0.85710 0.21430
vt 0.85710 0.24490
vt 0.85710 0.27550
vt 0.85710 0.30610
vt 0.85710 0.33670
vt 0.85710 0.36730
vt 0.85710 0.39800
vt 0.85710 0.42860
vt 0.85710 0.45920
vt 0.85710 0.48980
vt 0.85710 0.52040
vt 0.85710 0.55100
vt 0.85710 0.58160
vt 0.85710 0.61220
vt 0.85710 0.64290
vt 0.85710 0.67350
vt 0.85710 0.70410
vt 0.85710 0.73470
vt 0.85710 0.76530
vt 0.85710 0.79590
vt 0.85710 0.82650
vt 0.85710 0.85710
vt 0.85710 0.88780
vt 0.85710 0.91840
vt 0.85710 0.94900
vt 0.92860 0.03060
vt 0.92860 0.06120
vt 0.92860 0.09180
vt 0.92860 0.12240
vt 0.92860 0.15310
vt 0.92860 0.18370
vt 0.92860 0.21430
vt 0.92860 0.24490
vt 0.92860 0.27550
vt 0.92860 0.30610
vt 0.92860 0.33670
vt 0.92860 0.36730
vt 0.92860 0.39800
vt 0.92860 0.42860
vt 0.92860 0.45920
vt 0.92860 0.48980
vt 0.92860 0.52040
vt 0.92860 0.55100
vt 0.92860 0.58160
vt 0.92860 0.61220
vt 0.92860 0.64290
vt 0.92860 0.67350
vt 0.92860 0.70410
vt 0.92860 0.73470
vt 0.92860 0.76530
vt 0.92860 0.79590
vt 0.92860 0.82650
vt 0.92860 0.85710
vt 0.92860 0.88780
vt 0.92860 0.91840
vt 0.92860 0.94900
f 753/753 754/754 889/889
f 753/753 889/889 920/920
f 753/753 920/920 752/752
f 752/752 920/920 951/951
f 752/752 951/951 1014/1014
f 752/752 1014/1014 751/751
f 751/751 1014/1014 1046/1046
f 751/751 1046/1046 750/750
f 746/746 747/747 1108/1108
f 746/746 1108/1108 1107/1107
f 746/746 1107/1107 1106/1106
f 746/746 1106/1106 1105/1105
f 746/746 1105/1105 1104/1104
f 746/746 1104/1104 1103/1103
f 746/746 1103/1103 1102/1102
f 746/746 1102/1102 1101/1101
f 746/746 1101/1101 1100/1100
f 746/746 1100/1100 1099/1099
f 746/746 1099/1099 1098/1098
f 746/746 1098/1098 1097/1097
f 746/746 1097/1097 1096/1096
f 746/746 1096/1096 1095/1095
f 746/746 1095/1095 1094/1094
f 746/746 1094/1094 1093/1093
f 746/746 1093/1093 763/763
f 763/763 1093/1093 1092/1092
f 763/763 1092/1092 1091/1091
f 763/763 1091/1091 1090/1090
f 763/763 1090/1090 1089/1089
f 763/763 1089/1089 1088/1088
f 763/763 1088/1088 1087/1087
f 763/763 1087/1087 1086/1086
f 763/763 1086/1086 1085/1085
f 763/763 1085/1085 1084/1084
f 763/763 1084/1084 1083/1083
f 763/763 1083/1083 1082/1082
f 763/763 1082/1082 1081/1081
f 763/763 1081/1081 1080/1080
f 763/763 1080/1080 1079/1079
f 763/763 1079/1079 1078/1078
f 763/763 1078/1078 1047/1047
f 763/763 1047/1047 1015/1015
f 763/763 1015/1015 983/983
f 763/763 983/983 952/952
f 763/763 952/952 921/921
f 763/763 921/921 890/890
f 763/763 890/890 762/762
f 762/762 890/890 860/860
f 762/762 860/860 831/831
f 762/762 831/831 803/803
f 762/762 803/803 777/777
f 762/762 777/777 767/767
f 762/762 767/767 764/764
f 762/762 764/764 765/765
f 762/762 765/765 766/766
f 762/762 766/766 761/761
f 759/759 760/760 797/797
f 759/759 797/797 798/798
f 759/759 798/798 799/799
f 759/759 799/799 800/800
f 759/759 800/800 801/801
f 759/759 801/801 758/758
f 758/758 801/801 802/802
f 758/758 802/802 757/757
f 757/757 802/802 829/829
f 757/757 829/829 756/756
f 756/756 829/829 830/830
f 756/756 830/830 755/755
f 755/755 830/830 859/859
f 755/755 859/859 754/754
f 754/754 859/859 889/889
f 889/889 859/859 888/888
f 889/889 888/888 918/918
f 889/889 918/918 919/919
f 889/889 919/919 920/920
f 920/920 919/919 950/950
f 920/920 950/950 951/951
f 951/951 950/950 981/981
f 951/951 981/981 982/982
f 951/951 982/982 1014/1014
f 1014/1014 982/982 1013/1013
f 1014/1014 1013/1013 1045/1045
f 1014/1014 1045/1045 1046/1046
f 1046/1046 1045/1045 1077/1077
f 1046/1046 1077/1077 750/750
f 750/750 1077/1077 749/749
f 749/749 1077/1077 748/748
f 748/748 1077/1077 1108/1108
f 748/748 1108/1108 747/747
f 1108/1108 1077/1077 1107/1107
f 1107/1107 1077/1077 1076/1076
f 1107/1107 1076/1076 1106/1106
f 1106/1106 1076/1076 1075/1075
f 1106/1106 1075/1075 1105/1105
f 1105/1105 1075/1075 1074/1074
f 1105/1105 1074/1074 1104/1104
f 1104/1104 1074/1074 1073/1073
f 1104/1104 1073/1073 1103/1103
f 1103/1103 1073/1073 1072/1072
f 1103/1103 1072/1072 1102/1102
f 1102/1102 1072/1072 1071/1071
f 1102/1102 1071/1071 1101/1101
f 1101/1101 1071/1071 1070/1070
f 1101/1101 1070/1070 1100/1100
f 1100/1100 1070/1070 1069/1069
f 1100/1100 1069/1069 1099/1099
f 1099/1099 1069/1069 1068/1068
f 1099/1099 1068/1068 1098/1098
f 1098/1098 1068/1068 1067/1067
f 1098/1098 1067/1067 1097/1097
f 1097/1097 1067/1067 1066/1066
f 1097/1097 1066/1066 1096/1096
f 1096/1096 1066/1066 1065/1065
f 1096/1096 1065/1065 1095/1095
f 1095/1095 1065/1065 1064/1064
f 1095/1095 1064/1064 1094/1094
f 1094/1094 1064/1064 1063/1063
f 1094/1094 1063/1063 1093/1093
f 1093/1093 1063/1063 1062/1062
f 1093/1093 1062/1062 1092/1092
f 1092/1092 1062/1062 1061/1061
f 1092/1092 1061/1061 1091/1091
f 1091/1091 1061/1061 1060/1060
f 1091/1091 1060/1060 1090/1090
f 1090/1090 1060/1060 1059/1059
f 1090/1090 1059/1059 1089/1089
f 1089/1089 1059/1059 1058/1058
f 1089/1089 1058/1058 1088/1088
f 1088/1088 1058/1058 1057/1057
f 1088/1088 1057/1057 1087/1087
f 1087/1087 1057/1057 1056/1056
f 1087/1087 1056/1056 1086/1086
f 1086/1086 1056/1056 1055/1055
f 1086/1086 1055/1055 1085/1085
f 1085/1085 1055/1055 1054/1054
f 1085/1085 1054/1054 1084/1084
f 1084/1084 1054/1054 1053/1053
f 1084/1084 1053/1053 1083/1083
f 1083/1083 1053/1053 1052/1052
f 1083/1083 1052/1052 1082/1082
f 1082/1082 1052/1052 1051/1051
f 1082/1082 1051/1051 1081/1081
f 1081/1081 1051/1051 1050/1050
f 1081/1081 1050/1050 1080/1080
f 1080/1080 1050/1050 1049/1049
f 1080/1080 1049/1049 1079/1079
f 1079/1079 1049/1049 1048/1048
f 1079/1079 1048/1048 1078/1078
f 1078/1078 1048/1048 1047/1047
f 1047/1047 1048/1048 1016/1016
f 1047/1047 1016/1016 1015/1015
f 1015/1015 1016/1016 984/984
f 1015/1015 984/984 983/983
f 983/983 984/984 953/953
f 983/983 953/953 952/952
f 952/952 953/953 922/922
f 952/952 922/922 921/921
f 921/921 922/922 891/891
f 921/921 891/891 890/890
f 890/890 891/891 861/861
f 890/890 861/861 860/860
f 860/860 861/861 832/832
f 860/860 832/832 831/831
f 831/831 832/832 804/804
f 831/831 804/804 803/803
f 803/803 804/804 778/778
f 803/803 778/778 777/777
f 777/777 778/778 768/768
f 777/777 768/768 767/767
f 767/767 768/768 765/765
f 767/767 765/765 764/764
f 765/765 768/768 766/766
f 766/766 768/768 769/769
f 766/766 769/769 770/770
f 766/766 770/770 771/771
f 766/766 771/771 772/772
f 766/766 772/772 773/773
f 766/766 773/773 774/774
f 766/766 774/774 775/775
f 766/766 775/775 761/761
f 761/761 775/775 776/776
f 761/761 776/776 787/787
f 761/761 787/787 788/788
f 761/761 788/788 789/789
f 761/761 789/789 790/790
f 761/761 790/790 791/791
f 761/761 791/791 760/760
f 760/760 791/791 792/792
f 760/760 792/792 793/793
f 760/760 793/793 794/794
f 760/760 794/794 795/795
f 760/760 795/795 796/796
f 760/760 796/796 797/797
f 797/797 796/796 822/822
f 797/797 822/822 823/823
f 797/797 823/823 798/798
f 798/798 823/823 824/824
f 798/798 824/824 799/799
f 799/799 824/824 825/825
f 799/799 825/825 800/800
f 800/800 825/825 826/826
f 800/800 826/826 801/801
f 801/801 826/826 827/827
f 801/801 827/827 802/802
f 802/802 827/827 828/828
f 802/802 828/828 829/829
f 829/829 828/828 856/856
f 829/829 856/856 857/857
f 829/829 857/857 830/830
f 830/830 857/857 858/858
f 830/830 858/858 859/859
f 859/859 858/858 887/887
f 859/859 887/887 888/888
f 888/888 887/887 917/917
f 888/888 917/917 918/918
f 918/918 917/917 948/948
f 918/918 948/948 949/949
f 918/918 949/949 919/919
f 919/919 949/949 950/950
f 950/950 949/949 980/980
f 950/950 980/980 981/981
f 981/981 980/980 1011/1011
f 981/981 1011/1011 1012/1012
f 981/981 1012/1012 982/982
f 982/982 1012/1012 1013/1013
f 1013/1013 1012/1012 1044/1044
f 1013/1013 1044/1044 1045/1045
f 1045/1045 1044/1044 1076/1076
f 1045/1045 1076/1076 1077/1077
f 1076/1076 1044/1044 1075/1075
f 1075/1075 1044/1044 1043/1043
f 1075/1075 1043/1043 1074/1074
f 1074/1074 1043/1043 1042/1042
f 1074/1074 1042/1042 1073/1073
f 1073/1073 1042/1042 1041/1041
f 1073/1073 1041/1041 1072/1072
f 1072/1072 1041/1041 1040/1040
f 1072/1072 1040/1040 1071/1071
f 1071/1071 1040/1040 1039/1039
f 1071/1071 1039/1039 1070/1070
f 1070/1070 1039/1039 1038/1038
f 1070/1070 1038/1038 1069/1069
f 1069/1069 1038/1038 1037/1037
f 1069/1069 1037/1037 1068/1068
f 1068/1068 1037/1037 1036/1036
f 1068/1068 1036/1036 1067/1067
f 1067/1067 1036/1036 1035/1035
f 1067/1067 1035/1035 1066/1066
f 1066/1066 1035/1035 1034/1034
f 1066/1066 1034/1034 1065/1065
f 1065/1065 1034/1034 1033/1033
f 1065/1065 1033/1033 1064/1064
f 1064/1064 1033/1033 1032/1032
f 1064/1064 1032/1032 1063/1063
f 1063/1063 1032/1032 1031/1031
f 1063/1063 1031/1031 1062/1062
f 1062/1062 1031/1031 1030/1030
f 1062/1062 1030/1030 1061/1061
f 1061/1061 1030/1030 1029/1029
f 1061/1061 1029/1029 1060/1060
f 1060/1060 1029/1029 1028/1028
f 1060/1060 1028/1028 1059/1059
f 1059/1059 1028/1028 1027/1027
f 1059/1059 1027/1027 1058/1058
f 1058/1058 1027/1027 1026/1026
f 1058/1058 1026/1026 1057/1057
f 1057/1057 1026/1026 1025/1025
f 1057/1057 1025/1025 1056/1056
f 1056/1056 1025/1025 1024/1024
f 1056/1056 1024/1024 1055/1055
f 1055/1055 1024/1024 1023/1023
f 1055/1055 1023/1023 1054/1054
f 1054/1054 1023/1023 1022/1022
f 1054/1054 1022/1022 1053/1053
f 1053/1053 1022/1022 1021/1021
f 1053/1053 1021/1021 1052/1052
f 1052/1052 1021/1021 1020/1020
f 1052/1052 1020/1020 1051/1051
f 1051/1051 1020/1020 1019/1019
f 1051/1051 1019/1019 1050/1050
f 1050/1050 1019/1019 1018/1018
f 1050/1050 1018/1018 1049/1049
f 1049/1049 1018/1018 1017/1017
f 1049/1049 1017/1017 1048/1048
f 1048/1048 1017/1017 1016/1016
f 1016/1016 1017/1017 985/985
f 1016/1016 985/985 984/984
f 984/984 985/985 954/954
f 984/984 954/954 953/953
f 953/953 954/954 923/923
f 953/953 923/923 922/922
f 922/922 923/923 892/892
f 922/922 892/892 891/891
f 891/891 892/892 862/862
f 891/891 862/862 861/861
f 861/861 862/862 833/833
f 861/861 833/833 832/832
f 832/832 833/833 805/805
f 832/832 805/805 804/804
f 804/804 805/805 779/779
f 804/804 779/779 778/778
f 778/778 779/779 769/769
f 778/778 769/769 768/768
f 769/769 779/779 770/770
f 770/770 779/779 780/780
f 770/770 780/780 771/771
f 771/771 780/780 781/781
f 771/771 781/781 772/772
f 772/772 781/781 782/782
f 772/772 782/782 773/773
f 773/773 782/782 783/783
f 773/773 783/783 774/774
f 774/774 783/783 784/784
f 774/774 784/784 775/775
f 775/775 784/784 785/785
f 775/775 785/785 776/776
f 776/776 785/785 786/786
f 776/776 786/786 787/787
f 787/787 786/786 812/812
f 787/787 812/812 813/813
f 787/787 813/813 788/788
f 788/788 813/813 814/814
f 788/788 814/814 789/789
f 789/789 814/814 815/815
f 789/789 815/815 790/790
f 790/790 815/815 816/816
f 790/790 816/816 791/791
f 791/791 816/816 817/817
f 791/791 817/817 792/792
f 792/792 817/817 818/818
f 792/792 818/818 793/793
f 793/793 818/818 819/819
f 793/793 819/819 794/794
f 794/794 819/819 820/820
f 794/794 820/820 795/795
f 795/795 820/820 821/821
f 795/795 821/821 796/796
f 796/796 821/821 822/822
f 822/822 821/821 849/849
f 822/822 849/849 850/850
f 822/822 850/850 823/823
f 823/823 850/850 851/851
f 823/823 851/851 824/824
f 824/824 851/851 852/852
f 824/824 852/852 825/825
f 825/825 852/852 853/853
f 825/825 853/853 826/826
f 826/826 853/853 854/854
f 826/826 854/854 827/827
f 827/827 854/854 855/855
f 827/827 855/855 828/828
f 828/828 855/855 856/856
f 856/856 855/855 884/884
f 856/856 884/884 885/885
f 856/856 885/885 857/857
f 857/857 885/885 886/886
f 857/857 886/886 858/858
f 858/858 886/886 887/887
f 887/887 886/886 916/916
f 887/887 916/916 917/917
f 917/917 916/916 947/947
f 917/917 947/947 948/948
f 948/948 947/947 978/978
f 948/948 978/978 979/979
f 948/948 979/979 949/949
f 949/949 979/979 980/980
f 980/980 979/979 1010/1010
f 980/980 1010/1010 1011/1011
f 1011/1011 1010/1010 1042/1042
f 1011/1011 1042/1042 1043/1043
f 1011/1011 1043/1043 1012/1012
f 1012/1012 1043/1043 1044/1044
f 1042/1042 1010/1010 1041/1041
f 1041/1041 1010/1010 1009/1009
f 1041/1041 1009/1009 1040/1040
f 1040/1040 1009/1009 1008/1008
f 1040/1040 1008/1008 1039/1039
f 1039/1039 1008/1008 1007/1007
f 1039/1039 1007/1007 1038/1038
f 1038/1038 1007/1007 1006/1006
f 1038/1038 1006/1006 1037/1037
f 1037/1037 1006/1006 1005/1005
f 1037/1037 1005/1005 1036/1036
f 1036/1036 1005/1005 1004/1004
f 1036/1036 1004/1004 1035/1035
f 1035/1035 1004/1004 1003/1003
f 1035/1035 1003/1003 1034/1034
f 1034/1034 1003/1003 1002/1002
f 1034/1034 1002/1002 1033/1033
f 1033/1033 1002/1002 1001/1001
f 1033/1033 1001/1001 1032/1032
f 1032/1032 1001/1001 1000/1000
f 1032/1032 1000/1000 1031/1031
f 1031/1031 1000/1000 999/999
f 1031/1031 999/999 1030/1030
f 1030/1030 999/999 998/998
f 1030/1030 998/998 1029/1029
f 1029/1029 998/998 997/997
f 1029/1029 997/997 1028/1028
f 1028/1028 997/997 996/996
f 1028/1028 996/996 1027/1027
f 1027/1027 996/996 995/995
f 1027/1027 995/995 1026/1026
f 1026/1026 995/995 994/994
f 1026/1026 994/994 1025/1025
f 1025/1025 994/994 993/993
f 1025/1025 993/993 1024/1024
f 1024/1024 993/993 992/992
f 1024/1024 992/992 1023/1023
f 1023/1023 992/992 991/991
f 1023/1023 991/991 1022/1022
f 1022/1022 991/991 990/990
f 1022/1022 990/990 1021/1021
f 1021/1021 990/990 989/989
f 1021/1021 989/989 1020/1020
f 1020/1020 989/989 988/988
f 1020/1020 988/988 1019/1019
f 1019/1019 988/988 987/987
f 1019/1019 987/987 1018/1018
f 1018/1018 987/987 986/986
f 1018/1018 986/986 1017/1017
f 1017/1017 986/986 985/985
f 985/985 986/986 955/955
f 985/985 955/955 954/954
f 954/954 955/955 924/924
f 954/954 924/924 923/923
f 923/923 924/924 893/893
f 923/923 893/893 892/892
f 892/892 893/893 863/863
f 892/892 863/863 862/862
f 862/862 863/863 834/834
f 862/862 834/834 833/833
f 833/833 834/834 806/806
f 833/833 806/806 805/805
f 805/805 806/806 780/780
f 805/805 780/780 779/779
f 780/780 806/806 781/781
f 781/781 806/806 807/807
f 781/781 807/807 782/782
f 782/782 807/807 808/808
f 782/782 808/808 783/783
f 783/783 808/808 809/809
f 783/783 809/809 784/784
f 784/784 809/809 810/810
f 784/784 810/810 785/785
f 785/785 810/810 811/811
f 785/785 811/811 786/786
f 786/786 811/811 812/812
f 812/812 811/811 839/839
f 812/812 839/839 840/840
f 812/812 840/840 813/813
f 813/813 840/840 841/841
f 813/813 841/841 814/814
f 814/814 841/841 842/842
f 814/814 842/842 815/815
f 815/815 842/842 843/843
f 815/815 843/843 816/816
f 816/816 843/843 844/844
f 816/816 844/844 817/817
f 817/817 844/844 845/845
f 817/817 845/845 818/818
f 818/818 845/845 846/846
f 818/818 846/846 819/819
f 819/819 846/846 847/847
f 819/819 847/847 820/820
f 820/820 847/847 848/848
f 820/820 848/848 821/821
f 821/821 848/848 849/849
f 849/849 848/848 877/877
f 849/849 877/877 878/878
f 849/849 878/878 850/850
f 850/850 878/878 879/879
f 850/850 879/879 851/851
f 851/851 879/879 880/880
f 851/851 880/880 852/852
f 852/852 880/880 881/881
f 852/852 881/881 853/853
f 853/853 881/881 882/882
f 853/853 882/882 854/854
f 854/854 882/882 883/883
f 854/854 883/883 855/855
f 855/855 883/883 884/884
f 884/884 883/883 913/913
f 884/884 913/913 914/914
f 884/884 914/914 885/885
f 885/885 914/914 915/915
f 885/885 915/915 886/886
f 886/886 915/915 916/916
f 916/916 915/915 946/946
f 916/916 946/946 947/947
f 947/947 946/946 977/977
f 947/947 977/977 978/978
f 978/978 977/977 1008/1008
f 978/978 1008/1008 1009/1009
f 978/978 1009/1009 979/979
f 979/979 1009/1009 1010/1010
f 1008/1008 977/977 1007/1007
f 1007/1007 977/977 976/976
f 1007/1007 976/976 1006/1006
f 1006/1006 976/976 975/975
f 1006/1006 975/975 1005/1005
f 1005/1005 975/975 974/974
f 1005/1005 974/974 1004/1004
f 1004/1004 974/974 973/973
f 1004/1004 973/973 1003/1003
f 1003/1003 973/973 972/972
f 1003/1003 972/972 1002/1002
f 1002/1002 972/972 971/971
f 1002/1002 971/971 1001/1001
f 1001/1001 971/971 970/970
f 1001/1001 970/970 1000/1000
f 1000/1000 970/970 969/969
f 1000/1000 969/969 999/999
f 999/999 969/969 968/968
f 999/999 968/968 998/998
f 998/998 968/968 967/967
f 998/998 967/967 997/997
f 997/997 967/967 966/966
f 997/997 966/966 996/996
f 996/996 966/966 965/965
f 996/996 965/965 995/995
f 995/995 965/965 964/964
f 995/995 964/964 994/994
f 994/994 964/964 963/963
f 994/994 963/963 993/993
f 993/993 963/963 962/962
f 993/993 962/962 992/992
f 992/992 962/962 961/961
f 992/992 961/961 991/991
f 991/991 961/961 960/960
f 991/991 960/960 990/990
f 990/990 960/960 959/959
f 990/990 959/959 989/989
f 989/989 959/959 958/958
f 989/989 958/958 988/988
f 988/988 958/958 957/957
f 988/988 957/957 987/987
f 987/987 957/957 956/956
f 987/987 956/956 986/986
f 986/986 956/956 955/955
f 955/955 956/956 925/925
f 955/955 925/925 924/924
f 924/924 925/925 894/894
f 924/924 894/894 893/893
f 893/893 894/894 864/864
f 893/893 864/864 863/863
f 863/863 864/864 835/835
f 863/863 835/835 834/834
f 834/834 835/835 807/807
f 834/834 807/807 806/806
f 807/807 835/835 808/808
f 808/808 835/835 836/836
f 808/808 836/836 809/809
f 809/809 836/836 837/837
f 809/809 837/837 810/810
f 810/810 837/837 838/838
f 810/810 838/838 811/811
f 811/811 838/838 839/839
f 839/839 838/838 867/867
f 839/839 867/867 868/868
f 839/839 868/868 840/840
f 840/840 868/868 869/869
f 840/840 869/869 841/841
f 841/841 869/869 870/870
f 841/841 870/870 842/842
f 842/842 870/870 871/871
f 842/842 871/871 843/843
f 843/843 871/871 872/872
f 843/843 872/872 844/844
f 844/844 872/872 873/873
f 844/844 873/873 845/845
f 845/845 873/873 874/874
f 845/845 874/874 846/846
f 846/846 874/874 875/875
f 846/846 875/875 847/847
f 847/847 875/875 876/876
f 847/847 876/876 848/848
f 848/848 876/876 877/877
f 877/877 876/876 906/906
f 877/877 906/906 907/907
f 877/877 907/907 878/878
f 878/878 907/907 908/908
f 878/878 908/908 879/879
f 879/879 908/908 909/909
f 879/879 909/909 880/880
f 880/880 909/909 910/910
f 880/880 910/910 881/881
f 881/881 910/910 911/911
f 881/881 911/911 882/882
f 882/882 911/911 912/912
f 882/882 912/912 883/883
f 883/883 912/912 913/913
f 913/913 912/912 943/943
f 913/913 943/943 944/944
f 913/913 944/944 914/914
f 914/914 944/944 945/945
f 914/914 945/945 915/915
f 915/915 945/945 946/946
f 946/946 945/945 976/976
f 946/946 976/976 977/977
f 976/976 945/945 975/975
f 975/975 945/945 944/944
f 975/975 944/944 974/974
f 974/974 944/944 943/943
f 974/974 943/943 973/973
f 973/973 943/943 942/942
f 973/973 942/942 972/972
f 972/972 942/942 941/941
f 972/972 941/941 971/971
f 971/971 941/941 940/940
f 971/971 940/940 970/970
f 970/970 940/940 939/939
f 970/970 939/939 969/969
f 969/969 939/939 938/938
f 969/969 938/938 968/968
f 968/968 938/938 937/937
f 968/968 937/937 967/967
f 967/967 937/937 936/936
f 967/967 936/936 966/966
f 966/966 936/936 935/935
f 966/966 935/935 965/965
f 965/965 935/935 934/934
f 965/965 934/934 964/964
f 964/964 934/934 933/933
f 964/964 933/933 963/963
f 963/963 933/933 932/932
f 963/963 932/932 962/962
f 962/962 932/932 931/931
f 962/962 931/931 961/961
f 961/961 931/931 930/930
f 961/961 930/930 960/960
f 960/960 930/930 929/929
f 960/960 929/929 959/959
f 959/959 929/929 928/928
f 959/959 928/928 958/958
f 958/958 928/928 927/927
f 958/958 927/927 957/957
f 957/957 927/927 926/926
f 957/957 926/926 956/956
f 956/956 926/926 925/925
f 925/925 926/926 895/895
f 925/925 895/895 894/894
f 894/894 895/895 865/865
f 894/894 865/865 864/864
f 864/864 865/865 836/836
f 864/864 836/836 835/835
f 836/836 865/865 837/837
f 837/837 865/865 866/866
f 837/837 866/866 838/838
f 838/838 866/866 867/867
f 867/867 866/866 896/896
f 867/867 896/896 897/897
f 867/867 897/897 868/868
f 868/868 897/897 898/898
f 868/868 898/898 869/869
f 869/869 898/898 899/899
f 869/869 899/899 870/870
f 870/870 899/899 900/900
f 870/870 900/900 871/871
f 871/871 900/900 901/901
f 871/871 901/901 872/872
f 872/872 901/901 902/902
f 872/872 902/902 873/873
f 873/873 902/902 903/903
f 873/873 903/903 874/874
f 874/874 903/903 904/904
f 874/874 904/904 875/875
f 875/875 904/904 905/905
f 875/875 905/905 876/876
f 876/876 905/905 906/906
f 906/906 905/905 936/936
f 906/906 936/936 937/937
f 906/906 937/937 907/907
f 907/907 937/937 938/938
f 907/907 938/938 908/908
f 908/908 938/938 939/939
f 908/908 939/939 909/909
f 909/909 939/939 940/940
f 909/909 940/940 910/910
f 910/910 940/940 941/941
f 910/910 941/941 911/911
f 911/911 941/941 942/942
f 911/911 942/942 912/912
f 912/912 942/942 943/943
f 936/936 905/905 935/935
f 935/935 905/905 904/904
f 935/935 904/904 934/934
f 934/934 904/904 903/903
f 934/934 903/903 933/933
f 933/933 903/903 902/902
f 933/933 902/902 932/932
f 932/932 902/902 901/901
f 932/932 901/901 931/931
f 931/931 901/901 900/900
f 931/931 900/900 930/930
f 930/930 900/900 899/899
f 930/930 899/899 929/929
f 929/929 899/899 898/898
f 929/929 898/898 928/928
f 928/928 898/898 897/897
f 928/928 897/897 927/927
f 927/927 897/897 896/896
f 927/927 896/896 926/926
f 926/926 896/896 895/895
f 895/895 896/896 866/866
f 895/895 866/866 865/865

g back_right_panel
usemtl Material_back_right_panel
v 0.00780 1.28540 -0.17440
v 0.00000 0.32300 -0.24000
v 0.17450 0.32300 -0.07870
v 0.16890 0.66600 -0.11080
v 0.16440 0.86200 -0.12490
v 0.16890 1.07600 -0.11080
v 0.16640 1.10800 -0.11910
v 0.16300 1.13920 -0.12860
v 0.16320 1.16780 -0.13850
v 0.16730 1.19330 -0.13790
v 0.16750 1.20990 -0.15320
v 0.16160 1.26920 -0.15920
v 0.12280 1.32630 -0.05860
v 0.06990 1.33480 -0.05050
v 0.06000 1.33430 -0.04480
v 0.02100 1.30220 -0.17280
v 0.01070 1.29230 -0.17340
v 0.01790 1.28710 -0.17570
v 0.01860 0.35300 -0.23900
v 0.01860 0.38300 -0.23900
v 0.01860 0.41300 -0.23900
v 0.01860 0.44300 -0.23900
v 0.01860 0.47300 -0.23900
v 0.01860 0.50300 -0.23900
v 0.01860 0.53300 -0.23900
v 0.01860 0.56300 -0.23900
v 0.01860 0.59300 -0.23900
v 0.01860 0.62300 -0.23900
v 0.01860 0.65300 -0.23900
v 0.01860 0.68300 -0.23900
v 0.01860 0.71300 -0.23900
v 0.01860 0.74300 -0.23900
v 0.01860 0.77300 -0.23900
v 0.01860 0.80300 -0.23900
v 0.01860 0.83300 -0.23900
v 0.01860 0.86300 -0.23900
v 0.01860 0.89300 -0.23900
v 0.01860 0.92300 -0.23900
v 0.01860 0.95300 -0.23900
v 0.01860 0.98300 -0.23900
v 0.01860 1.01300 -0.23900
v 0.01860 1.04300 -0.23900
v 0.01860 1.07300 -0.23900
v 0.01860 1.10300 -0.23900
v 0.01860 1.13300 -0.23900
v 0.01860 1.16300 -0.23900
v 0.01860 1.19300 -0.20540
v 0.01610 1.22360 -0.18370
v 0.01060 1.25920 -0.17910
v 0.03700 0.35300 -0.23600
v 0.03700 0.38300 -0.23600
v 0.03700 0.41300 -0.23600
v 0.03700 0.44300 -0.23600
v 0.03700 0.47300 -0.23600
v 0.03700 0.50300 -0.23600
v 0.03700 0.53300 -0.23600
v 0.03700 0.56300 -0.23600
v 0.03700 0.59300 -0.23600
v 0.03700 0.62300 -0.23600
v 0.03700 0.65300 -0.23600
v 0.03700 0.68300 -0.23600
v 0.03700 0.71300 -0.23600
v 0.03700 0.74300 -0.23600
v 0.03700 0.77300 -0.23600
v 0.03700 0.80300 -0.23600
v 0.03700 0.83300 -0.23600
v 0.03700 0.86300 -0.23600
v 0.03700 0.89300 -0.23600
v 0.03700 0.92300 -0.23600
v 0.03700 0.95300 -0.23600
v 0.03700 0.98300 -0.23600
v 0.03700 1.01300 -0.23600
v 0.03700 1.04300 -0.23600
v 0.03700 1.07300 -0.23600
v 0.03700 1.10300 -0.23600
v 0.03700 1.13300 -0.23600
v 0.03700 1.16300 -0.23600
v 0.03700 1.19300 -0.20310
v 0.03220 1.22370 -0.18830
v 0.02480 1.25980 -0.18230
v 0.05500 0.35300 -0.23110
v 0.05500 0.38300 -0.23110
v 0.05500 0.41300 -0.23110
v 0.05500 0.44300 -0.23110
v 0.05500 0.47300 -0.23110
v 0.05500 0.50300 -0.23110
v 0.05500 0.53300 -0.23110
v 0.05500 0.56300 -0.23110
v 0.05500 0.59300 -0.23110
v 0.05500 0.62300 -0.23110
v 0.05500 0.65300 -0.23110
v 0.05500 0.68300 -0.23110
v 0.05500 0.71300 -0.23110
v 0.05500 0.74300 -0.23110
v 0.05500 0.77300 -0.23110
v 0.05500 0.80300 -0.23110
v 0.05500 0.83300 -0.23110
v 0.05500 0.86300 -0.23110
v 0.05500 0.89300 -0.23110
v 0.05500 0.92300 -0.23110
v 0.05500 0.95300 -0.23110
v 0.05500 0.98300 -0.23110
v 0.05500 1.01300 -0.23110
v 0.05500 1.04300 -0.23110
v 0.05500 1.07300 -0.23110
v 0.05500 1.10300 -0.23110
v 0.05500 1.13300 -0.23110
v 0.05500 1.16300 -0.23110
v 0.05500 1.19300 -0.19910
v 0.04960 1.22380 -0.19300
v 0.04450 1.26290 -0.18770
v 0.08250 1.33210 -0.05490
v 0.07240 0.35300 -0.22430
v 0.07240 0.38300 -0.22430
v 0.07240 0.41300 -0.22430
v 0.07240 0.44300 -0.22430
v 0.07240 0.47300 -0.22430
v 0.07240 0.50300 -0.22430
v 0.07240 0.53300 -0.22430
v 0.07240 0.56300 -0.22430
v 0.07240 0.59300 -0.22430
v 0.07240 0.62300 -0.22430
v 0.07240 0.65300 -0.22430
v 0.07240 0.68300 -0.22430
v 0.07240 0.71300 -0.22430
v 0.07240 0.74300 -0.22430
v 0.07240 0.77300 -0.22430
v 0.07240 0.80300 -0.22430
v 0.07240 0.83300 -0.22430
v 0.07240 0.86300 -0.22430
v 0.07240 0.89300 -0.22430
v 0.07240 0.92300 -0.22430
v 0.07240 0.95300 -0.22430
v 0.07240 0.98300 -0.22430
v 0.07240 1.01300 -0.22430
v 0.07240 1.04300 -0.22430
v 0.07240 1.07300 -0.22430
v 0.07240 1.10300 -0.22430
v 0.07240 1.13300 -0.22430
v 0.07240 1.16300 -0.22430
v 0.07240 1.19300 -0.19360
v 0.07180 1.22430 -0.19570
v 0.07190 1.26580 -0.19040
v 0.09260 1.33350 -0.06170
v 0.08890 0.35300 -0.21570
v 0.08890 0.38300 -0.21570
v 0.08890 0.41300 -0.21570
v 0.08890 0.44300 -0.21570
v 0.08890 0.47300 -0.21570
v 0.08890 0.50300 -0.21570
v 0.08890 0.53300 -0.21570
v 0.08890 0.56300 -0.21570
v 0.08890 0.59300 -0.21570
v 0.08890 0.62300 -0.21570
v 0.08890 0.65300 -0.21570
v 0.08890 0.68300 -0.21570
v 0.08890 0.71300 -0.21570
v 0.08890 0.74300 -0.21570
v 0.08890 0.77300 -0.21570
v 0.08890 0.80300 -0.21570
v 0.08890 0.83300 -0.21570
v 0.08890 0.86300 -0.21570
v 0.08890 0.89300 -0.21570
v 0.08890 0.92300 -0.21570
v 0.08890 0.95300 -0.21570
v 0.08890 0.98300 -0.21570
v 0.08890 1.01300 -0.21570
v 0.08890 1.04300 -0.21570
v 0.08890 1.07300 -0.21570
v 0.08890 1.10300 -0.21570
v 0.08890 1.13300 -0.21570
v 0.08890 1.16300 -0.21570
v 0.08980 1.19250 -0.19060
v 0.09590 1.22100 -0.19230
v 0.09890 1.26610 -0.18750
v 0.10440 0.35300 -0.20540
v 0.10440 0.38300 -0.20540
v 0.10440 0.41300 -0.20540
v 0.10440 0.44300 -0.20540
v 0.10440 0.47300 -0.20540
v 0.10440 0.50300 -0.20540
v 0.10440 0.53300 -0.20540
v 0.10440 0.56300 -0.20540
v 0.10440 0.59300 -0.20540
v 0.10440 0.62300 -0.20540
v 0.10440 0.65300 -0.20540
v 0.10440 0.68300 -0.20540
v 0.10440 0.71300 -0.20540
v 0.10440 0.74300 -0.20540
v 0.10440 0.77300 -0.20540
v 0.10440 0.80300 -0.20540
v 0.10440 0.83300 -0.20540
v 0.10440 0.86300 -0.20540
v 0.10440 0.89300 -0.20540
v 0.10440 0.92300 -0.20540
v 0.10440 0.95300 -0.20540
v 0.10440 0.98300 -0.20540
v 0.10440 1.01300 -0.20540
v 0.10440 1.04300 -0.20540
v 0.10440 1.07300 -0.20540
v 0.10440 1.10300 -0.20540
v 0.10440 1.13300 -0.20540
v 0.10440 1.16300 -0.20540
v 0.10780 1.19140 -0.18570
v 0.11930 1.22070 -0.18380
v 0.12870 1.25870 -0.17910
v 0.11880 0.35300 -0.19350
v 0.11880 0.38300 -0.19350
v 0.11880 0.41300 -0.19350
v 0.11880 0.44300 -0.19350
v 0.11880 0.47300 -0.19350
v 0.11880 0.50300 -0.19350
v 0.11880 0.53300 -0.19350
v 0.11880 0.56300 -0.19350
v 0.11880 0.59300 -0.19350
v 0.11880 0.62300 -0.19350
v 0.11880 0.65300 -0.19350
v 0.11880 0.68300 -0.19350
v 0.11880 0.71300 -0.19350
v 0.11880 0.74300 -0.19350
v 0.11880 0.77300 -0.19350
v 0.11880 0.80300 -0.19350
v 0.11880 0.83300 -0.19350
v 0.11880 0.86300 -0.19350
v 0.11880 0.89300 -0.19350
v 0.11880 0.92300 -0.19350
v 0.11880 0.95300 -0.19350
v 0.11880 0.98300 -0.19350
v 0.11880 1.01300 -0.19350
v 0.11880 1.04300 -0.19350
v 0.11880 1.07300 -0.19350
v 0.11880 1.10300 -0.19350
v 0.11880 1.13300 -0.19350
v 0.11880 1.16300 -0.19350
v 0.12330 1.19090 -0.17850
v 0.13550 1.22000 -0.17610
v 0.14650 1.26500 -0.16880
v 0.13180 0.35300 -0.18010
v 0.13180 0.38300 -0.18010
v 0.13180 0.41300 -0.18010
v 0.13180 0.44300 -0.18010
v 0.13180 0.47300 -0.18010
v 0.13180 0.50300 -0.18010
v 0.13180 0.53300 -0.18010
v 0.13180 0.56300 -0.18010
v 0.13180 0.59300 -0.18010
v 0.13180 0.62300 -0.18010
v 0.13180 0.65300 -0.18010
v 0.13180 0.68300 -0.18010
v 0.13180 0.71300 -0.18010
v 0.13180 0.74300 -0.18010
v 0.13180 0.77300 -0.18010
v 0.13180 0.80300 -0.18010
v 0.13180 0.83300 -0.18010
v 0.13180 0.86300 -0.18010
v 0.13180 0.89300 -0.18010
v 0.13180 0.92300 -0.18010
v 0.13180 0.95300 -0.18010
v 0.13180 0.98300 -0.18010
v 0.13180 1.01300 -0.18010
v 0.13180 1.04300 -0.18010
v 0.13180 1.07300 -0.18010
v 0.13180 1.10300 -0.18010
v 0.13180 1.13300 -0.18010
v 0.13180 1.16300 -0.18010
v 0.13920 1.18970 -0.16970
v 0.15080 1.21810 -0.16740
v 0.14330 0.35300 -0.16550
v 0.14330 0.38300 -0.16550
v 0.14330 0.41300 -0.16550
v 0.14330 0.44300 -0.16550
v 0.14330 0.47300 -0.16550
v 0.14330 0.50300 -0.16550
v 0.14330 0.53300 -0.16550
v 0.14330 0.56300 -0.16550
v 0.14330 0.59300 -0.16550
v 0.14330 0.62300 -0.16550
v 0.14330 0.65300 -0.16550
v 0.14330 0.68300 -0.16550
v 0.14330 0.71300 -0.16550
v 0.14330 0.74300 -0.16550
v 0.14330 0.77300 -0.16550
v 0.14330 0.80300 -0.16550
v 0.14330 0.83300 -0.16550
v 0.14330 0.86300 -0.16550
v 0.14330 0.89300 -0.16550
v 0.14330 0.92300 -0.16550
v 0.14330 0.95300 -0.16550
v 0.14330 0.98300 -0.16550
v 0.14330 1.01300 -0.16550
v 0.14330 1.04300 -0.16550
v 0.14330 1.07300 -0.16550
v 0.14330 1.10300 -0.16550
v 0.14330 1.13300 -0.16550
v 0.14330 1.16300 -0.16550
v 0.15410 1.18920 -0.15900
v 0.15320 0.35300 -0.14970
v 0.15320 0.38300 -0.14970
v 0.15320 0.41300 -0.14970
v 0.15320 0.44300 -0.14970
v 0.15320 0.47300 -0.14970
v 0.15320 0.50300 -0.14970
v 0.15320 0.53300 -0.14970
v 0.15320 0.56300 -0.14970
v 0.15320 0.59300 -0.14970
v 0.15320 0.62300 -0.14970
v 0.15320 0.65300 -0.14970
v 0.15320 0.68300 -0.14970
v 0.15320 0.71300 -0.14970
v 0.15320 0.74300 -0.14970
v 0.15320 0.77300 -0.14970
v 0.15320 0.80300 -0.14970
v 0.15320 0.83300 -0.14970
v 0.15320 0.86300 -0.14970
v 0.15320 0.89300 -0.14970
v 0.15320 0.92300 -0.14970
v 0.15320 0.95300 -0.14970
v 0.15320 0.98300 -0.14970
v 0.15320 1.01300 -0.14970
v 0.15320 1.04300 -0.14970
v 0.15320 1.07300 -0.14970
v 0.15320 1.10300 -0.14970
v 0.15320 1.13300 -0.14970
v 0.15320 1.16300 -0.14970
v 0.16130 0.35300 -0.13290
v 0.16130 0.38300 -0.13290
v 0.16130 0.41300 -0.13290
v 0.16130 0.44300 -0.13290
v 0.16130 0.47300 -0.13290
v 0.16130 0.50300 -0.13290
v 0.16130 0.53300 -0.13290
v 0.16130 0.56300 -0.13290
v 0.16130 0.59300 -0.13290
v 0.16130 0.62300 -0.13290
v 0.16130 0.65300 -0.13290
v 0.16130 0.68300 -0.13290
v 0.16130 0.71300 -0.13290
v 0.16130 0.74300 -0.13290
v 0.16130 0.77300 -0.13290
v 0.16130 0.80300 -0.13290
v 0.16130 0.83300 -0.13290
v 0.16130 0.86300 -0.13290
v 0.16130 0.89300 -0.13290
v 0.16130 0.92300 -0.13290
v 0.16130 0.95300 -0.13290
v 0.16130 0.98300 -0.13290
v 0.16130 1.01300 -0.13290
v 0.16130 1.04300 -0.13290
v 0.16130 1.07300 -0.13290
v 0.16130 1.10300 -0.13290
v 0.16760 0.35300 -0.11530
v 0.16760 0.38300 -0.11530
v 0.16760 0.41300 -0.11530
v 0.16760 0.44300 -0.11530
v 0.16760 0.47300 -0.11530
v 0.16760 0.50300 -0.11530
v 0.16760 0.53300 -0.11530
v 0.16760 0.56300 -0.11530
v 0.16760 0.59300 -0.11530
v 0.16760 0.62300 -0.11530
v 0.17200 0.35300 -0.09720
v 0.17200 0.38300 -0.09720
v 0.17200 0.41300 -0.09720
vt 0.00000 0.97040
vt 0.00000 0.00000
vt 1.00000 0.00000
vt 0.87500 0.35000
vt 0.81850 0.55000
vt 0.87500 0.76840
vt 0.84210 0.80100
vt 0.80350 0.83290
vt 0.75910 0.86390
vt 0.70890 0.89410
vt 0.65300 0.92340
vt 0.59130 0.95190
vt 0.52380 0.97960
vt 0.20240 1.00000
vt 0.16190 0.98930
vt 0.12140 0.98110
vt 0.08100 0.97510
vt 0.04050 0.97160
vt 0.07140 0.03060
vt 0.07140 0.06120
vt 0.07140 0.09180
vt 0.07140 0.12240
vt 0.07140 0.15310
vt 0.07140 0.18370
vt 0.07140 0.21430
vt 0.07140 0.24490
vt 0.07140 0.27550
vt 0.07140 0.30610
vt 0.07140 0.33670
vt 0.07140 0.36730
vt 0.07140 0.39800
vt 0.07140 0.42860
vt 0.07140 0.45920
vt 0.07140 0.48980
vt 0.07140 0.52040
vt 0.07140 0.55100
vt 0.07140 0.58160
vt 0.07140 0.61220
vt 0.07140 0.64290
vt 0.07140 0.67350
vt 0.07140 0.70410
vt 0.07140 0.73470
vt 0.07140 0.76530
vt 0.07140 0.79590
vt 0.07140 0.82650
vt 0.07140 0.85710
vt 0.07140 0.88780
vt 0.07140 0.91840
vt 0.07140 0.94900
vt 0.14290 0.03060
vt 0.14290 0.06120
vt 0.14290 0.09180
vt 0.14290 0.12240
vt 0.14290 0.15310
vt 0.14290 0.18370
vt 0.14290 0.21430
vt 0.14290 0.24490
vt 0.14290 0.27550
vt 0.14290 0.30610
vt 0.14290 0.33670
vt 0.14290 0.36730
vt 0.14290 0.39800
vt 0.14290 0.42860
vt 0.14290 0.45920
vt 0.14290 0.48980
vt 0.14290 0.52040
vt 0.14290 0.55100
vt 0.14290 0.58160
vt 0.14290 0.61220
vt 0.14290 0.64290
vt 0.14290 0.67350
vt 0.14290 0.70410
vt 0.14290 0.73470
vt 0.14290 0.76530
vt 0.14290 0.79590
vt 0.14290 0.82650
vt 0.14290 0.85710
vt 0.14290 0.88780
vt 0.14290 0.91840
vt 0.14290 0.94900
vt 0.21430 0.03060
vt 0.21430 0.06120
vt 0.21430 0.09180
vt 0.21430 0.12240
vt 0.21430 0.15310
vt 0.21430 0.18370
vt 0.21430 0.21430
vt 0.21430 0.24490
vt 0.21430 0.27550
vt 0.21430 0.30610
vt 0.21430 0.33670
vt 0.21430 0.36730
vt 0.21430 0.39800
vt 0.21430 0.42860
vt 0.21430 0.45920
vt 0.21430 0.48980
vt 0.21430 0.52040
vt 0.21430 0.55100
vt 0.21430 0.58160
vt 0.21430 0.61220
vt 0.21430 0.64290
vt 0.21430 0.67350
vt 0.21430 0.70410
vt 0.21430 0.73470
vt 0.21430 0.76530
vt 0.21430 0.79590
vt 0.21430 0.82650
vt 0.21430 0.85710
vt 0.21430 0.88780
vt 0.21430 0.91840
vt 0.21430 0.94900
vt 0.21430 0.97960
vt 0.28570 0.03060
vt 0.28570 0.06120
vt 0.28570 0.09180
vt 0.28570 0.12240
vt 0.28570 0.15310
vt 0.28570 0.18370
vt 0.28570 0.21430
vt 0.28570 0.24490
vt 0.28570 0.27550
vt 0.28570 0.30610
vt 0.28570 0.33670
vt 0.28570 0.36730
vt 0.28570 0.39800
vt 0.28570 0.42860
vt 0.28570 0.45920
vt 0.28570 0.48980
vt 0.28570 0.52040
vt 0.28570 0.55100
vt 0.28570 0.58160
vt 0.28570 0.61220
vt 0.28570 0.64290
vt 0.28570 0.67350
vt 0.28570 0.70410
vt 0.28570 0.73470
vt 0.28570 0.76530
vt 0.28570 0.79590
vt 0.28570 0.82650
vt 0.28570 0.85710
vt 0.28570 0.88780
vt 0.28570 0.91840
vt 0.28570 0.94900
vt 0.28570 0.97960
vt 0.35710 0.03060
vt 0.35710 0.06120
vt 0.35710 0.09180
vt 0.35710 0.12240
vt 0.35710 0.15310
vt 0.35710 0.18370
vt 0.35710 0.21430
vt 0.35710 0.24490
vt 0.35710 0.27550
vt 0.35710 0.30610
vt 0.35710 0.33670
vt 0.35710 0.36730
vt 0.35710 0.39800
vt 0.35710 0.42860
vt 0.35710 0.45920
vt 0.35710 0.48980
vt 0.35710 0.52040
vt 0.35710 0.55100
vt 0.35710 0.58160
vt 0.35710 0.61220
vt 0.35710 0.64290
vt 0.35710 0.67350
vt 0.35710 0.70410
vt 0.35710 0.73470
vt 0.35710 0.76530
vt 0.35710 0.79590
vt 0.35710 0.82650
vt 0.35710 0.85710
vt 0.35710 0.88780
vt 0.35710 0.91840
vt 0.35710 0.94900
vt 0.42860 0.03060
vt 0.42860 0.06120
vt 0.42860 0.09180
vt 0.42860 0.12240
vt 0.42860 0.15310
vt 0.42860 0.18370
vt 0.42860 0.21430
vt 0.42860 0.24490
vt 0.42860 0.27550
vt 0.42860 0.30610
vt 0.42860 0.33670
vt 0.42860 0.36730
vt 0.42860 0.39800
vt 0.42860 0.42860
vt 0.42860 0.45920
vt 0.42860 0.48980
vt 0.42860 0.52040
vt 0.42860 0.55100
vt 0.42860 0.58160
vt 0.42860 0.61220
vt 0.42860 0.64290
vt 0.42860 0.67350
vt 0.42860 0.70410
vt 0.42860 0.73470
vt 0.42860 0.76530
vt 0.42860 0.79590
vt 0.42860 0.82650
vt 0.42860 0.85710
vt 0.42860 0.88780
vt 0.42860 0.91840
vt 0.42860 0.94900
vt 0.50000 0.03060
vt 0.50000 0.06120
vt 0.50000 0.09180
vt 0.50000 0.12240
vt 0.50000 0.15310
vt 0.50000 0.18370
vt 0.50000 0.21430
vt 0.50000 0.24490
vt 0.50000 0.27550
vt 0.50000 0.30610
vt 0.50000 0.33670
vt 0.50000 0.36730
vt 0.50000 0.39800
vt 0.50000 0.42860
vt 0.50000 0.45920
vt 0.50000 0.48980
vt 0.50000 0.52040
vt 0.50000 0.55100
vt 0.50000 0.58160
vt 0.50000 0.61220
vt 0.50000 0.64290
vt 0.50000 0.67350
vt 0.50000 0.70410
vt 0.50000 0.73470
vt 0.50000 0.76530
vt 0.50000 0.79590
vt 0.50000 0.82650
vt 0.50000 0.85710
vt 0.50000 0.88780
vt 0.50000 0.91840
vt 0.50000 0.94900
vt 0.57140 0.03060
vt 0.57140 0.06120
vt 0.57140 0.09180
vt 0.57140 0.12240
vt 0.57140 0.15310
vt 0.57140 0.18370
vt 0.57140 0.21430
vt 0.57140 0.24490
vt 0.57140 0.27550
vt 0.57140 0.30610
vt 0.57140 0.33670
vt 0.57140 0.36730
vt 0.57140 0.39800
vt 0.57140 0.42860
vt 0.57140 0.45920
vt 0.57140 0.48980
vt 0.57140 0.52040
vt 0.57140 0.55100
vt 0.57140 0.58160
vt 0.57140 0.61220
vt 0.57140 0.64290
vt 0.57140 0.67350
vt 0.57140 0.70410
vt 0.57140 0.73470
vt 0.57140 0.76530
vt 0.57140 0.79590
vt 0.57140 0.82650
vt 0.57140 0.85710
vt 0.57140 0.88780
vt 0.57140 0.91840
vt 0.64290 0.03060
vt 0.64290 0.06120
vt 0.64290 0.09180
vt 0.64290 0.12240
vt 0.64290 0.15310
vt 0.64290 0.18370
vt 0.64290 0.21430
vt 0.64290 0.24490
vt 0.64290 0.27550
vt 0.64290 0.30610
vt 0.64290 0.33670
vt 0.64290 0.36730
vt 0.64290 0.39800
vt 0.64290 0.42860
vt 0.64290 0.45920
vt 0.64290 0.48980
vt 0.64290 0.52040
vt 0.64290 0.55100
vt 0.64290 0.58160
vt 0.64290 0.61220
vt 0.64290 0.64290
vt 0.64290 0.67350
vt 0.64290 0.70410
vt 0.64290 0.73470
vt 0.64290 0.76530
vt 0.64290 0.79590
vt 0.64290 0.82650
vt 0.64290 0.85710
vt 0.64290 0.88780
vt 0.71430 0.03060
vt 0.71430 0.06120
vt 0.71430 0.09180
vt 0.71430 0.12240
vt 0.71430 0.15310
vt 0.71430 0.18370
vt 0.71430 0.21430
vt 0.71430 0.24490
vt 0.71430 0.27550
vt 0.71430 0.30610
vt 0.71430 0.33670
vt 0.71430 0.36730
vt 0.71430 0.39800
vt 0.71430 0.42860
vt 0.71430 0.45920
vt 0.71430 0.48980
vt 0.71430 0.52040
vt 0.71430 0.55100
vt 0.71430 0.58160
vt 0.71430 0.61220
vt 0.71430 0.64290
vt 0.71430 0.67350
vt 0.71430 0.70410
vt 0.71430 0.73470
vt 0.71430 0.76530
vt 0.71430 0.79590
vt 0.71430 0.82650
vt 0.71430 0.85710
vt 0.78570 0.03060
vt 0.78570 0.06120
vt 0.78570 0.09180
vt 0.78570 0.12240
vt 0.78570 0.15310
vt 0.78570 0.18370
vt 0.78570 0.21430
vt 0.78570 0.24490
vt 0.78570 0.27550
vt 0.78570 0.30610
vt 0.78570 0.33670
vt 0.78570 0.36730
vt 0.78570 0.39800
vt 0.78570 0.42860
vt 0.78570 0.45920
vt 0.78570 0.48980
vt 0.78570 0.52040
vt 0.78570 0.55100
vt 0.78570 0.58160
vt 0.78570 0.61220
vt 0.78570 0.64290
vt 0.78570 0.67350
vt 0.78570 0.70410
vt 0.78570 0.73470
vt 0.78570 0.76530
vt 0.78570 0.79590
vt 0.85710 0.03060
vt 0.85710 0.06120
vt 0.85710 0.09180
vt 0.85710 0.12240
vt 0.85710 0.15310
vt 0.85710 0.18370
vt 0.85710 0.21430
vt 0.85710 0.24490
vt 0.85710 0.27550
vt 0.85710 0.30610
vt 0.92860 0.03060
vt 0.92860 0.06120
vt 0.92860 0.09180
f 1109/1109 1110/1110 1142/1142
f 1109/1109 1142/1142 1143/1143
f 1109/1109 1143/1143 1144/1144
f 1109/1109 1144/1144 1145/1145
f 1109/1109 1145/1145 1146/1146
f 1109/1109 1146/1146 1147/1147
f 1109/1109 1147/1147 1148/1148
f 1109/1109 1148/1148 1149/1149
f 1109/1109 1149/1149 1150/1150
f 1109/1109 1150/1150 1151/1151
f 1109/1109 1151/1151 1152/1152
f 1109/1109 1152/1152 1153/1153
f 1109/1109 1153/1153 1154/1154
f 1109/1109 1154/1154 1155/1155
f 1109/1109 1155/1155 1156/1156
f 1109/1109 1156/1156 1157/1157
f 1109/1109 1157/1157 1126/1126
f 1122/1122 1123/1123 1220/1220
f 1122/1122 1220/1220 1252/1252
f 1122/1122 1252/1252 1121/1121
f 1121/1121 1252/1252 1314/1314
f 1121/1121 1314/1314 1345/1345
f 1121/1121 1345/1345 1120/1120
f 1120/1120 1345/1345 1375/1375
f 1120/1120 1375/1375 1119/1119
f 1119/1119 1375/1375 1404/1404
f 1119/1119 1404/1404 1118/1118
f 1118/1118 1404/1404 1432/1432
f 1118/1118 1432/1432 1117/1117
f 1117/1117 1432/1432 1431/1431
f 1117/1117 1431/1431 1116/1116
f 1116/1116 1431/1431 1458/1458
f 1116/1116 1458/1458 1115/1115
f 1115/1115 1458/1458 1457/1457
f 1115/1115 1457/1457 1114/1114
f 1114/1114 1457/1457 1456/1456
f 1114/1114 1456/1456 1455/1455
f 1114/1114 1455/1455 1454/1454
f 1114/1114 1454/1454 1453/1453
f 1114/1114 1453/1453 1113/1113
f 1111/1111 1112/1112 1471/1471
f 1111/1111 1471/1471 1470/1470
f 1111/1111 1470/1470 1469/1469
f 1111/1111 1469/1469 1459/1459
f 1111/1111 1459/1459 1433/1433
f 1111/1111 1433/1433 1405/1405
f 1111/1111 1405/1405 1376/1376
f 1111/1111 1376/1376 1346/1346
f 1111/1111 1346/1346 1315/1315
f 1111/1111 1315/1315 1110/1110
f 1110/1110 1315/1315 1284/1284
f 1110/1110 1284/1284 1253/1253
f 1110/1110 1253/1253 1221/1221
f 1110/1110 1221/1221 1189/1189
f 1110/1110 1189/1189 1158/1158
f 1110/1110 1158/1158 1127/1127
f 1110/1110 1127/1127 1128/1128
f 1110/1110 1128/1128 1129/1129
f 1110/1110 1129/1129 1130/1130
f 1110/1110 1130/1130 1131/1131
f 1110/1110 1131/1131 1132/1132
f 1110/1110 1132/1132 1133/1133
f 1110/1110 1133/1133 1134/1134
f 1110/1110 1134/1134 1135/1135
f 1110/1110 1135/1135 1136/1136
f 1110/1110 1136/1136 1137/1137
f 1110/1110 1137/1137 1138/1138
f 1110/1110 1138/1138 1139/1139
f 1110/1110 1139/1139 1140/1140
f 1110/1110 1140/1140 1141/1141
f 1110/1110 1141/1141 1142/1142
f 1142/1142 1141/1141 1172/1172
f 1142/1142 1172/1172 1173/1173
f 1142/1142 1173/1173 1143/1143
f 1143/1143 1173/1173 1174/1174
f 1143/1143 1174/1174 1144/1144
f 1144/1144 1174/1174 1175/1175
f 1144/1144 1175/1175 1145/1145
f 1145/1145 1175/1175 1176/1176
f 1145/1145 1176/1176 1146/1146
f 1146/1146 1176/1176 1177/1177
f 1146/1146 1177/1177 1147/1147
f 1147/1147 1177/1177 1178/1178
f 1147/1147 1178/1178 1148/1148
f 1148/1148 1178/1178 1179/1179
f 1148/1148 1179/1179 1149/1149
f 1149/1149 1179/1179 1180/1180
f 1149/1149 1180/1180 1150/1150
f 1150/1150 1180/1180 1181/1181
f 1150/1150 1181/1181 1151/1151
f 1151/1151 1181/1181 1182/1182
f 1151/1151 1182/1182 1152/1152
f 1152/1152 1182/1182 1183/1183
f 1152/1152 1183/1183 1153/1153
f 1153/1153 1183/1183 1184/1184
f 1153/1153 1184/1184 1154/1154
f 1154/1154 1184/1184 1185/1185
f 1154/1154 1185/1185 1155/1155
f 1155/1155 1185/1185 1186/1186
f 1155/1155 1186/1186 1156/1156
f 1156/1156 1186/1186 1187/1187
f 1156/1156 1187/1187 1157/1157
f 1157/1157 1187/1187 1188/1188
f 1157/1157 1188/1188 1125/1125
f 1157/1157 1125/1125 1126/1126
f 1125/1125 1188/1188 1124/1124
f 1124/1124 1188/1188 1123/1123
f 1123/1123 1188/1188 1220/1220
f 1220/1220 1188/1188 1219/1219
f 1220/1220 1219/1219 1251/1251
f 1220/1220 1251/1251 1252/1252
f 1252/1252 1251/1251 1283/1283
f 1252/1252 1283/1283 1314/1314
f 1314/1314 1283/1283 1313/1313
f 1314/1314 1313/1313 1344/1344
f 1314/1314 1344/1344 1345/1345
f 1345/1345 1344/1344 1375/1375
f 1375/1375 1344/1344 1374/1374
f 1375/1375 1374/1374 1404/1404
f 1404/1404 1374/1374 1403/1403
f 1404/1404 1403/1403 1432/1432
f 1432/1432 1403/1403 1431/1431
f 1431/1431 1403/1403 1402/1402
f 1431/1431 1402/1402 1430/1430
f 1431/1431 1430/1430 1458/1458
f 1458/1458 1430/1430 1457/1457
f 1457/1457 1430/1430 1429/1429
f 1457/1457 1429/1429 1456/1456
f 1456/1456 1429/1429 1428/1428
f 1456/1456 1428/1428 1455/1455
f 1455/1455 1428/1428 1427/1427
f 1455/1455 1427/1427 1454/1454
f 1454/1454 1427/1427 1426/1426
f 1454/1454 1426/1426 1453/1453
f 1453/1453 1426/1426 1425/1425
f 1453/1453 1425/1425 1452/1452
f 1453/1453 1452/1452 1113/1113
f 1113/1113 1452/1452 1451/1451
f 1113/1113 1451/1451 1450/1450
f 1113/1113 1450/1450 1449/1449
f 1113/1113 1449/1449 1448/1448
f 1113/1113 1448/1448 1447/1447
f 1113/1113 1447/1447 1112/1112
f 1112/1112 1447/1447 1446/1446
f 1112/1112 1446/1446 1445/1445
f 1112/1112 1445/1445 1444/1444
f 1112/1112 1444/1444 1443/1443
f 1112/1112 1443/1443 1468/1468
f 1112/1112 1468/1468 1467/1467
f 1112/1112 1467/1467 1471/1471
f 1471/1471 1467/1467 1466/1466
f 1471/1471 1466/1466 1465/1465
f 1471/1471 1465/1465 1464/1464
f 1471/1471 1464/1464 1463/1463
f 1471/1471 1463/1463 1462/1462
f 1471/1471 1462/1462 1461/1461
f 1471/1471 1461/1461 1470/1470
f 1470/1470 1461/1461 1460/1460
f 1470/1470 1460/1460 1469/1469
f 1469/1469 1460/1460 1459/1459
f 1459/1459 1460/1460 1434/1434
f 1459/1459 1434/1434 1433/1433
f 1433/1433 1434/1434 1406/1406
f 1433/1433 1406/1406 1405/1405
f 1405/1405 1406/1406 1377/1377
f 1405/1405 1377/1377 1376/1376
f 1376/1376 1377/1377 1347/1347
f 1376/1376 1347/1347 1346/1346
f 1346/1346 1347/1347 1316/1316
f 1346/1346 1316/1316 1315/1315
f 1315/1315 1316/1316 1285/1285
f 1315/1315 1285/1285 1284/1284
f 1284/1284 1285/1285 1254/1254
f 1284/1284 1254/1254 1253/1253
f 1253/1253 1254/1254 1222/1222
f 1253/1253 1222/1222 1221/1221
f 1221/1221 1222/1222 1190/1190
f 1221/1221 1190/1190 1189/1189
f 1189/1189 1190/1190 1159/1159
f 1189/1189 1159/1159 1158/1158
f 1158/1158 1159/1159 1128/1128
f 1158/1158 1128/1128 1127/1127
f 1128/1128 1159/1159 1129/1129
f 1129/1129 1159/1159 1160/1160
f 1129/1129 1160/1160 1130/1130
f 1130/1130 1160/1160 1161/1161
f 1130/1130 1161/1161 1131/1131
f 1131/1131 1161/1161 1162/1162
f 1131/1131 1162/1162 1132/1132
f 1132/1132 1162/1162 1163/1163
f 1132/1132 1163/1163 1133/1133
f 1133/1133 1163/1163 1164/1164
f 1133/1133 1164/1164 1134/1134
f 1134/1134 1164/1164 1165/1165
f 1134/1134 1165/1165 1135/1135
f 1135/1135 1165/1165 1166/1166
f 1135/1135 1166/1166 1136/1136
f 1136/1136 1166/1166 1167/1167
f 1136/1136 1167/1167 1137/1137
f 1137/1137 1167/1167 1168/1168
f 1137/1137 1168/1168 1138/1138
f 1138/1138 1168/1168 1169/1169
f 1138/1138 1169/1169 1139/1139
f 1139/1139 1169/1169 1170/1170
f 1139/1139 1170/1170 1140/1140
f 1140/1140 1170/1170 1171/1171
f 1140/1140 1171/1171 1141/1141
f 1141/1141 1171/1171 1172/1172
f 1172/1172 1171/1171 1202/1202
f 1172/1172 1202/1202 1203/1203
f 1172/1172 1203/1203 1173/1173
f 1173/1173 1203/1203 1204/1204
f 1173/1173 1204/1204 1174/1174
f 1174/1174 1204/1204 1205/1205
f 1174/1174 1205/1205 1175/1175
f 1175/1175 1205/1205 1206/1206
f 1175/1175 1206/1206 1176/1176
f 1176/1176 1206/1206 1207/1207
f 1176/1176 1207/1207 1177/1177
f 1177/1177 1207/1207 1208/1208
f 1177/1177 1208/1208 1178/1178
f 1178/1178 1208/1208 1209/1209
f 1178/1178 1209/1209 1179/1179
f 1179/1179 1209/1209 1210/1210
f 1179/1179 1210/1210 1180/1180
f 1180/1180 1210/1210 1211/1211
f 1180/1180 1211/1211 1181/1181
f 1181/1181 1211/1211 1212/1212
f 1181/1181 1212/1212 1182/1182
f 1182/1182 1212/1212 1213/1213
f 1182/1182 1213/1213 1183/1183
f 1183/1183 1213/1213 1214/1214
f 1183/1183 1214/1214 1184/1184
f 1184/1184 1214/1214 1215/1215
f 1184/1184 1215/1215 1185/1185
f 1185/1185 1215/1215 1216/1216
f 1185/1185 1216/1216 1186/1186
f 1186/1186 1216/1216 1217/1217
f 1186/1186 1217/1217 1187/1187
f 1187/1187 1217/1217 1218/1218
f 1187/1187 1218/1218 1188/1188
f 1188/1188 1218/1218 1219/1219
f 1219/1219 1218/1218 1250/1250
f 1219/1219 1250/1250 1251/1251
f 1251/1251 1250/1250 1282/1282
f 1251/1251 1282/1282 1283/1283
f 1283/1283 1282/1282 1313/1313
f 1313/1313 1282/1282 1312/1312
f 1313/1313 1312/1312 1343/1343
f 1313/1313 1343/1343 1344/1344
f 1344/1344 1343/1343 1374/1374
f 1374/1374 1343/1343 1373/1373
f 1374/1374 1373/1373 1403/1403
f 1403/1403 1373/1373 1402/1402
f 1402/1402 1373/1373 1372/1372
f 1402/1402 1372/1372 1401/1401
f 1402/1402 1401/1401 1430/1430
f 1430/1430 1401/1401 1429/1429
f 1429/1429 1401/1401 1400/1400
f 1429/1429 1400/1400 1428/1428
f 1428/1428 1400/1400 1399/1399
f 1428/1428 1399/1399 1427/1427
f 1427/1427 1399/1399 1398/1398
f 1427/1427 1398/1398 1426/1426
f 1426/1426 1398/1398 1397/1397
f 1426/1426 1397/1397 1425/1425
f 1425/1425 1397/1397 1396/1396
f 1425/1425 1396/1396 1424/1424
f 1425/1425 1424/1424 1452/1452
f 1452/1452 1424/1424 1451/1451
f 1451/1451 1424/1424 1423/1423
f 1451/1451 1423/1423 1450/1450
f 1450/1450 1423/1423 1422/1422
f 1450/1450 1422/1422 1449/1449
f 1449/1449 1422/1422 1421/1421
f 1449/1449 1421/1421 1448/1448
f 1448/1448 1421/1421 1420/1420
f 1448/1448 1420/1420 1447/1447
f 1447/1447 1420/1420 1419/1419
f 1447/1447 1419/1419 1446/1446
f 1446/1446 1419/1419 1418/1418
f 1446/1446 1418/1418 1445/1445
f 1445/1445 1418/1418 1417/1417
f 1445/1445 1417/1417 1444/1444
f 1444/1444 1417/1417 1416/1416
f 1444/1444 1416/1416 1443/1443
f 1443/1443 1416/1416 1415/1415
f 1443/1443 1415/1415 1442/1442
f 1443/1443 1442/1442 1468/1468
f 1468/1468 1442/1442 1467/1467
f 1467/1467 1442/1442 1441/1441
f 1467/1467 1441/1441 1466/1466
f 1466/1466 1441/1441 1440/1440
f 1466/1466 1440/1440 1465/1465
f 1465/1465 1440/1440 1439/1439
f 1465/1465 1439/1439 1464/1464
f 1464/1464 1439/1439 1438/1438
f 1464/1464 1438/1438 1463/1463
f 1463/1463 1438/1438 1437/1437
f 1463/1463 1437/1437 1462/1462
f 1462/1462 1437/1437 1436/1436
f 1462/1462 1436/1436 1461/1461
f 1461/1461 1436/1436 1435/1435
f 1461/1461 1435/1435 1460/1460
f 1460/1460 1435/1435 1434/1434
f 1434/1434 1435/1435 1407/1407
f 1434/1434 1407/1407 1406/1406
f 1406/1406 1407/1407 1378/1378
f 1406/1406 1378/1378 1377/1377
f 1377/1377 1378/1378 1348/1348
f 1377/1377 1348/1348 1347/1347
f 1347/1347 1348/1348 1317/1317
f 1347/1347 1317/1317 1316/1316
f 1316/1316 1317/1317 1286/1286
f 1316/1316 1286/1286 1285/1285
f 1285/1285 1286/1286 1255/1255
f 1285/1285 1255/1255 1254/1254
f 1254/1254 1255/1255 1223/1223
f 1254/1254 1223/1223 1222/1222
f 1222/1222 1223/1223 1191/1191
f 1222/1222 1191/1191 1190/1190
f 1190/1190 1191/1191 1160/1160
f 1190/1190 1160/1160 1159/1159
f 1160/1160 1191/1191 1161/1161
f 1161/1161 1191/1191 1192/1192
f 1161/1161 1192/1192 1162/1162
f 1162/1162 1192/1192 1193/1193
f 1162/1162 1193/1193 1163/1163
f 1163/1163 1193/1193 1194/1194
f 1163/1163 1194/1194 1164/1164
f 1164/1164 1194/1194 1195/1195
f 1164/1164 1195/1195 1165/1165
f 1165/1165 1195/1195 1196/1196
f 1165/1165 1196/1196 1166/1166
f 1166/1166 1196/1196 1197/1197
f 1166/1166 1197/1197 1167/1167
f 1167/1167 1197/1197 1198/1198
f 1167/1167 1198/1198 1168/1168
f 1168/1168 1198/1198 1199/1199
f 1168/1168 1199/1199 1169/1169
f 1169/1169 1199/1199 1200/1200
f 1169/1169 1200/1200 1170/1170
f 1170/1170 1200/1200 1201/1201
f 1170/1170 1201/1201 1171/1171
f 1171/1171 1201/1201 1202/1202
f 1202/1202 1201/1201 1233/1233
f 1202/1202 1233/1233 1234/1234
f 1202/1202 1234/1234 1203/1203
f 1203/1203 1234/1234 1235/1235
f 1203/1203 1235/1235 1204/1204
f 1204/1204 1235/1235 1236/1236
f 1204/1204 1236/1236 1205/1205
f 1205/1205 1236/1236 1237/1237
f 1205/1205 1237/1237 1206/1206
f 1206/1206 1237/1237 1238/1238
f 1206/1206 1238/1238 1207/1207
f 1207/1207 1238/1238 1239/1239
f 1207/1207 1239/1239 1208/1208
f 1208/1208 1239/1239 1240/1240
f 1208/1208 1240/1240 1209/1209
f 1209/1209 1240/1240 1241/1241
f 1209/1209 1241/1241 1210/1210
f 1210/1210 1241/1241 1242/1242
f 1210/1210 1242/1242 1211/1211
f 1211/1211 1242/1242 1243/1243
f 1211/1211 1243/1243 1212/1212
f 1212/1212 1243/1243 1244/1244
f 1212/1212 1244/1244 1213/1213
f 1213/1213 1244/1244 1245/1245
f 1213/1213 1245/1245 1214/1214
f 1214/1214 1245/1245 1246/1246
f 1214/1214 1246/1246 1215/1215
f 1215/1215 1246/1246 1247/1247
f 1215/1215 1247/1247 1216/1216
f 1216/1216 1247/1247 1248/1248
f 1216/1216 1248/1248 1217/1217
f 1217/1217 1248/1248 1249/1249
f 1217/1217 1249/1249 1218/1218
f 1218/1218 1249/1249 1250/1250
f 1250/1250 1249/1249 1281/1281
f 1250/1250 1281/1281 1282/1282
f 1282/1282 1281/1281 1312/1312
f 1312/1312 1281/1281 1311/1311
f 1312/1312 1311/1311 1342/1342
f 1312/1312 1342/1342 1343/1343
f 1343/1343 1342/1342 1373/1373
f 1373/1373 1342/1342 1372/1372
f 1372/1372 1342/1342 1341/1341
f 1372/1372 1341/1341 1371/1371
f 1372/1372 1371/1371 1401/1401
f 1401/1401 1371/1371 1400/1400
f 1400/1400 1371/1371 1370/1370
f 1400/1400 1370/1370 1399/1399
f 1399/1399 1370/1370 1369/1369
f 1399/1399 1369/1369 1398/1398
f 1398/1398 1369/1369 1368/1368
f 1398/1398 1368/1368 1397/1397
f 1397/1397 1368/1368 1367/1367
f 1397/1397 1367/1367 1396/1396
f 1396/1396 1367/1367 1366/1366
f 1396/1396 1366/1366 1395/1395
f 1396/1396 1395/1395 1424/1424
f 1424/1424 1395/1395 1423/1423
f 1423/1423 1395/1395 1394/1394
f 1423/1423 1394/1394 1422/1422
f 1422/1422 1394/1394 1393/1393
f 1422/1422 1393/1393 1421/1421
f 1421/1421 1393/1393 1392/1392
f 1421/1421 1392/1392 1420/1420
f 1420/1420 1392/1392 1391/1391
f 1420/1420 1391/1391 1419/1419
f 1419/1419 1391/1391 1390/1390
f 1419/1419 1390/1390 1418/1418
f 1418/1418 1390/1390 1389/1389
f 1418/1418 1389/1389 1417/1417
f 1417/1417 1389/1389 1388/1388
f 1417/1417 1388/1388 1416/1416
f 1416/1416 1388/1388 1387/1387
f 1416/1416 1387/1387 1415/1415
f 1415/1415 1387/1387 1386/1386
f 1415/1415 1386/1386 1414/1414
f 1415/1415 1414/1414 1442/1442
f 1442/1442 1414/1414 1441/1441
f 1441/1441 1414/1414 1413/1413
f 1441/1441 1413/1413 1440/1440
f 1440/1440 1413/1413 1412/1412
f 1440/1440 1412/1412 1439/1439
f 1439/1439 1412/1412 1411/1411
f 1439/1439 1411/1411 1438/1438
f 1438/1438 1411/1411 1410/1410
f 1438/1438 1410/1410 1437/1437
f 1437/1437 1410/1410 1409/1409
f 1437/1437 1409/1409 1436/1436
f 1436/1436 1409/1409 1408/1408
f 1436/1436 1408/1408 1435/1435
f 1435/1435 1408/1408 1407/1407
f 1407/1407 1408/1408 1379/1379
f 1407/1407 1379/1379 1378/1378
f 1378/1378 1379/1379 1349/1349
f 1378/1378 1349/1349 1348/1348
f 1348/1348 1349/1349 1318/1318
f 1348/1348 1318/1318 1317/1317
f 1317/1317 1318/1318 1287/1287
f 1317/1317 1287/1287 1286/1286
f 1286/1286 1287/1287 1256/1256
f 1286/1286 1256/1256 1255/1255
f 1255/1255 1256/1256 1224/1224
f 1255/1255 1224/1224 1223/1223
f 1223/1223 1224/1224 1192/1192
f 1223/1223 1192/1192 1191/1191
f 1192/1192 1224/1224 1193/1193
f 1193/1193 1224/1224 1225/1225
f 1193/1193 1225/1225 1194/1194
f 1194/1194 1225/1225 1226/1226
f 1194/1194 1226/1226 1195/1195
f 1195/1195 1226/1226 1227/1227
f 1195/1195 1227/1227 1196/1196
f 1196/1196 1227/1227 1228/1228
f 1196/1196 1228/1228 1197/1197
f 1197/1197 1228/1228 1229/1229
f 1197/1197 1229/1229 1198/1198
f 1198/1198 1229/1229 1230/1230
f 1198/1198 1230/1230 1199/1199
f 1199/1199 1230/1230 1231/1231
f 1199/1199 1231/1231 1200/1200
f 1200/1200 1231/1231 1232/1232
f 1200/1200 1232/1232 1201/1201
f 1201/1201 1232/1232 1233/1233
f 1233/1233 1232/1232 1264/1264
f 1233/1233 1264/1264 1265/1265
f 1233/1233 1265/1265 1234/1234
f 1234/1234 1265/1265 1266/1266
f 1234/1234 1266/1266 1235/1235
f 1235/1235 1266/1266 1267/1267
f 1235/1235 1267/1267 1236/1236
f 1236/1236 1267/1267 1268/1268
f 1236/1236 1268/1268 1237/1237
f 1237/1237 1268/1268 1269/1269
f 1237/1237 1269/1269 1238/1238
f 1238/1238 1269/1269 1270/1270
f 1238/1238 1270/1270 1239/1239
f 1239/1239 1270/1270 1271/1271
f 1239/1239 1271/1271 1240/1240
f 1240/1240 1271/1271 1272/1272
f 1240/1240 1272/1272 1241/1241
f 1241/1241 1272/1272 1273/1273
f 1241/1241 1273/1273 1242/1242
f 1242/1242 1273/1273 1274/1274
f 1242/1242 1274/1274 1243/1243
f 1243/1243 1274/1274 1275/1275
f 1243/1243 1275/1275 1244/1244
f 1244/1244 1275/1275 1276/1276
f 1244/1244 1276/1276 1245/1245
f 1245/1245 1276/1276 1277/1277
f 1245/1245 1277/1277 1246/1246
f 1246/1246 1277/1277 1278/1278
f 1246/1246 1278/1278 1247/1247
f 1247/1247 1278/1278 1279/1279
f 1247/1247 1279/1279 1248/1248
f 1248/1248 1279/1279 1280/1280
f 1248/1248 1280/1280 1249/1249
f 1249/1249 1280/1280 1281/1281
f 1281/1281 1280/1280 1311/1311
f 1311/1311 1280/1280 1310/1310
f 1311/1311 1310/1310 1341/1341
f 1311/1311 1341/1341 1342/1342
f 1341/1341 1310/1310 1340/1340
f 1341/1341 1340/1340 1371/1371
f 1371/1371 1340/1340 1370/1370
f 1370/1370 1340/1340 1339/1339
f 1370/1370 1339/1339 1369/1369
f 1369/1369 1339/1339 1338/1338
f 1369/1369 1338/1338 1368/1368
f 1368/1368 1338/1338 1337/1337
f 1368/1368 1337/1337 1367/1367
f 1367/1367 1337/1337 1336/1336
f 1367/1367 1336/1336 1366/1366
f 1366/1366 1336/1336 1335/1335
f 1366/1366 1335/1335 1365/1365
f 1366/1366 1365/1365 1395/1395
f 1395/1395 1365/1365 1394/1394
f 1394/1394 1365/1365 1364/1364
f 1394/1394 1364/1364 1393/1393
f 1393/1393 1364/1364 1363/1363
f 1393/1393 1363/1363 1392/1392
f 1392/1392 1363/1363 1362/1362
f 1392/1392 1362/1362 1391/1391
f 1391/1391 1362/1362 1361/1361
f 1391/1391 1361/1361 1390/1390
f 1390/1390 1361/1361 1360/1360
f 1390/1390 1360/1360 1389/1389
f 1389/1389 1360/1360 1359/1359
f 1389/1389 1359/1359 1388/1388
f 1388/1388 1359/1359 1358/1358
f 1388/1388 1358/1358 1387/1387
f 1387/1387 1358/1358 1357/1357
f 1387/1387 1357/1357 1386/1386
f 1386/1386 1357/1357 1356/1356
f 1386/1386 1356/1356 1385/1385
f 1386/1386 1385/1385 1414/1414
f 1414/1414 1385/1385 1413/1413
f 1413/1413 1385/1385 1384/1384
f 1413/1413 1384/1384 1412/1412
f 1412/1412 1384/1384 1383/1383
f 1412/1412 1383/1383 1411/1411
f 1411/1411 1383/1383 1382/1382
f 1411/1411 1382/1382 1410/1410
f 1410/1410 1382/1382 1381/1381
f 1410/1410 1381/1381 1409/1409
f 1409/1409 1381/1381 1380/1380
f 1409/1409 1380/1380 1408/1408
f 1408/1408 1380/1380 1379/1379
f 1379/1379 1380/1380 1350/1350
f 1379/1379 1350/1350 1349/1349
f 1349/1349 1350/1350 1319/1319
f 1349/1349 1319/1319 1318/1318
f 1318/1318 1319/1319 1288/1288
f 1318/1318 1288/1288 1287/1287
f 1287/1287 1288/1288 1257/1257
f 1287/1287 1257/1257 1256/1256
f 1256/1256 1257/1257 1225/1225
f 1256/1256 1225/1225 1224/1224
f 1225/1225 1257/1257 1226/1226
f 1226/1226 1257/1257 1258/1258
f 1226/1226 1258/1258 1227/1227
f 1227/1227 1258/1258 1259/1259
f 1227/1227 1259/1259 1228/1228
f 1228/1228 1259/1259 1260/1260
f 1228/1228 1260/1260 1229/1229
f 1229/1229 1260/1260 1261/1261
f 1229/1229 1261/1261 1230/1230
f 1230/1230 1261/1261 1262/1262
f 1230/1230 1262/1262 1231/1231
f 1231/1231 1262/1262 1263/1263
f 1231/1231 1263/1263 1232/1232
f 1232/1232 1263/1263 1264/1264
f 1264/1264 1263/1263 1294/1294
f 1264/1264 1294/1294 1295/1295
f 1264/1264 1295/1295 1265/1265
f 1265/1265 1295/1295 1296/1296
f 1265/1265 1296/1296 1266/1266
f 1266/1266 1296/1296 1297/1297
f 1266/1266 1297/1297 1267/1267
f 1267/1267 1297/1297 1298/1298
f 1267/1267 1298/1298 1268/1268
f 1268/1268 1298/1298 1299/1299
f 1268/1268 1299/1299 1269/1269
f 1269/1269 1299/1299 1300/1300
f 1269/1269 1300/1300 1270/1270
f 1270/1270 1300/1300 1301/1301
f 1270/1270 1301/1301 1271/1271
f 1271/1271 1301/1301 1302/1302
f 1271/1271 1302/1302 1272/1272
f 1272/1272 1302/1302 1303/1303
f 1272/1272 1303/1303 1273/1273
f 1273/1273 1303/1303 1304/1304
f 1273/1273 1304/1304 1274/1274
f 1274/1274 1304/1304 1305/1305
f 1274/1274 1305/1305 1275/1275
f 1275/1275 1305/1305 1306/1306
f 1275/1275 1306/1306 1276/1276
f 1276/1276 1306/1306 1307/1307
f 1276/1276 1307/1307 1277/1277
f 1277/1277 1307/1307 1308/1308
f 1277/1277 1308/1308 1278/1278
f 1278/1278 1308/1308 1309/1309
f 1278/1278 1309/1309 1279/1279
f 1279/1279 1309/1309 1310/1310
f 1279/1279 1310/1310 1280/1280
f 1310/1310 1309/1309 1340/1340
f 1340/1340 1309/1309 1339/1339
f 1339/1339 1309/1309 1308/1308
f 1339/1339 1308/1308 1338/1338
f 1338/1338 1308/1308 1307/1307
f 1338/1338 1307/1307 1337/1337
f 1337/1337 1307/1307 1306/1306
f 1337/1337 1306/1306 1336/1336
f 1336/1336 1306/1306 1305/1305
f 1336/1336 1305/1305 1335/1335
f 1335/1335 1305/1305 1304/1304
f 1335/1335 1304/1304 1334/1334
f 1335/1335 1334/1334 1365/1365
f 1365/1365 1334/1334 1364/1364
f 1364/1364 1334/1334 1333/1333
f 1364/1364 1333/1333 1363/1363
f 1363/1363 1333/1333 1332/1332
f 1363/1363 1332/1332 1362/1362
f 1362/1362 1332/1332 1331/1331
f 1362/1362 1331/1331 1361/1361
f 1361/1361 1331/1331 1330/1330
f 1361/1361 1330/1330 1360/1360
f 1360/1360 1330/1330 1329/1329
f 1360/1360 1329/1329 1359/1359
f 1359/1359 1329/1329 1328/1328
f 1359/1359 1328/1328 1358/1358
f 1358/1358 1328/1328 1327/1327
f 1358/1358 1327/1327 1357/1357
f 1357/1357 1327/1327 1326/1326
f 1357/1357 1326/1326 1356/1356
f 1356/1356 1326/1326 1325/1325
f 1356/1356 1325/1325 1355/1355
f 1356/1356 1355/1355 1385/1385
f 1385/1385 1355/1355 1384/1384
f 1384/1384 1355/1355 1354/1354
f 1384/1384 1354/1354 1383/1383
f 1383/1383 1354/1354 1353/1353
f 1383/1383 1353/1353 1382/1382
f 1382/1382 1353/1353 1352/1352
f 1382/1382 1352/1352 1381/1381
f 1381/1381 1352/1352 1351/1351
f 1381/1381 1351/1351 1380/1380
f 1380/1380 1351/1351 1350/1350
f 1350/1350 1351/1351 1320/1320
f 1350/1350 1320/1320 1319/1319
f 1319/1319 1320/1320 1289/1289
f 1319/1319 1289/1289 1288/1288
f 1288/1288 1289/1289 1258/1258
f 1288/1288 1258/1258 1257/1257
f 1258/1258 1289/1289 1259/1259
f 1259/1259 1289/1289 1290/1290
f 1259/1259 1290/1290 1260/1260
f 1260/1260 1290/1290 1291/1291
f 1260/1260 1291/1291 1261/1261
f 1261/1261 1291/1291 1292/1292
f 1261/1261 1292/1292 1262/1262
f 1262/1262 1292/1292 1293/1293
f 1262/1262 1293/1293 1263/1263
f 1263/1263 1293/1293 1294/1294
f 1294/1294 1293/1293 1324/1324
f 1294/1294 1324/1324 1325/1325
f 1294/1294 1325/1325 1295/1295
f 1295/1295 1325/1325 1326/1326
f 1295/1295 1326/1326 1296/1296
f 1296/1296 1326/1326 1327/1327
f 1296/1296 1327/1327 1297/1297
f 1297/1297 1327/1327 1328/1328
f 1297/1297 1328/1328 1298/1298
f 1298/1298 1328/1328 1329/1329
f 1298/1298 1329/1329 1299/1299
f 1299/1299 1329/1329 1330/1330
f 1299/1299 1330/1330 1300/1300
f 1300/1300 1330/1330 1331/1331
f 1300/1300 1331/1331 1301/1301
f 1301/1301 1331/1331 1332/1332
f 1301/1301 1332/1332 1302/1302
f 1302/1302 1332/1332 1333/1333
f 1302/1302 1333/1333 1303/1303
f 1303/1303 1333/1333 1334/1334
f 1303/1303 1334/1334 1304/1304
f 1325/1325 1324/1324 1355/1355
f 1355/1355 1324/1324 1354/1354
f 1354/1354 1324/1324 1323/1323
f 1354/1354 1323/1323 1353/1353
f 1353/1353 1323/1323 1322/1322
f 1353/1353 1322/1322 1352/1352
f 1352/1352 1322/1322 1321/1321
f 1352/1352 1321/1321 1351/1351
f 1351/1351 1321/1321 1320/1320
f 1320/1320 1321/1321 1290/1290
f 1320/1320 1290/1290 1289/1289
f 1290/1290 1321/1321 1291/1291
f 1291/1291 1321/1321 1322/1322
f 1291/1291 1322/1322 1292/1292
f 1292/1292 1322/1322 1323/1323
f 1292/1292 1323/1323 1293/1293
f 1293/1293 1323/1323 1324/1324
