# Kloth Garment Template Generator - Exported Simulated OBJ

g front_panel
usemtl Material_front_panel
v 0.12261 1.35537 -0.10220
v 0.13789 1.34781 -0.09484
v 0.15567 1.34387 -0.08633
v 0.16793 1.32587 -0.05421
v 0.18071 1.29810 -0.03757
v 0.19063 1.26846 -0.03053
v 0.19797 1.23839 -0.02639
v 0.19379 1.20587 -0.03065
v 0.16754 1.18874 -0.05383
v 0.16604 1.17497 -0.08759
v 0.16801 1.15695 -0.07794
v 0.16560 1.13304 -0.07429
v 0.16265 1.10848 -0.07055
v 0.15976 1.08339 -0.06741
v 0.15673 1.05704 -0.06652
v 0.15339 1.02985 -0.06155
v 0.15130 1.00244 -0.05715
v 0.15386 0.97429 -0.05907
v 0.16148 0.94444 -0.05513
v 0.16282 0.91513 -0.05265
v 0.16222 0.88594 -0.05584
v 0.17048 0.85731 -0.05795
v 0.17593 0.82783 -0.05930
v 0.17861 0.79876 -0.05678
v 0.18176 0.77043 -0.05750
v 0.18488 0.74175 -0.05831
v 0.18701 0.71253 -0.06076
v 0.18690 0.68206 -0.06075
v 0.18454 0.64598 -0.05891
v 0.18131 0.61402 -0.05712
v 0.17690 0.58269 -0.05627
v 0.17123 0.55226 -0.05804
v 0.16537 0.52307 -0.05852
v 0.16118 0.49341 -0.05983
v 0.15838 0.46348 -0.06101
v 0.15727 0.43349 -0.06179
v 0.15745 0.40360 -0.06228
v 0.15882 0.37384 -0.06278
v 0.16059 0.34421 -0.06343
v 0.16430 0.31487 -0.06367
v 0.16185 0.28544 -0.06389
v 0.15919 0.25603 -0.06336
v 0.15906 0.22648 -0.06246
v 0.15937 0.19703 -0.06162
v 0.15979 0.16770 -0.06059
v 0.16185 0.13855 -0.05915
v 0.16610 0.10958 -0.05775
v 0.16368 0.11072 -0.02874
v 0.15592 0.11131 -0.00073
v 0.14333 0.11153 0.02538
v 0.12636 0.11142 0.04880
v 0.10559 0.11103 0.06885
v 0.08174 0.11039 0.08500
v 0.05553 0.10951 0.09686
v 0.02773 0.10839 0.10414
v -0.00088 0.10704 0.10668
v -0.02955 0.10764 0.10431
v -0.05746 0.10798 0.09715
v -0.08380 0.10803 0.08529
v -0.10772 0.10780 0.06894
v -0.12839 0.10729 0.04852
v -0.14500 0.10651 0.02461
v -0.15700 0.10552 -0.00196
v -0.16444 0.10451 -0.03009
v -0.16718 0.10389 -0.05911
v -0.16566 0.13299 -0.06029
v -0.16406 0.16200 -0.06150
v -0.16311 0.19102 -0.06264
v -0.16240 0.22001 -0.06367
v -0.16231 0.24900 -0.06480
v -0.16468 0.27779 -0.06579
v -0.16814 0.30641 -0.06605
v -0.16498 0.33505 -0.06650
v -0.16392 0.36388 -0.06577
v -0.16047 0.39246 -0.06528
v -0.15612 0.42160 -0.06512
v -0.15655 0.45066 -0.06492
v -0.15896 0.47972 -0.06448
v -0.16289 0.50869 -0.06346
v -0.16988 0.53721 -0.06256
v -0.17665 0.56612 -0.06225
v -0.18083 0.59603 -0.06240
v -0.18635 0.62651 -0.06354
v -0.18902 0.66144 -0.06343
v -0.19069 0.69170 -0.06153
v -0.19033 0.72046 -0.06094
v -0.18789 0.74829 -0.05910
v -0.18357 0.77569 -0.05877
v -0.18062 0.80337 -0.05853
v -0.17890 0.83177 -0.05958
v -0.17204 0.86030 -0.05963
v -0.16485 0.88881 -0.05844
v -0.16586 0.91823 -0.05667
v -0.16351 0.94815 -0.05549
v -0.15837 0.97645 -0.05489
v -0.15641 1.00501 -0.05508
v -0.15851 1.03340 -0.05707
v -0.16141 1.06169 -0.06020
v -0.16346 1.09019 -0.06391
v -0.16531 1.11887 -0.06817
v -0.16868 1.14757 -0.07304
v -0.16917 1.17494 -0.08277
v -0.17075 1.19119 -0.05147
v -0.18585 1.20993 -0.03074
v -0.18452 1.23806 -0.02073
v -0.17410 1.26622 -0.02363
v -0.16366 1.29520 -0.03159
v -0.15194 1.32573 -0.05182
v -0.14580 1.35592 -0.09099
v -0.12534 1.35242 -0.09104
v -0.10816 1.35856 -0.09370
v -0.09825 1.32638 -0.05221
v -0.07640 1.30051 -0.02077
v -0.05772 1.27183 -0.00016
v -0.03708 1.25327 0.01224
v -0.01709 1.23972 0.01984
v 0.00653 1.23492 0.02237
v 0.03055 1.23961 0.02014
v 0.05159 1.25396 0.01115
v 0.07098 1.27758 -0.00464
v 0.09091 1.30255 -0.02564
v 0.11145 1.32719 -0.05699
v -0.16402 0.12553 -0.03006
v -0.16328 0.15522 -0.03217
v -0.16209 0.18478 -0.03437
v -0.16145 0.21428 -0.03641
v -0.16092 0.24368 -0.03838
v -0.16050 0.27296 -0.04032
v -0.16217 0.30208 -0.04166
v -0.16236 0.33120 -0.04284
v -0.16176 0.36045 -0.04367
v -0.16149 0.39002 -0.04367
v -0.15630 0.12775 -0.00053
v -0.15586 0.15750 -0.00250
v -0.15510 0.18716 -0.00454
v -0.15461 0.21673 -0.00641
v -0.15419 0.24619 -0.00819
v -0.15370 0.27553 -0.00992
v -0.15412 0.30480 -0.01117
v -0.15414 0.33407 -0.01218
v -0.15460 0.36344 -0.01272
v -0.15503 0.39303 -0.01338
v -0.15215 0.42205 -0.01579
v -0.15047 0.45137 -0.01757
v -0.15284 0.48061 -0.01840
v -0.16114 0.50868 -0.01750
v -0.16985 0.53672 -0.01652
v -0.17646 0.56569 -0.01619
v -0.18050 0.59552 -0.01666
v -0.18366 0.62588 -0.01748
v -0.18746 0.65653 -0.01810
v -0.18768 0.68811 -0.01725
v -0.18748 0.71985 -0.01759
v -0.18682 0.75154 -0.01867
v -0.18244 0.78154 -0.02417
v -0.17974 0.81100 -0.03022
v -0.14330 0.12992 0.02713
v -0.14315 0.15972 0.02538
v -0.14276 0.18943 0.02359
v -0.14248 0.21908 0.02196
v -0.14225 0.24863 0.02045
v -0.14200 0.27809 0.01902
v -0.14202 0.30749 0.01790
v -0.14202 0.33690 0.01697
v -0.14270 0.36635 0.01650
v -0.14253 0.39577 0.01541
v -0.14069 0.42513 0.01329
v -0.13998 0.45463 0.01151
v -0.13997 0.48429 0.00930
v -0.14633 0.51335 0.00962
v -0.15647 0.54126 0.01249
v -0.16383 0.57040 0.01402
v -0.16813 0.60054 0.01402
v -0.17154 0.63095 0.01404
v -0.17356 0.66176 0.01412
v -0.17459 0.69298 0.01428
v -0.17444 0.72437 0.01363
v -0.17298 0.75547 0.01087
v -0.17010 0.78572 0.00593
v -0.16769 0.81522 0.00069
v -0.16442 0.84396 -0.00908
v -0.15934 0.87241 -0.01616
v -0.15931 0.90174 -0.01928
v -0.16096 0.93102 -0.02133
v -0.15733 0.95986 -0.02292
v -0.15364 0.98937 -0.02247
v -0.15278 1.01940 -0.02198
v -0.15349 1.04950 -0.02223
v -0.15410 1.07964 -0.02337
v -0.15633 1.10977 -0.02426
v -0.15844 1.13979 -0.02501
v -0.16016 1.16929 -0.02404
v -0.16801 1.19906 -0.01365
v -0.12522 0.13187 0.05176
v -0.12526 0.16170 0.05026
v -0.12514 0.19148 0.04877
v -0.12504 0.22119 0.04744
v -0.12496 0.25083 0.04622
v -0.12489 0.28041 0.04510
v -0.12491 0.30996 0.04417
v -0.12498 0.33952 0.04335
v -0.12535 0.36911 0.04276
v -0.12520 0.39873 0.04166
v -0.12468 0.42841 0.04008
v -0.12470 0.45819 0.03832
v -0.12511 0.48799 0.03591
v -0.12817 0.51771 0.03433
v -0.13358 0.54707 0.03421
v -0.14034 0.57615 0.03667
v -0.14551 0.60587 0.03856
v -0.14916 0.63612 0.03984
v -0.15129 0.66680 0.04064
v -0.15175 0.69778 0.04025
v -0.15058 0.72871 0.03794
v -0.14879 0.75931 0.03442
v -0.14641 0.78931 0.02909
v -0.14450 0.81908 0.02325
v -0.14235 0.84800 0.01698
v -0.13963 0.87693 0.01248
v -0.14312 0.90595 0.01332
v -0.14294 0.93504 0.01263
v -0.14107 0.96426 0.01229
v -0.13915 0.99386 0.01188
v -0.13754 1.02373 0.01068
v -0.13706 1.05376 0.00902
v -0.13715 1.08391 0.00687
v -0.13968 1.11418 0.00637
v -0.14265 1.14449 0.00742
v -0.14410 1.17523 0.00906
v -0.14595 1.20739 0.00795
v -0.14911 1.23859 -0.00085
v -0.14948 1.26988 -0.01870
v -0.10280 0.13354 0.07247
v -0.10295 0.16341 0.07123
v -0.10297 0.19323 0.07004
v -0.10298 0.22301 0.06900
v -0.10297 0.25274 0.06804
v -0.10298 0.28243 0.06718
v -0.10302 0.31213 0.06640
v -0.10309 0.34185 0.06565
v -0.10322 0.37161 0.06489
v -0.10324 0.40145 0.06390
v -0.10332 0.43140 0.06257
v -0.10370 0.46143 0.06081
v -0.10450 0.49147 0.05837
v -0.10647 0.52139 0.05606
v -0.10953 0.55116 0.05450
v -0.11311 0.58087 0.05400
v -0.11629 0.61068 0.05397
v -0.11858 0.64069 0.05399
v -0.12024 0.67087 0.05492
v -0.12031 0.70120 0.05391
v -0.11902 0.73140 0.05057
v -0.11781 0.76160 0.04764
v -0.11645 0.79154 0.04371
v -0.11654 0.82146 0.04167
v -0.11531 0.85093 0.03866
v -0.11781 0.88018 0.04062
v -0.11951 0.90935 0.04200
v -0.11886 0.93870 0.04203
v -0.11710 0.96833 0.04138
v -0.11534 0.99826 0.04013
v -0.11402 1.02843 0.03810
v -0.11335 1.05877 0.03542
v -0.11282 1.08923 0.03166
v -0.11467 1.12029 0.03091
v -0.11902 1.15158 0.03509
v -0.11784 1.18438 0.03101
v -0.11706 1.21642 0.01961
v -0.11874 1.24741 0.00356
v -0.12260 1.27730 -0.01611
v -0.13049 1.30858 -0.03911
v -0.07697 0.13490 0.08863
v -0.07713 0.16480 0.08762
v -0.07720 0.19467 0.08670
v -0.07722 0.22450 0.08587
v -0.07721 0.25431 0.08510
v -0.07722 0.28412 0.08439
v -0.07724 0.31394 0.08370
v -0.07729 0.34380 0.08297
v -0.07738 0.37373 0.08217
v -0.07753 0.40377 0.08122
v -0.07784 0.43391 0.07994
v -0.07840 0.46412 0.07813
v -0.07931 0.49431 0.07570
v -0.08074 0.52438 0.07308
v -0.08270 0.55433 0.07088
v -0.08481 0.58420 0.06929
v -0.08664 0.61405 0.06818
v -0.08788 0.64395 0.06736
v -0.08843 0.67391 0.06655
v -0.08822 0.70390 0.06514
v -0.08750 0.73388 0.06293
v -0.08663 0.76382 0.06016
v -0.08601 0.79372 0.05737
v -0.08662 0.82362 0.05759
v -0.08934 0.85305 0.06187
v -0.09221 0.88240 0.06624
v -0.09272 0.91217 0.06806
v -0.09131 0.94213 0.06771
v -0.08961 0.97238 0.06665
v -0.08822 1.00284 0.06496
v -0.08720 1.03350 0.06216
v -0.08557 1.06422 0.05715
v -0.08396 1.09475 0.05012
v -0.08440 1.12659 0.04696
v -0.08667 1.15925 0.05016
v -0.08553 1.19233 0.04072
v -0.08580 1.22309 0.02424
v -0.09002 1.25373 0.00602
v -0.09633 1.28512 -0.01530
v -0.04868 0.13594 0.09983
v -0.04880 0.16586 0.09899
v -0.04883 0.19577 0.09824
v -0.04879 0.22565 0.09753
v -0.04875 0.25553 0.09686
v -0.04871 0.28542 0.09620
v -0.04871 0.31535 0.09553
v -0.04874 0.34533 0.09481
v -0.04886 0.37539 0.09401
v -0.04909 0.40556 0.09305
v -0.04951 0.43581 0.09176
v -0.05016 0.46611 0.08998
v -0.05107 0.49638 0.08770
v -0.05224 0.52655 0.08520
v -0.05356 0.55660 0.08282
v -0.05481 0.58655 0.08080
v -0.05573 0.61645 0.07912
v -0.05620 0.64631 0.07770
v -0.05618 0.67616 0.07630
v -0.05577 0.70601 0.07467
v -0.05521 0.73587 0.07272
v -0.05475 0.76574 0.07046
v -0.05471 0.79571 0.06892
v -0.05657 0.82547 0.07323
v -0.05993 0.85446 0.08099
v -0.06233 0.88411 0.08733
v -0.06252 0.91468 0.09016
v -0.06073 0.94551 0.08922
v -0.05851 0.97648 0.08718
v -0.05681 1.00760 0.08414
v -0.05477 1.03832 0.07789
v -0.05280 1.06876 0.06931
v -0.05125 1.09918 0.05918
v -0.05138 1.13148 0.05427
v -0.05148 1.16463 0.05198
v -0.05106 1.19702 0.04134
v -0.05394 1.22736 0.02575
v -0.01888 0.13667 0.10576
v -0.01891 0.16661 0.10503
v -0.01886 0.19653 0.10433
v -0.01876 0.22645 0.10366
v -0.01866 0.25638 0.10300
v -0.01859 0.28633 0.10232
v -0.01856 0.31633 0.10162
v -0.01860 0.34639 0.10089
v -0.01875 0.37653 0.10007
v -0.01904 0.40675 0.09910
v -0.01951 0.43705 0.09784
v -0.02018 0.46738 0.09621
v -0.02101 0.49769 0.09423
v -0.02194 0.52792 0.09202
v -0.02279 0.55806 0.08979
v -0.02342 0.58810 0.08766
v -0.02367 0.61805 0.08566
v -0.02354 0.64792 0.08381
v -0.02310 0.67774 0.08206
v -0.02254 0.70755 0.08031
v -0.02209 0.73738 0.07848
v -0.02199 0.76730 0.07675
v -0.02260 0.79739 0.07710
v -0.02453 0.82681 0.08418
v -0.02625 0.85636 0.09144
v -0.02693 0.88646 0.09724
v -0.02616 0.91732 0.09981
v -0.02437 0.94848 0.09871
v -0.02252 0.97977 0.09619
v -0.02090 1.01106 0.09185
v -0.01933 1.04161 0.08339
v -0.01820 1.07166 0.07257
v -0.01775 1.10265 0.06323
v -0.01758 1.13480 0.05661
v -0.01671 1.16720 0.04912
v -0.01517 1.19837 0.03905
v 0.01148 0.13709 0.10625
v 0.01155 0.16704 0.10554
v 0.01167 0.19698 0.10482
v 0.01182 0.22692 0.10410
v 0.01195 0.25687 0.10337
v 0.01205 0.28686 0.10263
v 0.01208 0.31688 0.10188
v 0.01203 0.34697 0.10111
v 0.01185 0.37713 0.10027
v 0.01154 0.40736 0.09930
v 0.01107 0.43765 0.09814
v 0.01046 0.46798 0.09673
v 0.00980 0.49831 0.09507
v 0.00919 0.52860 0.09319
v 0.00879 0.55883 0.09114
v 0.00873 0.58896 0.08894
v 0.00905 0.61897 0.08670
v 0.00969 0.64888 0.08456
v 0.01046 0.67873 0.08260
v 0.01112 0.70858 0.08079
v 0.01143 0.73850 0.07910
v 0.01117 0.76859 0.07787
v 0.01024 0.79891 0.07870
v 0.00929 0.82850 0.08602
v 0.00903 0.85830 0.09332
v 0.00964 0.88882 0.09783
v 0.01112 0.91976 0.09851
v 0.01300 0.95103 0.09908
v 0.01461 0.98249 0.09665
v 0.01583 1.01362 0.09118
v 0.01641 1.04404 0.08237
v 0.01633 1.07395 0.07147
v 0.01596 1.10464 0.06207
v 0.01637 1.13632 0.05536
v 0.01836 1.16813 0.04882
v 0.02455 1.19866 0.03924
v 0.04143 0.13723 0.10133
v 0.04158 0.16718 0.10055
v 0.04174 0.19711 0.09971
v 0.04191 0.22706 0.09888
v 0.04204 0.25702 0.09803
v 0.04213 0.28700 0.09719
v 0.04215 0.31702 0.09635
v 0.04207 0.34709 0.09553
v 0.04188 0.37722 0.09467
v 0.04156 0.40742 0.09375
v 0.04114 0.43768 0.09271
v 0.04067 0.46799 0.09152
v 0.04026 0.49833 0.09012
v 0.04004 0.52869 0.08845
v 0.04014 0.55900 0.08646
v 0.04067 0.58922 0.08419
v 0.04158 0.61932 0.08184
v 0.04272 0.64930 0.07967
v 0.04378 0.67925 0.07773
v 0.04449 0.70925 0.07599
v 0.04458 0.73937 0.07443
v 0.04395 0.76970 0.07348
v 0.04282 0.80021 0.07439
v 0.04234 0.83047 0.07925
v 0.04384 0.86017 0.08742
v 0.04624 0.89062 0.09354
v 0.04833 0.92200 0.09468
v 0.04957 0.95331 0.09175
v 0.05078 0.98439 0.08789
v 0.05162 1.01520 0.08272
v 0.05161 1.04563 0.07555
v 0.05060 1.07555 0.06640
v 0.04918 1.10510 0.05597
v 0.05048 1.13632 0.05184
v 0.05407 1.16769 0.05143
v 0.05898 1.19759 0.04171
v 0.06211 1.22651 0.02614
v 0.07004 0.13711 0.09115
v 0.07020 0.16704 0.09019
v 0.07034 0.19696 0.08916
v 0.07047 0.22689 0.08815
v 0.07056 0.25682 0.08714
v 0.07061 0.28678 0.08616
v 0.07059 0.31677 0.08524
v 0.07048 0.34679 0.08436
v 0.07027 0.37687 0.08351
v 0.06998 0.40700 0.08264
v 0.06965 0.43721 0.08173
v 0.06935 0.46750 0.08070
v 0.06923 0.49786 0.07945
v 0.06945 0.52827 0.07789
v 0.07017 0.55867 0.07598
v 0.07146 0.58899 0.07386
v 0.07318 0.61918 0.07185
v 0.07496 0.64931 0.07008
v 0.07636 0.67946 0.06846
v 0.07706 0.70972 0.06688
v 0.07682 0.74014 0.06533
v 0.07569 0.77078 0.06417
v 0.07420 0.80158 0.06421
v 0.07337 0.83239 0.06627
v 0.07560 0.86265 0.07230
v 0.07845 0.89331 0.07584
v 0.08047 0.92425 0.07526
v 0.08141 0.95486 0.07170
v 0.08241 0.98518 0.06779
v 0.08337 1.01536 0.06385
v 0.08399 1.04552 0.05966
v 0.08296 1.07526 0.05327
v 0.08169 1.10478 0.04623
v 0.08491 1.13518 0.04755
v 0.08965 1.16623 0.04717
v 0.09189 1.19662 0.03626
v 0.09363 1.22605 0.02099
v 0.09604 1.25592 0.00439
v 0.10547 1.28729 -0.01832
v 0.09635 0.13671 0.07597
v 0.09645 0.16662 0.07476
v 0.09646 0.19651 0.07346
v 0.09647 0.22641 0.07221
v 0.09648 0.25631 0.07102
v 0.09646 0.28622 0.06991
v 0.09638 0.31614 0.06890
v 0.09624 0.34610 0.06798
v 0.09602 0.37610 0.06713
v 0.09576 0.40617 0.06634
v 0.09553 0.43633 0.06554
v 0.09542 0.46658 0.06463
v 0.09563 0.49695 0.06351
v 0.09646 0.52742 0.06216
v 0.09822 0.55791 0.06071
v 0.10086 0.58831 0.05944
v 0.10388 0.61864 0.05854
v 0.10647 0.64900 0.05753
v 0.10825 0.67952 0.05640
v 0.10882 0.71019 0.05488
v 0.10799 0.74102 0.05295
v 0.10601 0.77200 0.05089
v 0.10386 0.80310 0.04943
v 0.10243 0.83412 0.04919
v 0.10258 0.86502 0.05007
v 0.10574 0.89563 0.05151
v 0.10803 0.92609 0.04961
v 0.10925 0.95613 0.04603
v 0.10972 0.98579 0.04198
v 0.11034 1.01530 0.03879
v 0.11074 1.04478 0.03560
v 0.11092 1.07419 0.03209
v 0.11116 1.10367 0.02911
v 0.11565 1.13304 0.03110
v 0.12086 1.16303 0.03088
v 0.12203 1.19330 0.02331
v 0.12335 1.22411 0.01267
v 0.12672 1.25397 -0.00281
v 0.13332 1.28263 -0.02115
v 0.14033 1.31313 -0.03991
v 0.11949 0.13605 0.05625
v 0.11933 0.16592 0.05467
v 0.11908 0.19577 0.05305
v 0.11892 0.22562 0.05155
v 0.11881 0.25547 0.05019
v 0.11871 0.28532 0.04896
v 0.11857 0.31518 0.04787
v 0.11837 0.34507 0.04691
v 0.11815 0.37500 0.04610
v 0.11794 0.40500 0.04540
v 0.11781 0.43510 0.04470
v 0.11788 0.46532 0.04390
v 0.11853 0.49569 0.04301
v 0.12058 0.52619 0.04235
v 0.12448 0.55669 0.04225
v 0.12951 0.58703 0.04307
v 0.13456 0.61750 0.04447
v 0.13804 0.64841 0.04451
v 0.14038 0.67964 0.04421
v 0.14061 0.71107 0.04247
v 0.13869 0.74250 0.03944
v 0.13483 0.77371 0.03465
v 0.13183 0.80503 0.03119
v 0.12909 0.83599 0.02834
v 0.12692 0.86680 0.02519
v 0.13068 0.89755 0.02446
v 0.13368 0.92790 0.02160
v 0.13427 0.95769 0.01707
v 0.13378 0.98680 0.01275
v 0.13329 1.01570 0.01006
v 0.13343 1.04470 0.00757
v 0.13428 1.07357 0.00563
v 0.13599 1.10229 0.00524
v 0.13965 1.13072 0.00561
v 0.14296 1.15899 0.00429
v 0.14641 1.18764 0.00298
v 0.15041 1.21776 0.00081
v 0.15521 1.24736 -0.01046
v 0.16153 1.27644 -0.02422
v 0.13855 0.13508 0.03253
v 0.13787 0.16490 0.03051
v 0.13726 0.19470 0.02859
v 0.13693 0.22451 0.02690
v 0.13671 0.25431 0.02541
v 0.13650 0.28411 0.02407
v 0.13627 0.31392 0.02289
v 0.13606 0.34374 0.02194
v 0.13587 0.37362 0.02123
v 0.13569 0.40358 0.02062
v 0.13562 0.43365 0.02001
v 0.13589 0.46384 0.01934
v 0.13731 0.49420 0.01888
v 0.14204 0.52450 0.01991
v 0.15031 0.55435 0.02305
v 0.15628 0.58524 0.02358
v 0.16072 0.61655 0.02281
v 0.16341 0.64814 0.02142
v 0.16552 0.67993 0.02033
v 0.16602 0.71185 0.01922
v 0.16435 0.74390 0.01790
v 0.16245 0.77629 0.01628
v 0.15965 0.80805 0.01183
v 0.15406 0.83816 0.00515
v 0.14835 0.86771 -0.00159
v 0.14998 0.89854 -0.00666
v 0.15302 0.92933 -0.01089
v 0.15149 0.95907 -0.01793
v 0.14882 0.98750 -0.02206
v 0.14786 1.01640 -0.02329
v 0.14938 1.04515 -0.02491
v 0.15088 1.07347 -0.02555
v 0.15330 1.10147 -0.02515
v 0.15566 1.12896 -0.02574
v 0.15706 1.15582 -0.02753
v 0.16008 1.18120 -0.02450
v 0.16915 1.20733 -0.01878
v 0.15266 0.13377 0.00553
v 0.15109 0.16351 0.00307
v 0.15026 0.19327 0.00101
v 0.14981 0.22305 -0.00079
v 0.14950 0.25283 -0.00239
v 0.14917 0.28262 -0.00385
v 0.14896 0.31240 -0.00506
v 0.14893 0.34219 -0.00588
v 0.14866 0.37206 -0.00649
v 0.14840 0.40203 -0.00704
v 0.14832 0.43211 -0.00761
v 0.14882 0.46232 -0.00811
v 0.15207 0.49255 -0.00761
v 0.15955 0.52231 -0.00543
v 0.16754 0.55244 -0.00372
v 0.17325 0.58366 -0.00431
v 0.17704 0.61557 -0.00631
v 0.17956 0.64789 -0.00832
v 0.18151 0.68042 -0.01006
v 0.18137 0.71309 -0.01111
v 0.17989 0.74569 -0.01051
v 0.17958 0.77794 -0.01224
v 0.17499 0.80859 -0.01875
v 0.16985 0.83801 -0.02556
v 0.16278 0.86629 -0.03209
v 0.16089 0.13202 -0.02380
v 0.15876 0.16167 -0.02638
v 0.15777 0.19141 -0.02850
v 0.15731 0.22120 -0.03036
v 0.15689 0.25104 -0.03209
v 0.15670 0.28088 -0.03365
v 0.15730 0.31067 -0.03472
v 0.15743 0.34045 -0.03535
v 0.15641 0.37033 -0.03596
v 0.15578 0.40036 -0.03651
v 0.15557 0.43053 -0.03707
v 0.15645 0.46086 -0.03737
v 0.15955 0.49124 -0.03689
v 0.16587 0.52117 -0.03559
v 0.17375 0.55076 -0.03486
vt 0.65530 1.00000
vt 0.68690 0.99010
vt 0.71840 0.98020
vt 0.75410 0.96490
vt 0.78700 0.94880
vt 0.81710 0.93200
vt 0.84450 0.91430
vt 0.86900 0.89580
vt 0.89080 0.87650
vt 0.90970 0.85630
vt 0.90410 0.83460
vt 0.89850 0.81290
vt 0.89300 0.79120
vt 0.88740 0.76940
vt 0.88180 0.74770
vt 0.87620 0.72600
vt 0.87060 0.70430
vt 0.86500 0.68250
vt 0.87820 0.65990
vt 0.89140 0.63720
vt 0.90460 0.61450
vt 0.91770 0.59180
vt 0.93090 0.56920
vt 0.94410 0.54650
vt 0.95730 0.52380
vt 0.95920 0.50040
vt 0.96120 0.47690
vt 0.96310 0.45350
vt 0.96500 0.43000
vt 0.96700 0.40660
vt 0.96890 0.38310
vt 0.97090 0.35970
vt 0.97280 0.33620
vt 0.97480 0.31280
vt 0.97670 0.28930
vt 0.97860 0.26590
vt 0.98060 0.24240
vt 0.98250 0.21900
vt 0.98450 0.19550
vt 0.98640 0.17210
vt 0.98830 0.14860
vt 0.99030 0.12520
vt 0.99220 0.10170
vt 0.99420 0.07830
vt 0.99610 0.05480
vt 0.99810 0.03140
vt 1.00000 0.00790
vt 0.94440 0.00710
vt 0.88890 0.00620
vt 0.83330 0.00530
vt 0.77780 0.00440
vt 0.72220 0.00350
vt 0.66670 0.00260
vt 0.61110 0.00180
vt 0.55560 0.00090
vt 0.50000 0.00000
vt 0.44440 0.00090
vt 0.38890 0.00180
vt 0.33330 0.00260
vt 0.27780 0.00350
vt 0.22220 0.00440
vt 0.16670 0.00530
vt 0.11110 0.00620
vt 0.05560 0.00710
vt 0.00000 0.00790
vt 0.00190 0.03140
vt 0.00390 0.05480
vt 0.00580 0.07830
vt 0.00780 0.10170
vt 0.00970 0.12520
vt 0.01170 0.14860
vt 0.01360 0.17210
vt 0.01550 0.19550
vt 0.01750 0.21900
vt 0.01940 0.24240
vt 0.02140 0.26590
vt 0.02330 0.28930
vt 0.02520 0.31280
vt 0.02720 0.33620
vt 0.02910 0.35970
vt 0.03110 0.38310
vt 0.03300 0.40660
vt 0.03500 0.43000
vt 0.03690 0.45350
vt 0.03880 0.47690
vt 0.04080 0.50040
vt 0.04270 0.52380
vt 0.05590 0.54650
vt 0.06910 0.56920
vt 0.08230 0.59180
vt 0.09540 0.61450
vt 0.10860 0.63720
vt 0.12180 0.65990
vt 0.13500 0.68250
vt 0.12940 0.70430
vt 0.12380 0.72600
vt 0.11820 0.74770
vt 0.11260 0.76940
vt 0.10700 0.79120
vt 0.10150 0.81290
vt 0.09590 0.83460
vt 0.09030 0.85630
vt 0.10920 0.87650
vt 0.13100 0.89580
vt 0.15550 0.91430
vt 0.18290 0.93200
vt 0.21300 0.94880
vt 0.24590 0.96490
vt 0.28160 0.98020
vt 0.31310 0.99010
vt 0.34470 1.00000
vt 0.37050 0.96630
vt 0.39640 0.93870
vt 0.42230 0.91730
vt 0.44820 0.90190
vt 0.47410 0.89270
vt 0.50000 0.88970
vt 0.52590 0.89270
vt 0.55180 0.90190
vt 0.57770 0.91730
vt 0.60360 0.93870
vt 0.62950 0.96630
vt 0.05830 0.02380
vt 0.05830 0.04760
vt 0.05830 0.07140
vt 0.05830 0.09520
vt 0.05830 0.11900
vt 0.05830 0.14290
vt 0.05830 0.16670
vt 0.05830 0.19050
vt 0.05830 0.21430
vt 0.05830 0.23810
vt 0.11650 0.02380
vt 0.11650 0.04760
vt 0.11650 0.07140
vt 0.11650 0.09520
vt 0.11650 0.11900
vt 0.11650 0.14290
vt 0.11650 0.16670
vt 0.11650 0.19050
vt 0.11650 0.21430
vt 0.11650 0.23810
vt 0.11650 0.26190
vt 0.11650 0.28570
vt 0.11650 0.30950
vt 0.11650 0.33330
vt 0.11650 0.35710
vt 0.11650 0.38100
vt 0.11650 0.40480
vt 0.11650 0.42860
vt 0.11650 0.45240
vt 0.11650 0.47620
vt 0.11650 0.50000
vt 0.11650 0.52380
vt 0.11650 0.54760
vt 0.11650 0.57140
vt 0.17480 0.02380
vt 0.17480 0.04760
vt 0.17480 0.07140
vt 0.17480 0.09520
vt 0.17480 0.11900
vt 0.17480 0.14290
vt 0.17480 0.16670
vt 0.17480 0.19050
vt 0.17480 0.21430
vt 0.17480 0.23810
vt 0.17480 0.26190
vt 0.17480 0.28570
vt 0.17480 0.30950
vt 0.17480 0.33330
vt 0.17480 0.35710
vt 0.17480 0.38100
vt 0.17480 0.40480
vt 0.17480 0.42860
vt 0.17480 0.45240
vt 0.17480 0.47620
vt 0.17480 0.50000
vt 0.17480 0.52380
vt 0.17480 0.54760
vt 0.17480 0.57140
vt 0.17480 0.59520
vt 0.17480 0.61900
vt 0.17480 0.64290
vt 0.17480 0.66670
vt 0.17480 0.69050
vt 0.17480 0.71430
vt 0.17480 0.73810
vt 0.17480 0.76190
vt 0.17480 0.78570
vt 0.17480 0.80950
vt 0.17480 0.83330
vt 0.17480 0.85710
vt 0.17480 0.88100
vt 0.23300 0.02380
vt 0.23300 0.04760
vt 0.23300 0.07140
vt 0.23300 0.09520
vt 0.23300 0.11900
vt 0.23300 0.14290
vt 0.23300 0.16670
vt 0.23300 0.19050
vt 0.23300 0.21430
vt 0.23300 0.23810
vt 0.23300 0.26190
vt 0.23300 0.28570
vt 0.23300 0.30950
vt 0.23300 0.33330
vt 0.23300 0.35710
vt 0.23300 0.38100
vt 0.23300 0.40480
vt 0.23300 0.42860
vt 0.23300 0.45240
vt 0.23300 0.47620
vt 0.23300 0.50000
vt 0.23300 0.52380
vt 0.23300 0.54760
vt 0.23300 0.57140
vt 0.23300 0.59520
vt 0.23300 0.61900
vt 0.23300 0.64290
vt 0.23300 0.66670
vt 0.23300 0.69050
vt 0.23300 0.71430
vt 0.23300 0.73810
vt 0.23300 0.76190
vt 0.23300 0.78570
vt 0.23300 0.80950
vt 0.23300 0.83330
vt 0.23300 0.85710
vt 0.23300 0.88100
vt 0.23300 0.90480
vt 0.23300 0.92860
vt 0.29130 0.02380
vt 0.29130 0.04760
vt 0.29130 0.07140
vt 0.29130 0.09520
vt 0.29130 0.11900
vt 0.29130 0.14290
vt 0.29130 0.16670
vt 0.29130 0.19050
vt 0.29130 0.21430
vt 0.29130 0.23810
vt 0.29130 0.26190
vt 0.29130 0.28570
vt 0.29130 0.30950
vt 0.29130 0.33330
vt 0.29130 0.35710
vt 0.29130 0.38100
vt 0.29130 0.40480
vt 0.29130 0.42860
vt 0.29130 0.45240
vt 0.29130 0.47620
vt 0.29130 0.50000
vt 0.29130 0.52380
vt 0.29130 0.54760
vt 0.29130 0.57140
vt 0.29130 0.59520
vt 0.29130 0.61900
vt 0.29130 0.64290
vt 0.29130 0.66670
vt 0.29130 0.69050
vt 0.29130 0.71430
vt 0.29130 0.73810
vt 0.29130 0.76190
vt 0.29130 0.78570
vt 0.29130 0.80950
vt 0.29130 0.83330
vt 0.29130 0.85710
vt 0.29130 0.88100
vt 0.29130 0.90480
vt 0.29130 0.92860
vt 0.29130 0.95240
vt 0.34950 0.02380
vt 0.34950 0.04760
vt 0.34950 0.07140
vt 0.34950 0.09520
vt 0.34950 0.11900
vt 0.34950 0.14290
vt 0.34950 0.16670
vt 0.34950 0.19050
vt 0.34950 0.21430
vt 0.34950 0.23810
vt 0.34950 0.26190
vt 0.34950 0.28570
vt 0.34950 0.30950
vt 0.34950 0.33330
vt 0.34950 0.35710
vt 0.34950 0.38100
vt 0.34950 0.40480
vt 0.34950 0.42860
vt 0.34950 0.45240
vt 0.34950 0.47620
vt 0.34950 0.50000
vt 0.34950 0.52380
vt 0.34950 0.54760
vt 0.34950 0.57140
vt 0.34950 0.59520
vt 0.34950 0.61900
vt 0.34950 0.64290
vt 0.34950 0.66670
vt 0.34950 0.69050
vt 0.34950 0.71430
vt 0.34950 0.73810
vt 0.34950 0.76190
vt 0.34950 0.78570
vt 0.34950 0.80950
vt 0.34950 0.83330
vt 0.34950 0.85710
vt 0.34950 0.88100
vt 0.34950 0.90480
vt 0.34950 0.92860
vt 0.40780 0.02380
vt 0.40780 0.04760
vt 0.40780 0.07140
vt 0.40780 0.09520
vt 0.40780 0.11900
vt 0.40780 0.14290
vt 0.40780 0.16670
vt 0.40780 0.19050
vt 0.40780 0.21430
vt 0.40780 0.23810
vt 0.40780 0.26190
vt 0.40780 0.28570
vt 0.40780 0.30950
vt 0.40780 0.33330
vt 0.40780 0.35710
vt 0.40780 0.38100
vt 0.40780 0.40480
vt 0.40780 0.42860
vt 0.40780 0.45240
vt 0.40780 0.47620
vt 0.40780 0.50000
vt 0.40780 0.52380
vt 0.40780 0.54760
vt 0.40780 0.57140
vt 0.40780 0.59520
vt 0.40780 0.61900
vt 0.40780 0.64290
vt 0.40780 0.66670
vt 0.40780 0.69050
vt 0.40780 0.71430
vt 0.40780 0.73810
vt 0.40780 0.76190
vt 0.40780 0.78570
vt 0.40780 0.80950
vt 0.40780 0.83330
vt 0.40780 0.85710
vt 0.40780 0.88100
vt 0.46600 0.02380
vt 0.46600 0.04760
vt 0.46600 0.07140
vt 0.46600 0.09520
vt 0.46600 0.11900
vt 0.46600 0.14290
vt 0.46600 0.16670
vt 0.46600 0.19050
vt 0.46600 0.21430
vt 0.46600 0.23810
vt 0.46600 0.26190
vt 0.46600 0.28570
vt 0.46600 0.30950
vt 0.46600 0.33330
vt 0.46600 0.35710
vt 0.46600 0.38100
vt 0.46600 0.40480
vt 0.46600 0.42860
vt 0.46600 0.45240
vt 0.46600 0.47620
vt 0.46600 0.50000
vt 0.46600 0.52380
vt 0.46600 0.54760
vt 0.46600 0.57140
vt 0.46600 0.59520
vt 0.46600 0.61900
vt 0.46600 0.64290
vt 0.46600 0.66670
vt 0.46600 0.69050
vt 0.46600 0.71430
vt 0.46600 0.73810
vt 0.46600 0.76190
vt 0.46600 0.78570
vt 0.46600 0.80950
vt 0.46600 0.83330
vt 0.46600 0.85710
vt 0.52430 0.02380
vt 0.52430 0.04760
vt 0.52430 0.07140
vt 0.52430 0.09520
vt 0.52430 0.11900
vt 0.52430 0.14290
vt 0.52430 0.16670
vt 0.52430 0.19050
vt 0.52430 0.21430
vt 0.52430 0.23810
vt 0.52430 0.26190
vt 0.52430 0.28570
vt 0.52430 0.30950
vt 0.52430 0.33330
vt 0.52430 0.35710
vt 0.52430 0.38100
vt 0.52430 0.40480
vt 0.52430 0.42860
vt 0.52430 0.45240
vt 0.52430 0.47620
vt 0.52430 0.50000
vt 0.52430 0.52380
vt 0.52430 0.54760
vt 0.52430 0.57140
vt 0.52430 0.59520
vt 0.52430 0.61900
vt 0.52430 0.64290
vt 0.52430 0.66670
vt 0.52430 0.69050
vt 0.52430 0.71430
vt 0.52430 0.73810
vt 0.52430 0.76190
vt 0.52430 0.78570
vt 0.52430 0.80950
vt 0.52430 0.83330
vt 0.52430 0.85710
vt 0.58250 0.02380
vt 0.58250 0.04760
vt 0.58250 0.07140
vt 0.58250 0.09520
vt 0.58250 0.11900
vt 0.58250 0.14290
vt 0.58250 0.16670
vt 0.58250 0.19050
vt 0.58250 0.21430
vt 0.58250 0.23810
vt 0.58250 0.26190
vt 0.58250 0.28570
vt 0.58250 0.30950
vt 0.58250 0.33330
vt 0.58250 0.35710
vt 0.58250 0.38100
vt 0.58250 0.40480
vt 0.58250 0.42860
vt 0.58250 0.45240
vt 0.58250 0.47620
vt 0.58250 0.50000
vt 0.58250 0.52380
vt 0.58250 0.54760
vt 0.58250 0.57140
vt 0.58250 0.59520
vt 0.58250 0.61900
vt 0.58250 0.64290
vt 0.58250 0.66670
vt 0.58250 0.69050
vt 0.58250 0.71430
vt 0.58250 0.73810
vt 0.58250 0.76190
vt 0.58250 0.78570
vt 0.58250 0.80950
vt 0.58250 0.83330
vt 0.58250 0.85710
vt 0.58250 0.88100
vt 0.64080 0.02380
vt 0.64080 0.04760
vt 0.64080 0.07140
vt 0.64080 0.09520
vt 0.64080 0.11900
vt 0.64080 0.14290
vt 0.64080 0.16670
vt 0.64080 0.19050
vt 0.64080 0.21430
vt 0.64080 0.23810
vt 0.64080 0.26190
vt 0.64080 0.28570
vt 0.64080 0.30950
vt 0.64080 0.33330
vt 0.64080 0.35710
vt 0.64080 0.38100
vt 0.64080 0.40480
vt 0.64080 0.42860
vt 0.64080 0.45240
vt 0.64080 0.47620
vt 0.64080 0.50000
vt 0.64080 0.52380
vt 0.64080 0.54760
vt 0.64080 0.57140
vt 0.64080 0.59520
vt 0.64080 0.61900
vt 0.64080 0.64290
vt 0.64080 0.66670
vt 0.64080 0.69050
vt 0.64080 0.71430
vt 0.64080 0.73810
vt 0.64080 0.76190
vt 0.64080 0.78570
vt 0.64080 0.80950
vt 0.64080 0.83330
vt 0.64080 0.85710
vt 0.64080 0.88100
vt 0.64080 0.90480
vt 0.64080 0.92860
vt 0.69900 0.02380
vt 0.69900 0.04760
vt 0.69900 0.07140
vt 0.69900 0.09520
vt 0.69900 0.11900
vt 0.69900 0.14290
vt 0.69900 0.16670
vt 0.69900 0.19050
vt 0.69900 0.21430
vt 0.69900 0.23810
vt 0.69900 0.26190
vt 0.69900 0.28570
vt 0.69900 0.30950
vt 0.69900 0.33330
vt 0.69900 0.35710
vt 0.69900 0.38100
vt 0.69900 0.40480
vt 0.69900 0.42860
vt 0.69900 0.45240
vt 0.69900 0.47620
vt 0.69900 0.50000
vt 0.69900 0.52380
vt 0.69900 0.54760
vt 0.69900 0.57140
vt 0.69900 0.59520
vt 0.69900 0.61900
vt 0.69900 0.64290
vt 0.69900 0.66670
vt 0.69900 0.69050
vt 0.69900 0.71430
vt 0.69900 0.73810
vt 0.69900 0.76190
vt 0.69900 0.78570
vt 0.69900 0.80950
vt 0.69900 0.83330
vt 0.69900 0.85710
vt 0.69900 0.88100
vt 0.69900 0.90480
vt 0.69900 0.92860
vt 0.69900 0.95240
vt 0.75730 0.02380
vt 0.75730 0.04760
vt 0.75730 0.07140
vt 0.75730 0.09520
vt 0.75730 0.11900
vt 0.75730 0.14290
vt 0.75730 0.16670
vt 0.75730 0.19050
vt 0.75730 0.21430
vt 0.75730 0.23810
vt 0.75730 0.26190
vt 0.75730 0.28570
vt 0.75730 0.30950
vt 0.75730 0.33330
vt 0.75730 0.35710
vt 0.75730 0.38100
vt 0.75730 0.40480
vt 0.75730 0.42860
vt 0.75730 0.45240
vt 0.75730 0.47620
vt 0.75730 0.50000
vt 0.75730 0.52380
vt 0.75730 0.54760
vt 0.75730 0.57140
vt 0.75730 0.59520
vt 0.75730 0.61900
vt 0.75730 0.64290
vt 0.75730 0.66670
vt 0.75730 0.69050
vt 0.75730 0.71430
vt 0.75730 0.73810
vt 0.75730 0.76190
vt 0.75730 0.78570
vt 0.75730 0.80950
vt 0.75730 0.83330
vt 0.75730 0.85710
vt 0.75730 0.88100
vt 0.75730 0.90480
vt 0.75730 0.92860
vt 0.81550 0.02380
vt 0.81550 0.04760
vt 0.81550 0.07140
vt 0.81550 0.09520
vt 0.81550 0.11900
vt 0.81550 0.14290
vt 0.81550 0.16670
vt 0.81550 0.19050
vt 0.81550 0.21430
vt 0.81550 0.23810
vt 0.81550 0.26190
vt 0.81550 0.28570
vt 0.81550 0.30950
vt 0.81550 0.33330
vt 0.81550 0.35710
vt 0.81550 0.38100
vt 0.81550 0.40480
vt 0.81550 0.42860
vt 0.81550 0.45240
vt 0.81550 0.47620
vt 0.81550 0.50000
vt 0.81550 0.52380
vt 0.81550 0.54760
vt 0.81550 0.57140
vt 0.81550 0.59520
vt 0.81550 0.61900
vt 0.81550 0.64290
vt 0.81550 0.66670
vt 0.81550 0.69050
vt 0.81550 0.71430
vt 0.81550 0.73810
vt 0.81550 0.76190
vt 0.81550 0.78570
vt 0.81550 0.80950
vt 0.81550 0.83330
vt 0.81550 0.85710
vt 0.81550 0.88100
vt 0.87380 0.02380
vt 0.87380 0.04760
vt 0.87380 0.07140
vt 0.87380 0.09520
vt 0.87380 0.11900
vt 0.87380 0.14290
vt 0.87380 0.16670
vt 0.87380 0.19050
vt 0.87380 0.21430
vt 0.87380 0.23810
vt 0.87380 0.26190
vt 0.87380 0.28570
vt 0.87380 0.30950
vt 0.87380 0.33330
vt 0.87380 0.35710
vt 0.87380 0.38100
vt 0.87380 0.40480
vt 0.87380 0.42860
vt 0.87380 0.45240
vt 0.87380 0.47620
vt 0.87380 0.50000
vt 0.87380 0.52380
vt 0.87380 0.54760
vt 0.87380 0.57140
vt 0.87380 0.59520
vt 0.93200 0.02380
vt 0.93200 0.04760
vt 0.93200 0.07140
vt 0.93200 0.09520
vt 0.93200 0.11900
vt 0.93200 0.14290
vt 0.93200 0.16670
vt 0.93200 0.19050
vt 0.93200 0.21430
vt 0.93200 0.23810
vt 0.93200 0.26190
vt 0.93200 0.28570
vt 0.93200 0.30950
vt 0.93200 0.33330
vt 0.93200 0.35710
f 108/108 107/107 272/272
f 108/108 272/272 109/109
f 109/109 272/272 112/112
f 109/109 112/112 110/110
f 110/110 112/112 111/111
f 1/1 122/122 2/2
f 2/2 122/122 3/3
f 3/3 122/122 536/536
f 3/3 536/536 4/4
f 4/4 536/536 5/5
f 5/5 536/536 575/575
f 5/5 575/575 6/6
f 6/6 575/575 574/574
f 6/6 574/574 7/7
f 7/7 574/574 612/612
f 7/7 612/612 8/8
f 8/8 612/612 9/9
f 9/9 612/612 611/611
f 9/9 611/611 10/10
f 10/10 611/611 11/11
f 25/25 24/24 634/634
f 25/25 634/634 633/633
f 25/25 633/633 26/26
f 33/33 32/32 652/652
f 33/33 652/652 651/651
f 33/33 651/651 34/34
f 35/35 34/34 650/650
f 35/35 650/650 649/649
f 35/35 649/649 36/36
f 46/46 45/45 639/639
f 46/46 639/639 638/638
f 46/46 638/638 48/48
f 46/46 48/48 47/47
f 52/52 51/51 537/537
f 52/52 537/537 497/497
f 52/52 497/497 53/53
f 54/54 53/53 458/458
f 54/54 458/458 421/421
f 54/54 421/421 55/55
f 56/56 55/55 385/385
f 56/56 385/385 349/349
f 56/56 349/349 57/57
f 58/58 57/57 312/312
f 58/58 312/312 273/273
f 58/58 273/273 59/59
f 60/60 59/59 233/233
f 60/60 233/233 194/194
f 60/60 194/194 61/61
f 65/65 64/64 123/123
f 65/65 123/123 66/66
f 66/66 123/123 124/124
f 66/66 124/124 67/67
f 77/77 76/76 144/144
f 77/77 144/144 145/145
f 77/77 145/145 78/78
f 79/79 78/78 146/146
f 79/79 146/146 147/147
f 79/79 147/147 80/80
f 87/87 86/86 153/153
f 87/87 153/153 154/154
f 87/87 154/154 88/88
f 102/102 101/101 192/192
f 102/102 192/192 103/103
f 103/103 192/192 193/193
f 103/103 193/193 104/104
f 104/104 193/193 105/105
f 105/105 193/193 231/231
f 105/105 231/231 106/106
f 106/106 231/231 232/232
f 106/106 232/232 107/107
f 107/107 232/232 272/272
f 272/272 232/232 271/271
f 272/272 271/271 311/311
f 272/272 311/311 112/112
f 112/112 311/311 113/113
f 122/122 121/121 496/496
f 122/122 496/496 536/536
f 536/536 496/496 535/535
f 536/536 535/535 575/575
f 575/575 535/535 574/574
f 574/574 535/535 534/534
f 574/574 534/534 573/573
f 574/574 573/573 612/612
f 612/612 573/573 611/611
f 611/611 573/573 572/572
f 611/611 572/572 610/610
f 611/611 610/610 11/11
f 11/11 610/610 12/12
f 24/24 23/23 635/635
f 24/24 635/635 634/634
f 634/634 635/635 598/598
f 634/634 598/598 597/597
f 634/634 597/597 633/633
f 633/633 597/597 596/596
f 633/633 596/596 632/632
f 633/633 632/632 26/26
f 26/26 632/632 27/27
f 27/27 632/632 28/28
f 29/29 28/28 631/631
f 29/29 631/631 630/630
f 29/29 630/630 30/30
f 31/31 30/30 629/629
f 31/31 629/629 628/628
f 31/31 628/628 652/652
f 31/31 652/652 32/32
f 652/652 628/628 627/627
f 652/652 627/627 651/651
f 651/651 627/627 626/626
f 651/651 626/626 650/650
f 651/651 650/650 34/34
f 650/650 626/626 625/625
f 650/650 625/625 649/649
f 649/649 625/625 624/624
f 649/649 624/624 648/648
f 649/649 648/648 36/36
f 36/36 648/648 37/37
f 38/38 37/37 647/647
f 38/38 647/647 646/646
f 38/38 646/646 39/39
f 40/40 39/39 645/645
f 40/40 645/645 644/644
f 40/40 644/644 41/41
f 42/42 41/41 643/643
f 42/42 643/643 642/642
f 42/42 642/642 43/43
f 44/44 43/43 641/641
f 44/44 641/641 640/640
f 44/44 640/640 45/45
f 45/45 640/640 639/639
f 639/639 640/640 615/615
f 639/639 615/615 614/614
f 639/639 614/614 638/638
f 638/638 614/614 613/613
f 638/638 613/613 49/49
f 638/638 49/49 48/48
f 49/49 613/613 50/50
f 50/50 613/613 576/576
f 50/50 576/576 51/51
f 51/51 576/576 537/537
f 537/537 576/576 538/538
f 537/537 538/538 498/498
f 537/537 498/498 497/497
f 497/497 498/498 459/459
f 497/497 459/459 458/458
f 497/497 458/458 53/53
f 458/458 459/459 422/422
f 458/458 422/422 421/421
f 421/421 422/422 386/386
f 421/421 386/386 385/385
f 421/421 385/385 55/55
f 385/385 386/386 350/350
f 385/385 350/350 349/349
f 349/349 350/350 313/313
f 349/349 313/313 312/312
f 349/349 312/312 57/57
f 312/312 313/313 274/274
f 312/312 274/274 273/273
f 273/273 274/274 234/234
f 273/273 234/234 233/233
f 273/273 233/233 59/59
f 233/233 234/234 195/195
f 233/233 195/195 194/194
f 194/194 195/195 158/158
f 194/194 158/158 157/157
f 194/194 157/157 61/61
f 61/61 157/157 62/62
f 62/62 157/157 133/133
f 62/62 133/133 63/63
f 63/63 133/133 123/123
f 63/63 123/123 64/64
f 123/123 133/133 124/124
f 124/124 133/133 134/134
f 124/124 134/134 125/125
f 124/124 125/125 67/67
f 67/67 125/125 68/68
f 68/68 125/125 126/126
f 68/68 126/126 69/69
f 70/70 69/69 127/127
f 70/70 127/127 128/128
f 70/70 128/128 71/71
f 72/72 71/71 129/129
f 72/72 129/129 130/130
f 72/72 130/130 73/73
f 74/74 73/73 131/131
f 74/74 131/131 132/132
f 74/74 132/132 75/75
f 76/76 75/75 132/132
f 76/76 132/132 143/143
f 76/76 143/143 144/144
f 144/144 143/143 167/167
f 144/144 167/167 168/168
f 144/144 168/168 145/145
f 145/145 168/168 169/169
f 145/145 169/169 146/146
f 145/145 146/146 78/78
f 146/146 169/169 170/170
f 146/146 170/170 147/147
f 147/147 170/170 171/171
f 147/147 171/171 148/148
f 147/147 148/148 80/80
f 80/80 148/148 81/81
f 81/81 148/148 149/149
f 81/81 149/149 82/82
f 83/83 82/82 150/150
f 83/83 150/150 151/151
f 83/83 151/151 84/84
f 85/85 84/84 152/152
f 85/85 152/152 153/153
f 85/85 153/153 86/86
f 153/153 152/152 176/176
f 153/153 176/176 177/177
f 153/153 177/177 154/154
f 154/154 177/177 178/178
f 154/154 178/178 155/155
f 154/154 155/155 88/88
f 88/88 155/155 89/89
f 101/101 100/100 191/191
f 101/101 191/191 192/192
f 192/192 191/191 228/228
f 192/192 228/228 229/229
f 192/192 229/229 193/193
f 193/193 229/229 230/230
f 193/193 230/230 231/231
f 231/231 230/230 269/269
f 231/231 269/269 270/270
f 231/231 270/270 232/232
f 232/232 270/270 271/271
f 271/271 270/270 310/310
f 271/271 310/310 311/311
f 311/311 310/310 114/114
f 311/311 114/114 113/113
f 121/121 120/120 496/496
f 496/496 120/120 495/495
f 496/496 495/495 534/534
f 496/496 534/534 535/535
f 534/534 495/495 533/533
f 534/534 533/533 573/573
f 573/573 533/533 572/572
f 572/572 533/533 532/532
f 572/572 532/532 571/571
f 572/572 571/571 610/610
f 610/610 571/571 609/609
f 610/610 609/609 12/12
f 12/12 609/609 13/13
f 23/23 22/22 636/636
f 23/23 636/636 635/635
f 635/635 636/636 599/599
f 635/635 599/599 598/598
f 598/598 599/599 560/560
f 598/598 560/560 559/559
f 598/598 559/559 597/597
f 597/597 559/559 558/558
f 597/597 558/558 596/596
f 596/596 558/558 557/557
f 596/596 557/557 595/595
f 596/596 595/595 632/632
f 632/632 595/595 631/631
f 632/632 631/631 28/28
f 631/631 595/595 594/594
f 631/631 594/594 630/630
f 630/630 594/594 593/593
f 630/630 593/593 629/629
f 630/630 629/629 30/30
f 629/629 593/593 592/592
f 629/629 592/592 628/628
f 628/628 592/592 591/591
f 628/628 591/591 627/627
f 627/627 591/591 590/590
f 627/627 590/590 626/626
f 626/626 590/590 589/589
f 626/626 589/589 625/625
f 625/625 589/589 588/588
f 625/625 588/588 624/624
f 624/624 588/588 587/587
f 624/624 587/587 623/623
f 624/624 623/623 648/648
f 648/648 623/623 647/647
f 648/648 647/647 37/37
f 647/647 623/623 622/622
f 647/647 622/622 646/646
f 646/646 622/622 621/621
f 646/646 621/621 645/645
f 646/646 645/645 39/39
f 645/645 621/621 620/620
f 645/645 620/620 644/644
f 644/644 620/620 619/619
f 644/644 619/619 643/643
f 644/644 643/643 41/41
f 643/643 619/619 618/618
f 643/643 618/618 642/642
f 642/642 618/618 617/617
f 642/642 617/617 641/641
f 642/642 641/641 43/43
f 641/641 617/617 616/616
f 641/641 616/616 640/640
f 640/640 616/616 615/615
f 615/615 616/616 579/579
f 615/615 579/579 578/578
f 615/615 578/578 614/614
f 614/614 578/578 577/577
f 614/614 577/577 613/613
f 613/613 577/577 576/576
f 576/576 577/577 538/538
f 538/538 577/577 539/539
f 538/538 539/539 499/499
f 538/538 499/499 498/498
f 498/498 499/499 460/460
f 498/498 460/460 459/459
f 459/459 460/460 423/423
f 459/459 423/423 422/422
f 422/422 423/423 387/387
f 422/422 387/387 386/386
f 386/386 387/387 351/351
f 386/386 351/351 350/350
f 350/350 351/351 314/314
f 350/350 314/314 313/313
f 313/313 314/314 275/275
f 313/313 275/275 274/274
f 274/274 275/275 235/235
f 274/274 235/235 234/234
f 234/234 235/235 196/196
f 234/234 196/196 195/195
f 195/195 196/196 159/159
f 195/195 159/159 158/158
f 158/158 159/159 135/135
f 158/158 135/135 134/134
f 158/158 134/134 157/157
f 157/157 134/134 133/133
f 134/134 135/135 125/125
f 125/125 135/135 126/126
f 126/126 135/135 136/136
f 126/126 136/136 127/127
f 126/126 127/127 69/69
f 127/127 136/136 137/137
f 127/127 137/137 128/128
f 128/128 137/137 138/138
f 128/128 138/138 129/129
f 128/128 129/129 71/71
f 129/129 138/138 139/139
f 129/129 139/139 130/130
f 130/130 139/139 140/140
f 130/130 140/140 131/131
f 130/130 131/131 73/73
f 131/131 140/140 141/141
f 131/131 141/141 132/132
f 132/132 141/141 142/142
f 132/132 142/142 143/143
f 143/143 142/142 166/166
f 143/143 166/166 167/167
f 167/167 166/166 203/203
f 167/167 203/203 204/204
f 167/167 204/204 168/168
f 168/168 204/204 205/205
f 168/168 205/205 169/169
f 169/169 205/205 206/206
f 169/169 206/206 170/170
f 170/170 206/206 207/207
f 170/170 207/207 171/171
f 171/171 207/207 208/208
f 171/171 208/208 172/172
f 171/171 172/172 148/148
f 148/148 172/172 149/149
f 149/149 172/172 173/173
f 149/149 173/173 150/150
f 149/149 150/150 82/82
f 150/150 173/173 174/174
f 150/150 174/174 151/151
f 151/151 174/174 175/175
f 151/151 175/175 152/152
f 151/151 152/152 84/84
f 152/152 175/175 176/176
f 176/176 175/175 212/212
f 176/176 212/212 213/213
f 176/176 213/213 177/177
f 177/177 213/213 214/214
f 177/177 214/214 178/178
f 178/178 214/214 215/215
f 178/178 215/215 179/179
f 178/178 179/179 155/155
f 155/155 179/179 156/156
f 155/155 156/156 89/89
f 89/89 156/156 90/90
f 100/100 99/99 190/190
f 100/100 190/190 191/191
f 191/191 190/190 227/227
f 191/191 227/227 228/228
f 228/228 227/227 266/266
f 228/228 266/266 267/267
f 228/228 267/267 229/229
f 229/229 267/267 268/268
f 229/229 268/268 230/230
f 230/230 268/268 269/269
f 269/269 268/268 308/308
f 269/269 308/308 309/309
f 269/269 309/309 270/270
f 270/270 309/309 310/310
f 310/310 309/309 348/348
f 310/310 348/348 114/114
f 114/114 348/348 115/115
f 120/120 119/119 495/495
f 495/495 119/119 457/457
f 495/495 457/457 494/494
f 495/495 494/494 533/533
f 533/533 494/494 532/532
f 532/532 494/494 493/493
f 532/532 493/493 531/531
f 532/532 531/531 571/571
f 571/571 531/531 570/570
f 571/571 570/570 609/609
f 609/609 570/570 608/608
f 609/609 608/608 13/13
f 13/13 608/608 14/14
f 22/22 21/21 637/637
f 22/22 637/637 636/636
f 636/636 637/637 600/600
f 636/636 600/600 599/599
f 599/599 600/600 561/561
f 599/599 561/561 560/560
f 560/560 561/561 521/521
f 560/560 521/521 520/520
f 560/560 520/520 559/559
f 559/559 520/520 519/519
f 559/559 519/519 558/558
f 558/558 519/519 518/518
f 558/558 518/518 557/557
f 557/557 518/518 517/517
f 557/557 517/517 556/556
f 557/557 556/556 595/595
f 595/595 556/556 594/594
f 594/594 556/556 555/555
f 594/594 555/555 593/593
f 593/593 555/555 554/554
f 593/593 554/554 592/592
f 592/592 554/554 553/553
f 592/592 553/553 591/591
f 591/591 553/553 552/552
f 591/591 552/552 590/590
f 590/590 552/552 551/551
f 590/590 551/551 589/589
f 589/589 551/551 550/550
f 589/589 550/550 588/588
f 588/588 550/550 549/549
f 588/588 549/549 587/587
f 587/587 549/549 548/548
f 587/587 548/548 586/586
f 587/587 586/586 623/623
f 623/623 586/586 622/622
f 622/622 586/586 585/585
f 622/622 585/585 621/621
f 621/621 585/585 584/584
f 621/621 584/584 620/620
f 620/620 584/584 583/583
f 620/620 583/583 619/619
f 619/619 583/583 582/582
f 619/619 582/582 618/618
f 618/618 582/582 581/581
f 618/618 581/581 617/617
f 617/617 581/581 580/580
f 617/617 580/580 616/616
f 616/616 580/580 579/579
f 579/579 580/580 541/541
f 579/579 541/541 540/540
f 579/579 540/540 578/578
f 578/578 540/540 539/539
f 578/578 539/539 577/577
f 539/539 540/540 500/500
f 539/539 500/500 499/499
f 499/499 500/500 461/461
f 499/499 461/461 460/460
f 460/460 461/461 424/424
f 460/460 424/424 423/423
f 423/423 424/424 388/388
f 423/423 388/388 387/387
f 387/387 388/388 352/352
f 387/387 352/352 351/351
f 351/351 352/352 315/315
f 351/351 315/315 314/314
f 314/314 315/315 276/276
f 314/314 276/276 275/275
f 275/275 276/276 236/236
f 275/275 236/236 235/235
f 235/235 236/236 197/197
f 235/235 197/197 196/196
f 196/196 197/197 160/160
f 196/196 160/160 159/159
f 159/159 160/160 136/136
f 159/159 136/136 135/135
f 136/136 160/160 137/137
f 137/137 160/160 161/161
f 137/137 161/161 138/138
f 138/138 161/161 162/162
f 138/138 162/162 139/139
f 139/139 162/162 163/163
f 139/139 163/163 140/140
f 140/140 163/163 164/164
f 140/140 164/164 141/141
f 141/141 164/164 165/165
f 141/141 165/165 142/142
f 142/142 165/165 166/166
f 166/166 165/165 202/202
f 166/166 202/202 203/203
f 203/203 202/202 241/241
f 203/203 241/241 242/242
f 203/203 242/242 204/204
f 204/204 242/242 243/243
f 204/204 243/243 205/205
f 205/205 243/243 244/244
f 205/205 244/244 206/206
f 206/206 244/244 245/245
f 206/206 245/245 207/207
f 207/207 245/245 246/246
f 207/207 246/246 208/208
f 208/208 246/246 247/247
f 208/208 247/247 209/209
f 208/208 209/209 172/172
f 172/172 209/209 173/173
f 173/173 209/209 210/210
f 173/173 210/210 174/174
f 174/174 210/210 211/211
f 174/174 211/211 175/175
f 175/175 211/211 212/212
f 212/212 211/211 250/250
f 212/212 250/250 251/251
f 212/212 251/251 213/213
f 213/213 251/251 252/252
f 213/213 252/252 214/214
f 214/214 252/252 253/253
f 214/214 253/253 215/215
f 215/215 253/253 254/254
f 215/215 254/254 216/216
f 215/215 216/216 179/179
f 179/179 216/216 180/180
f 179/179 180/180 156/156
f 156/156 180/180 181/181
f 156/156 181/181 90/90
f 90/90 181/181 91/91
f 99/99 98/98 189/189
f 99/99 189/189 190/190
f 190/190 189/189 226/226
f 190/190 226/226 227/227
f 227/227 226/226 265/265
f 227/227 265/265 266/266
f 266/266 265/265 305/305
f 266/266 305/305 306/306
f 266/266 306/306 267/267
f 267/267 306/306 307/307
f 267/267 307/307 268/268
f 268/268 307/307 308/308
f 308/308 307/307 346/346
f 308/308 346/346 347/347
f 308/308 347/347 309/309
f 309/309 347/347 348/348
f 348/348 347/347 384/384
f 348/348 384/384 116/116
f 348/348 116/116 115/115
f 119/119 118/118 457/457
f 457/457 118/118 420/420
f 457/457 420/420 456/456
f 457/457 456/456 493/493
f 457/457 493/493 494/494
f 493/493 456/456 492/492
f 493/493 492/492 531/531
f 531/531 492/492 530/530
f 531/531 530/530 570/570
f 570/570 530/530 569/569
f 570/570 569/569 608/608
f 608/608 569/569 607/607
f 608/608 607/607 14/14
f 14/14 607/607 15/15
f 21/21 20/20 601/601
f 21/21 601/601 637/637
f 637/637 601/601 600/600
f 600/600 601/601 562/562
f 600/600 562/562 561/561
f 561/561 562/562 522/522
f 561/561 522/522 521/521
f 521/521 522/522 483/483
f 521/521 483/483 482/482
f 521/521 482/482 520/520
f 520/520 482/482 481/481
f 520/520 481/481 519/519
f 519/519 481/481 480/480
f 519/519 480/480 518/518
f 518/518 480/480 479/479
f 518/518 479/479 517/517
f 517/517 479/479 478/478
f 517/517 478/478 516/516
f 517/517 516/516 556/556
f 556/556 516/516 555/555
f 555/555 516/516 515/515
f 555/555 515/515 554/554
f 554/554 515/515 514/514
f 554/554 514/514 553/553
f 553/553 514/514 513/513
f 553/553 513/513 552/552
f 552/552 513/513 512/512
f 552/552 512/512 551/551
f 551/551 512/512 511/511
f 551/551 511/511 550/550
f 550/550 511/511 510/510
f 550/550 510/510 549/549
f 549/549 510/510 509/509
f 549/549 509/509 548/548
f 548/548 509/509 508/508
f 548/548 508/508 547/547
f 548/548 547/547 586/586
f 586/586 547/547 585/585
f 585/585 547/547 546/546
f 585/585 546/546 584/584
f 584/584 546/546 545/545
f 584/584 545/545 583/583
f 583/583 545/545 544/544
f 583/583 544/544 582/582
f 582/582 544/544 543/543
f 582/582 543/543 581/581
f 581/581 543/543 542/542
f 581/581 542/542 580/580
f 580/580 542/542 541/541
f 541/541 542/542 502/502
f 541/541 502/502 501/501
f 541/541 501/501 540/540
f 540/540 501/501 500/500
f 500/500 501/501 462/462
f 500/500 462/462 461/461
f 461/461 462/462 425/425
f 461/461 425/425 424/424
f 424/424 425/425 389/389
f 424/424 389/389 388/388
f 388/388 389/389 353/353
f 388/388 353/353 352/352
f 352/352 353/353 316/316
f 352/352 316/316 315/315
f 315/315 316/316 277/277
f 315/315 277/277 276/276
f 276/276 277/277 237/237
f 276/276 237/237 236/236
f 236/236 237/237 198/198
f 236/236 198/198 197/197
f 197/197 198/198 161/161
f 197/197 161/161 160/160
f 161/161 198/198 162/162
f 162/162 198/198 199/199
f 162/162 199/199 163/163
f 163/163 199/199 200/200
f 163/163 200/200 164/164
f 164/164 200/200 201/201
f 164/164 201/201 165/165
f 165/165 201/201 202/202
f 202/202 201/201 240/240
f 202/202 240/240 241/241
f 241/241 240/240 280/280
f 241/241 280/280 281/281
f 241/241 281/281 242/242
f 242/242 281/281 282/282
f 242/242 282/282 243/243
f 243/243 282/282 283/283
f 243/243 283/283 244/244
f 244/244 283/283 284/284
f 244/244 284/284 245/245
f 245/245 284/284 285/285
f 245/245 285/285 246/246
f 246/246 285/285 286/286
f 246/246 286/286 247/247
f 247/247 286/286 287/287
f 247/247 287/287 248/248
f 247/247 248/248 209/209
f 209/209 248/248 210/210
f 210/210 248/248 249/249
f 210/210 249/249 211/211
f 211/211 249/249 250/250
f 250/250 249/249 289/289
f 250/250 289/289 290/290
f 250/250 290/290 251/251
f 251/251 290/290 291/291
f 251/251 291/291 252/252
f 252/252 291/291 292/292
f 252/252 292/292 253/253
f 253/253 292/292 293/293
f 253/253 293/293 254/254
f 254/254 293/293 294/294
f 254/254 294/294 255/255
f 254/254 255/255 216/216
f 216/216 255/255 217/217
f 216/216 217/217 180/180
f 180/180 217/217 181/181
f 181/181 217/217 218/218
f 181/181 218/218 182/182
f 181/181 182/182 91/91
f 91/91 182/182 92/92
f 98/98 97/97 188/188
f 98/98 188/188 189/189
f 189/189 188/188 225/225
f 189/189 225/225 226/226
f 226/226 225/225 264/264
f 226/226 264/264 265/265
f 265/265 264/264 304/304
f 265/265 304/304 305/305
f 305/305 304/304 343/343
f 305/305 343/343 344/344
f 305/305 344/344 306/306
f 306/306 344/344 345/345
f 306/306 345/345 307/307
f 307/307 345/345 346/346
f 346/346 345/345 382/382
f 346/346 382/382 383/383
f 346/346 383/383 347/347
f 347/347 383/383 384/384
f 384/384 383/383 419/419
f 384/384 419/419 420/420
f 384/384 420/420 117/117
f 384/384 117/117 116/116
f 118/118 117/117 420/420
f 420/420 419/419 455/455
f 420/420 455/455 456/456
f 456/456 455/455 492/492
f 492/492 455/455 491/491
f 492/492 491/491 530/530
f 530/530 491/491 529/529
f 530/530 529/529 569/569
f 569/569 529/529 568/568
f 569/569 568/568 607/607
f 607/607 568/568 606/606
f 607/607 606/606 15/15
f 15/15 606/606 16/16
f 20/20 19/19 602/602
f 20/20 602/602 601/601
f 601/601 602/602 563/563
f 601/601 563/563 562/562
f 562/562 563/563 523/523
f 562/562 523/523 522/522
f 522/522 523/523 484/484
f 522/522 484/484 483/483
f 483/483 484/484 447/447
f 483/483 447/447 446/446
f 483/483 446/446 482/482
f 482/482 446/446 445/445
f 482/482 445/445 481/481
f 481/481 445/445 444/444
f 481/481 444/444 480/480
f 480/480 444/444 443/443
f 480/480 443/443 479/479
f 479/479 443/443 442/442
f 479/479 442/442 478/478
f 478/478 442/442 441/441
f 478/478 441/441 477/477
f 478/478 477/477 516/516
f 516/516 477/477 515/515
f 515/515 477/477 476/476
f 515/515 476/476 514/514
f 514/514 476/476 475/475
f 514/514 475/475 513/513
f 513/513 475/475 474/474
f 513/513 474/474 512/512
f 512/512 474/474 473/473
f 512/512 473/473 511/511
f 511/511 473/473 472/472
f 511/511 472/472 510/510
f 510/510 472/472 471/471
f 510/510 471/471 509/509
f 509/509 471/471 470/470
f 509/509 470/470 508/508
f 508/508 470/470 469/469
f 508/508 469/469 507/507
f 508/508 507/507 547/547
f 547/547 507/507 546/546
f 546/546 507/507 506/506
f 546/546 506/506 545/545
f 545/545 506/506 505/505
f 545/545 505/505 544/544
f 544/544 505/505 504/504
f 544/544 504/504 543/543
f 543/543 504/504 503/503
f 543/543 503/503 542/542
f 542/542 503/503 502/502
f 502/502 503/503 464/464
f 502/502 464/464 463/463
f 502/502 463/463 501/501
f 501/501 463/463 462/462
f 462/462 463/463 426/426
f 462/462 426/426 425/425
f 425/425 426/426 390/390
f 425/425 390/390 389/389
f 389/389 390/390 354/354
f 389/389 354/354 353/353
f 353/353 354/354 317/317
f 353/353 317/317 316/316
f 316/316 317/317 278/278
f 316/316 278/278 277/277
f 277/277 278/278 238/238
f 277/277 238/238 237/237
f 237/237 238/238 199/199
f 237/237 199/199 198/198
f 199/199 238/238 200/200
f 200/200 238/238 239/239
f 200/200 239/239 201/201
f 201/201 239/239 240/240
f 240/240 239/239 279/279
f 240/240 279/279 280/280
f 280/280 279/279 318/318
f 280/280 318/318 319/319
f 280/280 319/319 281/281
f 281/281 319/319 320/320
f 281/281 320/320 282/282
f 282/282 320/320 321/321
f 282/282 321/321 283/283
f 283/283 321/321 322/322
f 283/283 322/322 284/284
f 284/284 322/322 323/323
f 284/284 323/323 285/285
f 285/285 323/323 324/324
f 285/285 324/324 286/286
f 286/286 324/324 325/325
f 286/286 325/325 287/287
f 287/287 325/325 326/326
f 287/287 326/326 288/288
f 287/287 288/288 248/248
f 248/248 288/288 249/249
f 249/249 288/288 289/289
f 289/289 288/288 327/327
f 289/289 327/327 328/328
f 289/289 328/328 290/290
f 290/290 328/328 329/329
f 290/290 329/329 291/291
f 291/291 329/329 330/330
f 291/291 330/330 292/292
f 292/292 330/330 331/331
f 292/292 331/331 293/293
f 293/293 331/331 332/332
f 293/293 332/332 294/294
f 294/294 332/332 333/333
f 294/294 333/333 295/295
f 294/294 295/295 255/255
f 255/255 295/295 256/256
f 255/255 256/256 217/217
f 217/217 256/256 218/218
f 218/218 256/256 257/257
f 218/218 257/257 219/219
f 218/218 219/219 182/182
f 182/182 219/219 183/183
f 182/182 183/183 92/92
f 92/92 183/183 93/93
f 97/97 96/96 187/187
f 97/97 187/187 188/188
f 188/188 187/187 224/224
f 188/188 224/224 225/225
f 225/225 224/224 263/263
f 225/225 263/263 264/264
f 264/264 263/263 303/303
f 264/264 303/303 304/304
f 304/304 303/303 342/342
f 304/304 342/342 343/343
f 343/343 342/342 379/379
f 343/343 379/379 380/380
f 343/343 380/380 344/344
f 344/344 380/380 381/381
f 344/344 381/381 345/345
f 345/345 381/381 382/382
f 382/382 381/381 417/417
f 382/382 417/417 418/418
f 382/382 418/418 383/383
f 383/383 418/418 419/419
f 419/419 418/418 454/454
f 419/419 454/454 455/455
f 455/455 454/454 491/491
f 491/491 454/454 490/490
f 491/491 490/490 529/529
f 529/529 490/490 528/528
f 529/529 528/528 568/568
f 568/568 528/528 567/567
f 568/568 567/567 606/606
f 606/606 567/567 605/605
f 606/606 605/605 16/16
f 16/16 605/605 17/17
f 19/19 18/18 603/603
f 19/19 603/603 602/602
f 602/602 603/603 564/564
f 602/602 564/564 563/563
f 563/563 564/564 524/524
f 563/563 524/524 523/523
f 523/523 524/524 485/485
f 523/523 485/485 484/484
f 484/484 485/485 448/448
f 484/484 448/448 447/447
f 447/447 448/448 412/412
f 447/447 412/412 411/411
f 447/447 411/411 446/446
f 446/446 411/411 410/410
f 446/446 410/410 445/445
f 445/445 410/410 409/409
f 445/445 409/409 444/444
f 444/444 409/409 408/408
f 444/444 408/408 443/443
f 443/443 408/408 407/407
f 443/443 407/407 442/442
f 442/442 407/407 406/406
f 442/442 406/406 441/441
f 441/441 406/406 405/405
f 441/441 405/405 440/440
f 441/441 440/440 477/477
f 477/477 440/440 476/476
f 476/476 440/440 439/439
f 476/476 439/439 475/475
f 475/475 439/439 438/438
f 475/475 438/438 474/474
f 474/474 438/438 437/437
f 474/474 437/437 473/473
f 473/473 437/437 436/436
f 473/473 436/436 472/472
f 472/472 436/436 435/435
f 472/472 435/435 471/471
f 471/471 435/435 434/434
f 471/471 434/434 470/470
f 470/470 434/434 433/433
f 470/470 433/433 469/469
f 469/469 433/433 432/432
f 469/469 432/432 468/468
f 469/469 468/468 507/507
f 507/507 468/468 506/506
f 506/506 468/468 467/467
f 506/506 467/467 505/505
f 505/505 467/467 466/466
f 505/505 466/466 504/504
f 504/504 466/466 465/465
f 504/504 465/465 503/503
f 503/503 465/465 464/464
f 464/464 465/465 428/428
f 464/464 428/428 427/427
f 464/464 427/427 463/463
f 463/463 427/427 426/426
f 426/426 427/427 391/391
f 426/426 391/391 390/390
f 390/390 391/391 355/355
f 390/390 355/355 354/354
f 354/354 355/355 318/318
f 354/354 318/318 317/317
f 317/317 318/318 279/279
f 317/317 279/279 278/278
f 278/278 279/279 239/239
f 278/278 239/239 238/238
f 318/318 355/355 319/319
f 319/319 355/355 356/356
f 319/319 356/356 320/320
f 320/320 356/356 357/357
f 320/320 357/357 321/321
f 321/321 357/357 358/358
f 321/321 358/358 322/322
f 322/322 358/358 359/359
f 322/322 359/359 323/323
f 323/323 359/359 360/360
f 323/323 360/360 324/324
f 324/324 360/360 361/361
f 324/324 361/361 325/325
f 325/325 361/361 362/362
f 325/325 362/362 326/326
f 326/326 362/362 363/363
f 326/326 363/363 327/327
f 326/326 327/327 288/288
f 327/327 363/363 364/364
f 327/327 364/364 328/328
f 328/328 364/364 365/365
f 328/328 365/365 329/329
f 329/329 365/365 366/366
f 329/329 366/366 330/330
f 330/330 366/366 367/367
f 330/330 367/367 331/331
f 331/331 367/367 368/368
f 331/331 368/368 332/332
f 332/332 368/368 369/369
f 332/332 369/369 333/333
f 333/333 369/369 370/370
f 333/333 370/370 334/334
f 333/333 334/334 295/295
f 295/295 334/334 296/296
f 295/295 296/296 256/256
f 256/256 296/296 257/257
f 257/257 296/296 297/297
f 257/257 297/297 258/258
f 257/257 258/258 219/219
f 219/219 258/258 220/220
f 219/219 220/220 183/183
f 183/183 220/220 184/184
f 183/183 184/184 93/93
f 93/93 184/184 94/94
f 96/96 95/95 186/186
f 96/96 186/186 187/187
f 187/187 186/186 223/223
f 187/187 223/223 224/224
f 224/224 223/223 262/262
f 224/224 262/262 263/263
f 263/263 262/262 302/302
f 263/263 302/302 303/303
f 303/303 302/302 341/341
f 303/303 341/341 342/342
f 342/342 341/341 378/378
f 342/342 378/378 379/379
f 379/379 378/378 414/414
f 379/379 414/414 415/415
f 379/379 415/415 380/380
f 380/380 415/415 416/416
f 380/380 416/416 381/381
f 381/381 416/416 417/417
f 417/417 416/416 452/452
f 417/417 452/452 453/453
f 417/417 453/453 418/418
f 418/418 453/453 454/454
f 454/454 453/453 490/490
f 490/490 453/453 489/489
f 490/490 489/489 528/528
f 528/528 489/489 527/527
f 528/528 527/527 567/567
f 567/567 527/527 566/566
f 567/567 566/566 605/605
f 605/605 566/566 604/604
f 605/605 604/604 17/17
f 17/17 604/604 18/18
f 18/18 604/604 603/603
f 603/603 604/604 565/565
f 603/603 565/565 564/564
f 564/564 565/565 525/525
f 564/564 525/525 524/524
f 524/524 525/525 486/486
f 524/524 486/486 485/485
f 485/485 486/486 449/449
f 485/485 449/449 448/448
f 448/448 449/449 413/413
f 448/448 413/413 412/412
f 412/412 413/413 377/377
f 412/412 377/377 376/376
f 412/412 376/376 411/411
f 411/411 376/376 375/375
f 411/411 375/375 410/410
f 410/410 375/375 374/374
f 410/410 374/374 409/409
f 409/409 374/374 373/373
f 409/409 373/373 408/408
f 408/408 373/373 372/372
f 408/408 372/372 407/407
f 407/407 372/372 371/371
f 407/407 371/371 406/406
f 406/406 371/371 370/370
f 406/406 370/370 405/405
f 405/405 370/370 369/369
f 405/405 369/369 404/404
f 405/405 404/404 440/440
f 440/440 404/404 439/439
f 439/439 404/404 403/403
f 439/439 403/403 438/438
f 438/438 403/403 402/402
f 438/438 402/402 437/437
f 437/437 402/402 401/401
f 437/437 401/401 436/436
f 436/436 401/401 400/400
f 436/436 400/400 435/435
f 435/435 400/400 399/399
f 435/435 399/399 434/434
f 434/434 399/399 398/398
f 434/434 398/398 433/433
f 433/433 398/398 397/397
f 433/433 397/397 432/432
f 432/432 397/397 396/396
f 432/432 396/396 431/431
f 432/432 431/431 468/468
f 468/468 431/431 467/467
f 467/467 431/431 430/430
f 467/467 430/430 466/466
f 466/466 430/430 429/429
f 466/466 429/429 465/465
f 465/465 429/429 428/428
f 428/428 429/429 393/393
f 428/428 393/393 392/392
f 428/428 392/392 427/427
f 427/427 392/392 391/391
f 391/391 392/392 356/356
f 391/391 356/356 355/355
f 356/356 392/392 357/357
f 357/357 392/392 393/393
f 357/357 393/393 358/358
f 358/358 393/393 394/394
f 358/358 394/394 359/359
f 359/359 394/394 395/395
f 359/359 395/395 360/360
f 360/360 395/395 396/396
f 360/360 396/396 361/361
f 361/361 396/396 397/397
f 361/361 397/397 362/362
f 362/362 397/397 398/398
f 362/362 398/398 363/363
f 363/363 398/398 399/399
f 363/363 399/399 364/364
f 364/364 399/399 400/400
f 364/364 400/400 365/365
f 365/365 400/400 401/401
f 365/365 401/401 366/366
f 366/366 401/401 402/402
f 366/366 402/402 367/367
f 367/367 402/402 403/403
f 367/367 403/403 368/368
f 368/368 403/403 404/404
f 368/368 404/404 369/369
f 396/396 395/395 431/431
f 431/431 395/395 430/430
f 430/430 395/395 394/394
f 430/430 394/394 429/429
f 429/429 394/394 393/393
f 370/370 371/371 334/334
f 334/334 371/371 335/335
f 334/334 335/335 296/296
f 296/296 335/335 297/297
f 297/297 335/335 336/336
f 297/297 336/336 298/298
f 297/297 298/298 258/258
f 258/258 298/298 259/259
f 258/258 259/259 220/220
f 220/220 259/259 221/221
f 220/220 221/221 184/184
f 184/184 221/221 185/185
f 184/184 185/185 94/94
f 94/94 185/185 95/95
f 95/95 185/185 186/186
f 186/186 185/185 222/222
f 186/186 222/222 223/223
f 223/223 222/222 261/261
f 223/223 261/261 262/262
f 262/262 261/261 301/301
f 262/262 301/301 302/302
f 302/302 301/301 340/340
f 302/302 340/340 341/341
f 341/341 340/340 377/377
f 341/341 377/377 378/378
f 378/378 377/377 413/413
f 378/378 413/413 414/414
f 414/414 413/413 449/449
f 414/414 449/449 450/450
f 414/414 450/450 415/415
f 415/415 450/450 451/451
f 415/415 451/451 416/416
f 416/416 451/451 452/452
f 452/452 451/451 488/488
f 452/452 488/488 489/489
f 452/452 489/489 453/453
f 489/489 488/488 527/527
f 527/527 488/488 526/526
f 527/527 526/526 566/566
f 566/566 526/526 565/565
f 566/566 565/565 604/604
f 565/565 526/526 525/525
f 525/525 526/526 487/487
f 525/525 487/487 486/486
f 486/486 487/487 450/450
f 486/486 450/450 449/449
f 450/450 487/487 451/451
f 451/451 487/487 488/488
f 488/488 487/487 526/526
f 377/377 340/340 376/376
f 376/376 340/340 339/339
f 376/376 339/339 375/375
f 375/375 339/339 338/338
f 375/375 338/338 374/374
f 374/374 338/338 337/337
f 374/374 337/337 373/373
f 373/373 337/337 336/336
f 373/373 336/336 372/372
f 372/372 336/336 335/335
f 372/372 335/335 371/371
f 336/336 337/337 298/298
f 298/298 337/337 299/299
f 298/298 299/299 259/259
f 259/259 299/299 260/260
f 259/259 260/260 221/221
f 221/221 260/260 222/222
f 221/221 222/222 185/185
f 222/222 260/260 261/261
f 261/261 260/260 300/300
f 261/261 300/300 301/301
f 301/301 300/300 339/339
f 301/301 339/339 340/340
f 339/339 300/300 338/338
f 338/338 300/300 299/299
f 338/338 299/299 337/337
f 299/299 300/300 260/260

g back_left_panel
usemtl Material_back_left_panel
v 0.00332 1.24171 -0.19272
v -0.03010 1.25037 -0.19195
v -0.05662 1.27276 -0.18930
v -0.08595 1.30166 -0.18174
v -0.11985 1.35322 -0.15042
v -0.10830 1.35869 -0.09407
v -0.12544 1.35257 -0.09142
v -0.14606 1.35626 -0.09262
v -0.16467 1.32763 -0.12671
v -0.17979 1.29522 -0.14136
v -0.19067 1.26596 -0.14964
v -0.19749 1.23549 -0.15664
v -0.19567 1.20025 -0.15485
v -0.17249 1.16935 -0.13168
v -0.16915 1.17484 -0.08378
v -0.16872 1.14757 -0.07349
v -0.16533 1.11889 -0.06852
v -0.16347 1.09021 -0.06426
v -0.16141 1.06171 -0.06055
v -0.15851 1.03342 -0.05743
v -0.15639 1.00501 -0.05545
v -0.15835 0.97644 -0.05536
v -0.16350 0.94812 -0.05617
v -0.16586 0.91821 -0.05717
v -0.16484 0.88879 -0.05881
v -0.17205 0.86029 -0.06002
v -0.17889 0.83178 -0.05991
v -0.18059 0.80339 -0.05882
v -0.18353 0.77576 -0.05904
v -0.18787 0.74832 -0.05925
v -0.19030 0.72049 -0.06114
v -0.19066 0.69171 -0.06177
v -0.18899 0.66155 -0.06372
v -0.20243 0.64123 -0.08105
v -0.18627 0.62634 -0.06379
v -0.18079 0.59597 -0.06256
v -0.17662 0.56607 -0.06238
v -0.16986 0.53717 -0.06265
v -0.16288 0.50866 -0.06351
v -0.15895 0.47969 -0.06450
v -0.15655 0.45063 -0.06493
v -0.15613 0.42156 -0.06515
v -0.16047 0.39244 -0.06533
v -0.16393 0.36382 -0.06585
v -0.16499 0.33501 -0.06659
v -0.16815 0.30638 -0.06614
v -0.16469 0.27777 -0.06586
v -0.16231 0.24899 -0.06485
v -0.16240 0.22000 -0.06371
v -0.16311 0.19101 -0.06268
v -0.16406 0.16199 -0.06154
v -0.16566 0.13299 -0.06033
v -0.16718 0.10390 -0.05914
v -0.16467 0.10395 -0.08820
v -0.15752 0.10359 -0.11645
v -0.14605 0.10320 -0.14324
v -0.13034 0.10282 -0.16781
v -0.11070 0.10246 -0.18942
v -0.08763 0.10207 -0.20736
v -0.06163 0.10152 -0.22079
v -0.03347 0.10075 -0.22914
v -0.00378 0.09910 -0.23161
v -0.00321 0.12875 -0.23102
v -0.00276 0.15836 -0.23049
v -0.00233 0.18810 -0.23041
v -0.00204 0.21790 -0.23016
v -0.00185 0.24774 -0.22982
v -0.00173 0.27760 -0.22942
v -0.00166 0.30750 -0.22894
v -0.00162 0.33741 -0.22838
v -0.00163 0.36734 -0.22775
v -0.00170 0.39730 -0.22705
v -0.00182 0.42725 -0.22628
v -0.00200 0.45720 -0.22546
v -0.00222 0.48715 -0.22463
v -0.00249 0.51708 -0.22379
v -0.00282 0.54701 -0.22291
v -0.00322 0.57694 -0.22190
v -0.00366 0.60687 -0.22067
v -0.00414 0.63679 -0.21918
v -0.00466 0.66669 -0.21740
v -0.00523 0.69653 -0.21529
v -0.00580 0.72625 -0.21277
v -0.00627 0.75580 -0.20980
v -0.00644 0.78512 -0.20645
v -0.00611 0.81427 -0.20273
v -0.00540 0.84338 -0.19905
v -0.00458 0.87256 -0.19566
v -0.00379 0.90183 -0.19266
v -0.00302 0.93117 -0.19031
v -0.00223 0.96067 -0.18877
v -0.00158 0.99042 -0.18813
v -0.00124 1.02050 -0.18827
v -0.00121 1.05100 -0.18881
v -0.00135 1.08198 -0.18940
v -0.00160 1.11355 -0.19001
v -0.00197 1.14575 -0.19093
v -0.00241 1.17857 -0.19240
v -0.00329 1.21175 -0.19360
v -0.16406 0.13380 -0.09015
v -0.16249 0.16359 -0.09040
v -0.16162 0.19336 -0.09055
v -0.16082 0.22312 -0.09054
v -0.16466 0.25268 -0.09116
v -0.16877 0.28217 -0.09157
v -0.16975 0.31193 -0.09132
v -0.16724 0.34166 -0.09015
v -0.16079 0.37074 -0.08784
v -0.15747 0.40032 -0.08594
v -0.15693 0.13341 -0.11997
v -0.15574 0.16323 -0.12022
v -0.15495 0.19301 -0.12032
v -0.15460 0.22282 -0.12023
v -0.15964 0.25222 -0.12154
v -0.16305 0.28195 -0.12234
v -0.16320 0.31197 -0.12201
v -0.16054 0.34184 -0.12050
v -0.15298 0.37063 -0.11702
v -0.15205 0.40034 -0.11603
v -0.15064 0.43031 -0.11425
v -0.15087 0.46004 -0.11260
v -0.15268 0.48969 -0.11097
v -0.15540 0.51911 -0.10908
v -0.15779 0.54832 -0.10688
v -0.15964 0.57726 -0.10486
v -0.16276 0.60564 -0.10466
v -0.16877 0.63254 -0.10881
v -0.17173 0.66010 -0.10760
v -0.17643 0.68676 -0.10433
v -0.17760 0.71501 -0.10198
v -0.17651 0.74406 -0.09922
v -0.17447 0.77318 -0.09456
v -0.17461 0.80262 -0.08957
v -0.14454 0.13298 -0.14804
v -0.14359 0.16283 -0.14829
v -0.14293 0.19267 -0.14831
v -0.14315 0.22252 -0.14827
v -0.14425 0.25225 -0.14810
v -0.14486 0.28186 -0.14764
v -0.14435 0.31144 -0.14694
v -0.14292 0.34103 -0.14619
v -0.14138 0.37082 -0.14522
v -0.14055 0.40070 -0.14395
v -0.13955 0.43055 -0.14211
v -0.13986 0.46040 -0.14048
v -0.14052 0.49009 -0.13845
v -0.14136 0.51952 -0.13606
v -0.14246 0.54860 -0.13385
v -0.14354 0.57739 -0.13224
v -0.14482 0.60606 -0.13175
v -0.15118 0.63420 -0.13521
v -0.15172 0.66292 -0.13184
v -0.15531 0.69127 -0.13018
v -0.15986 0.71992 -0.13046
v -0.16068 0.74934 -0.12808
v -0.16062 0.77875 -0.12412
v -0.16170 0.80803 -0.12034
v -0.16460 0.83730 -0.11310
v -0.16056 0.86665 -0.10558
v -0.15653 0.89564 -0.09756
v -0.15987 0.92511 -0.09323
v -0.15690 0.95430 -0.08931
v -0.15017 0.98317 -0.08725
v -0.14947 1.01299 -0.08932
v -0.15276 1.04247 -0.09462
v -0.15552 1.07203 -0.10069
v -0.15816 1.10157 -0.10743
v -0.16327 1.13041 -0.11563
v -0.16962 1.15854 -0.12673
v -0.17157 1.18977 -0.14170
v -0.17903 1.21934 -0.15588
v -0.12723 0.13257 -0.17341
v -0.12631 0.16246 -0.17355
v -0.12572 0.19234 -0.17347
v -0.12552 0.22218 -0.17306
v -0.12555 0.25191 -0.17245
v -0.12546 0.28154 -0.17184
v -0.12518 0.31119 -0.17144
v -0.12483 0.34098 -0.17119
v -0.12446 0.37091 -0.17056
v -0.12374 0.40085 -0.16914
v -0.12345 0.43081 -0.16758
v -0.12350 0.46070 -0.16580
v -0.12368 0.49042 -0.16367
v -0.12401 0.51992 -0.16146
v -0.12458 0.54919 -0.15963
v -0.12542 0.57834 -0.15849
v -0.12748 0.60749 -0.15874
v -0.13009 0.63678 -0.15878
v -0.13117 0.66604 -0.15618
v -0.13294 0.69529 -0.15394
v -0.13811 0.72442 -0.15546
v -0.14101 0.75425 -0.15470
v -0.14206 0.78417 -0.15161
v -0.14351 0.81407 -0.14692
v -0.14493 0.84360 -0.14154
v -0.14066 0.87205 -0.13300
v -0.13722 0.90057 -0.12513
v -0.13967 0.92979 -0.12394
v -0.13749 0.95892 -0.12163
v -0.13115 0.98736 -0.11807
v -0.13108 1.01666 -0.12018
v -0.13526 1.04538 -0.12642
v -0.13901 1.07444 -0.13317
v -0.14205 1.10386 -0.14032
v -0.14457 1.13359 -0.14750
v -0.14728 1.16357 -0.15668
v -0.15065 1.19524 -0.16779
v -0.15527 1.22918 -0.17071
v -0.16259 1.26216 -0.16555
v -0.10547 0.13218 -0.19515
v -0.10447 0.16205 -0.19506
v -0.10399 0.19193 -0.19492
v -0.10366 0.22177 -0.19443
v -0.10347 0.25153 -0.19385
v -0.10336 0.28128 -0.19345
v -0.10330 0.31108 -0.19325
v -0.10320 0.34099 -0.19295
v -0.10295 0.37099 -0.19216
v -0.10269 0.40102 -0.19098
v -0.10262 0.43104 -0.18955
v -0.10266 0.46098 -0.18785
v -0.10279 0.49079 -0.18598
v -0.10307 0.52047 -0.18421
v -0.10359 0.55006 -0.18287
v -0.10451 0.57966 -0.18216
v -0.10594 0.60937 -0.18180
v -0.10704 0.63913 -0.18031
v -0.10800 0.66883 -0.17795
v -0.10963 0.69857 -0.17605
v -0.11248 0.72842 -0.17553
v -0.11675 0.75837 -0.17712
v -0.11888 0.78877 -0.17537
v -0.11929 0.81860 -0.17011
v -0.11786 0.84772 -0.16336
v -0.11371 0.87556 -0.15385
v -0.11087 0.90403 -0.14694
v -0.11090 0.93303 -0.14534
v -0.10927 0.96202 -0.14441
v -0.10619 0.99128 -0.14298
v -0.10596 1.02099 -0.14457
v -0.10950 1.05015 -0.15075
v -0.11259 1.07962 -0.15738
v -0.11549 1.10952 -0.16475
v -0.11694 1.14054 -0.17068
v -0.11937 1.17214 -0.17838
v -0.12324 1.20537 -0.18446
v -0.12919 1.23990 -0.18400
v -0.13676 1.27413 -0.17642
v -0.14835 1.31399 -0.16023
v -0.07991 0.13172 -0.21243
v -0.07902 0.16158 -0.21220
v -0.07862 0.19149 -0.21207
v -0.07833 0.22138 -0.21169
v -0.07814 0.25124 -0.21127
v -0.07804 0.28111 -0.21096
v -0.07797 0.31104 -0.21067
v -0.07789 0.34103 -0.21019
v -0.07780 0.37108 -0.20942
v -0.07777 0.40116 -0.20839
v -0.07784 0.43123 -0.20715
v -0.07798 0.46126 -0.20574
v -0.07819 0.49122 -0.20429
v -0.07852 0.52114 -0.20301
v -0.07903 0.55106 -0.20202
v -0.07976 0.58106 -0.20124
v -0.08056 0.61111 -0.20014
v -0.08130 0.64119 -0.19834
v -0.08215 0.67126 -0.19615
v -0.08337 0.70135 -0.19404
v -0.08502 0.73148 -0.19220
v -0.08726 0.76161 -0.19140
v -0.08916 0.79177 -0.19054
v -0.08869 0.82113 -0.18485
v -0.08624 0.84942 -0.17659
v -0.08415 0.87814 -0.17068
v -0.08298 0.90708 -0.16702
v -0.08224 0.93614 -0.16560
v -0.08104 0.96541 -0.16517
v -0.07975 0.99505 -0.16511
v -0.07937 1.02505 -0.16619
v -0.08023 1.05533 -0.16888
v -0.08161 1.08598 -0.17264
v -0.08350 1.11697 -0.17839
v -0.08537 1.14878 -0.18462
v -0.08846 1.18114 -0.19265
v -0.09318 1.21503 -0.19662
v -0.10064 1.24945 -0.19329
v -0.11049 1.28307 -0.18430
v -0.11694 1.31498 -0.16904
v -0.05160 0.13110 -0.22473
v -0.05099 0.16109 -0.22449
v -0.05060 0.19107 -0.22433
v -0.05033 0.22103 -0.22401
v -0.05014 0.25099 -0.22366
v -0.05002 0.28097 -0.22331
v -0.04994 0.31098 -0.22289
v -0.04989 0.34105 -0.22233
v -0.04989 0.37116 -0.22160
v -0.04997 0.40129 -0.22071
v -0.05011 0.43142 -0.21968
v -0.05032 0.46153 -0.21859
v -0.05059 0.49163 -0.21751
v -0.05094 0.52175 -0.21656
v -0.05140 0.55191 -0.21570
v -0.05195 0.58214 -0.21474
v -0.05256 0.61243 -0.21342
v -0.05321 0.64273 -0.21167
v -0.05397 0.67304 -0.20958
v -0.05485 0.70333 -0.20722
v -0.05585 0.73353 -0.20470
v -0.05675 0.76352 -0.20189
v -0.05711 0.79311 -0.19841
v -0.05652 0.82223 -0.19398
v -0.05535 0.85113 -0.18933
v -0.05424 0.88005 -0.18543
v -0.05334 0.90907 -0.18282
v -0.05246 0.93824 -0.18160
v -0.05156 0.96773 -0.18135
v -0.05087 0.99765 -0.18167
v -0.05060 1.02806 -0.18250
v -0.05069 1.05899 -0.18377
v -0.05102 1.09056 -0.18539
v -0.05165 1.12292 -0.18747
v -0.05290 1.15613 -0.19027
v -0.05540 1.18980 -0.19392
v -0.06062 1.22341 -0.19696
v -0.07034 1.25734 -0.19480
vt 1.00000 0.89210
vt 0.93790 0.89640
vt 0.87570 0.90940
vt 0.81360 0.93100
vt 0.75150 0.96120
vt 0.68930 1.00000
vt 0.62620 0.99210
vt 0.56310 0.98430
vt 0.48570 0.96810
vt 0.41590 0.95120
vt 0.35360 0.93380
vt 0.29900 0.91570
vt 0.25200 0.89690
vt 0.21250 0.87750
vt 0.18060 0.85750
vt 0.19170 0.83590
vt 0.20290 0.81440
vt 0.21410 0.79280
vt 0.22520 0.77130
vt 0.23640 0.74970
vt 0.24760 0.72810
vt 0.25880 0.70660
vt 0.26990 0.68500
vt 0.24350 0.66250
vt 0.21720 0.64000
vt 0.19080 0.61760
vt 0.16450 0.59500
vt 0.13810 0.57260
vt 0.11180 0.55010
vt 0.08540 0.52760
vt 0.08170 0.50460
vt 0.07800 0.48170
vt 0.07430 0.45870
vt 0.07060 0.43580
vt 0.06690 0.41290
vt 0.06310 0.38990
vt 0.05940 0.36700
vt 0.05570 0.34410
vt 0.05200 0.32110
vt 0.04830 0.29820
vt 0.04460 0.27530
vt 0.04090 0.25230
vt 0.03720 0.22940
vt 0.03340 0.20640
vt 0.02970 0.18350
vt 0.02600 0.16060
vt 0.02230 0.13760
vt 0.01860 0.11470
vt 0.01490 0.09170
vt 0.01110 0.06880
vt 0.00740 0.04590
vt 0.00370 0.02290
vt 0.00000 0.00000
vt 0.11110 0.00000
vt 0.22220 0.00000
vt 0.33330 0.00000
vt 0.44440 0.00000
vt 0.55560 0.00000
vt 0.66670 0.00000
vt 0.77780 0.00000
vt 0.88890 0.00000
vt 1.00000 0.00000
vt 1.00000 0.02350
vt 1.00000 0.04700
vt 1.00000 0.07040
vt 1.00000 0.09390
vt 1.00000 0.11740
vt 1.00000 0.14090
vt 1.00000 0.16430
vt 1.00000 0.18780
vt 1.00000 0.21130
vt 1.00000 0.23480
vt 1.00000 0.25820
vt 1.00000 0.28170
vt 1.00000 0.30520
vt 1.00000 0.32870
vt 1.00000 0.35220
vt 1.00000 0.37560
vt 1.00000 0.39910
vt 1.00000 0.42260
vt 1.00000 0.44610
vt 1.00000 0.46950
vt 1.00000 0.49300
vt 1.00000 0.51650
vt 1.00000 0.54000
vt 1.00000 0.56340
vt 1.00000 0.58690
vt 1.00000 0.61040
vt 1.00000 0.63390
vt 1.00000 0.65740
vt 1.00000 0.68080
vt 1.00000 0.70430
vt 1.00000 0.72780
vt 1.00000 0.75130
vt 1.00000 0.77470
vt 1.00000 0.79820
vt 1.00000 0.82170
vt 1.00000 0.84520
vt 1.00000 0.86860
vt 0.11650 0.02360
vt 0.11650 0.04720
vt 0.11650 0.07090
vt 0.11650 0.09450
vt 0.11650 0.11810
vt 0.11650 0.14170
vt 0.11650 0.16540
vt 0.11650 0.18900
vt 0.11650 0.21260
vt 0.11650 0.23620
vt 0.23300 0.02360
vt 0.23300 0.04720
vt 0.23300 0.07090
vt 0.23300 0.09450
vt 0.23300 0.11810
vt 0.23300 0.14170
vt 0.23300 0.16540
vt 0.23300 0.18900
vt 0.23300 0.21260
vt 0.23300 0.23620
vt 0.23300 0.25980
vt 0.23300 0.28350
vt 0.23300 0.30710
vt 0.23300 0.33070
vt 0.23300 0.35430
vt 0.23300 0.37800
vt 0.23300 0.40160
vt 0.23300 0.42520
vt 0.23300 0.44880
vt 0.23300 0.47240
vt 0.23300 0.49610
vt 0.23300 0.51970
vt 0.23300 0.54330
vt 0.23300 0.56690
vt 0.34950 0.02360
vt 0.34950 0.04720
vt 0.34950 0.07090
vt 0.34950 0.09450
vt 0.34950 0.11810
vt 0.34950 0.14170
vt 0.34950 0.16540
vt 0.34950 0.18900
vt 0.34950 0.21260
vt 0.34950 0.23620
vt 0.34950 0.25980
vt 0.34950 0.28350
vt 0.34950 0.30710
vt 0.34950 0.33070
vt 0.34950 0.35430
vt 0.34950 0.37800
vt 0.34950 0.40160
vt 0.34950 0.42520
vt 0.34950 0.44880
vt 0.34950 0.47240
vt 0.34950 0.49610
vt 0.34950 0.51970
vt 0.34950 0.54330
vt 0.34950 0.56690
vt 0.34950 0.59060
vt 0.34950 0.61420
vt 0.34950 0.63780
vt 0.34950 0.66140
vt 0.34950 0.68500
vt 0.34950 0.70870
vt 0.34950 0.73230
vt 0.34950 0.75590
vt 0.34950 0.77950
vt 0.34950 0.80310
vt 0.34950 0.82680
vt 0.34950 0.85040
vt 0.34950 0.87400
vt 0.34950 0.89760
vt 0.46600 0.02360
vt 0.46600 0.04720
vt 0.46600 0.07090
vt 0.46600 0.09450
vt 0.46600 0.11810
vt 0.46600 0.14170
vt 0.46600 0.16540
vt 0.46600 0.18900
vt 0.46600 0.21260
vt 0.46600 0.23620
vt 0.46600 0.25980
vt 0.46600 0.28350
vt 0.46600 0.30710
vt 0.46600 0.33070
vt 0.46600 0.35430
vt 0.46600 0.37800
vt 0.46600 0.40160
vt 0.46600 0.42520
vt 0.46600 0.44880
vt 0.46600 0.47240
vt 0.46600 0.49610
vt 0.46600 0.51970
vt 0.46600 0.54330
vt 0.46600 0.56690
vt 0.46600 0.59060
vt 0.46600 0.61420
vt 0.46600 0.63780
vt 0.46600 0.66140
vt 0.46600 0.68500
vt 0.46600 0.70870
vt 0.46600 0.73230
vt 0.46600 0.75590
vt 0.46600 0.77950
vt 0.46600 0.80310
vt 0.46600 0.82680
vt 0.46600 0.85040
vt 0.46600 0.87400
vt 0.46600 0.89760
vt 0.46600 0.92130
vt 0.58250 0.02360
vt 0.58250 0.04720
vt 0.58250 0.07090
vt 0.58250 0.09450
vt 0.58250 0.11810
vt 0.58250 0.14170
vt 0.58250 0.16540
vt 0.58250 0.18900
vt 0.58250 0.21260
vt 0.58250 0.23620
vt 0.58250 0.25980
vt 0.58250 0.28350
vt 0.58250 0.30710
vt 0.58250 0.33070
vt 0.58250 0.35430
vt 0.58250 0.37800
vt 0.58250 0.40160
vt 0.58250 0.42520
vt 0.58250 0.44880
vt 0.58250 0.47240
vt 0.58250 0.49610
vt 0.58250 0.51970
vt 0.58250 0.54330
vt 0.58250 0.56690
vt 0.58250 0.59060
vt 0.58250 0.61420
vt 0.58250 0.63780
vt 0.58250 0.66140
vt 0.58250 0.68500
vt 0.58250 0.70870
vt 0.58250 0.73230
vt 0.58250 0.75590
vt 0.58250 0.77950
vt 0.58250 0.80310
vt 0.58250 0.82680
vt 0.58250 0.85040
vt 0.58250 0.87400
vt 0.58250 0.89760
vt 0.58250 0.92130
vt 0.58250 0.94490
vt 0.69900 0.02360
vt 0.69900 0.04720
vt 0.69900 0.07090
vt 0.69900 0.09450
vt 0.69900 0.11810
vt 0.69900 0.14170
vt 0.69900 0.16540
vt 0.69900 0.18900
vt 0.69900 0.21260
vt 0.69900 0.23620
vt 0.69900 0.25980
vt 0.69900 0.28350
vt 0.69900 0.30710
vt 0.69900 0.33070
vt 0.69900 0.35430
vt 0.69900 0.37800
vt 0.69900 0.40160
vt 0.69900 0.42520
vt 0.69900 0.44880
vt 0.69900 0.47240
vt 0.69900 0.49610
vt 0.69900 0.51970
vt 0.69900 0.54330
vt 0.69900 0.56690
vt 0.69900 0.59060
vt 0.69900 0.61420
vt 0.69900 0.63780
vt 0.69900 0.66140
vt 0.69900 0.68500
vt 0.69900 0.70870
vt 0.69900 0.73230
vt 0.69900 0.75590
vt 0.69900 0.77950
vt 0.69900 0.80310
vt 0.69900 0.82680
vt 0.69900 0.85040
vt 0.69900 0.87400
vt 0.69900 0.89760
vt 0.69900 0.92130
vt 0.69900 0.94490
vt 0.81550 0.02360
vt 0.81550 0.04720
vt 0.81550 0.07090
vt 0.81550 0.09450
vt 0.81550 0.11810
vt 0.81550 0.14170
vt 0.81550 0.16540
vt 0.81550 0.18900
vt 0.81550 0.21260
vt 0.81550 0.23620
vt 0.81550 0.25980
vt 0.81550 0.28350
vt 0.81550 0.30710
vt 0.81550 0.33070
vt 0.81550 0.35430
vt 0.81550 0.37800
vt 0.81550 0.40160
vt 0.81550 0.42520
vt 0.81550 0.44880
vt 0.81550 0.47240
vt 0.81550 0.49610
vt 0.81550 0.51970
vt 0.81550 0.54330
vt 0.81550 0.56690
vt 0.81550 0.59060
vt 0.81550 0.61420
vt 0.81550 0.63780
vt 0.81550 0.66140
vt 0.81550 0.68500
vt 0.81550 0.70870
vt 0.81550 0.73230
vt 0.81550 0.75590
vt 0.81550 0.77950
vt 0.81550 0.80310
vt 0.81550 0.82680
vt 0.81550 0.85040
vt 0.81550 0.87400
vt 0.81550 0.89760
f 661/661 662/662 902/902
f 661/661 902/902 660/660
f 660/660 902/902 657/657
f 660/660 657/657 659/659
f 659/659 657/657 658/658
f 653/653 654/654 751/751
f 714/714 715/715 713/713
f 713/713 715/715 943/943
f 713/713 943/943 712/712
f 712/712 943/943 903/903
f 712/712 903/903 711/711
f 711/711 903/903 863/863
f 711/711 863/863 710/710
f 710/710 863/863 824/824
f 710/710 824/824 709/709
f 709/709 824/824 786/786
f 709/709 786/786 708/708
f 708/708 786/786 762/762
f 708/708 762/762 707/707
f 707/707 762/762 752/752
f 707/707 752/752 706/706
f 706/706 752/752 704/704
f 706/706 704/704 705/705
f 703/703 704/704 752/752
f 703/703 752/752 753/753
f 703/703 753/753 702/702
f 692/692 693/693 773/773
f 692/692 773/773 774/774
f 692/692 774/774 691/691
f 683/683 684/684 782/782
f 683/683 782/782 783/783
f 683/683 783/783 682/682
f 682/682 783/783 784/784
f 682/682 784/784 681/681
f 667/667 668/668 821/821
f 667/667 821/821 822/822
f 667/667 822/822 666/666
f 666/666 822/822 665/665
f 665/665 822/822 823/823
f 665/665 823/823 664/664
f 664/664 823/823 862/862
f 664/664 862/862 663/663
f 663/663 862/862 662/662
f 662/662 862/862 902/902
f 902/902 862/862 901/901
f 902/902 901/901 941/941
f 902/902 941/941 942/942
f 902/902 942/942 657/657
f 657/657 942/942 656/656
f 656/656 942/942 941/941
f 656/656 941/941 980/980
f 656/656 980/980 655/655
f 655/655 980/980 654/654
f 654/654 980/980 979/979
f 654/654 979/979 751/751
f 751/751 979/979 978/978
f 751/751 978/978 750/750
f 750/750 978/978 977/977
f 750/750 977/977 749/749
f 749/749 977/977 976/976
f 749/749 976/976 748/748
f 748/748 976/976 975/975
f 748/748 975/975 747/747
f 747/747 975/975 974/974
f 747/747 974/974 746/746
f 746/746 974/974 973/973
f 746/746 973/973 745/745
f 745/745 973/973 972/972
f 745/745 972/972 744/744
f 744/744 972/972 971/971
f 744/744 971/971 743/743
f 743/743 971/971 970/970
f 743/743 970/970 742/742
f 742/742 970/970 969/969
f 742/742 969/969 741/741
f 741/741 969/969 968/968
f 741/741 968/968 740/740
f 740/740 968/968 967/967
f 740/740 967/967 739/739
f 739/739 967/967 966/966
f 739/739 966/966 738/738
f 738/738 966/966 965/965
f 738/738 965/965 737/737
f 737/737 965/965 964/964
f 737/737 964/964 736/736
f 736/736 964/964 963/963
f 736/736 963/963 735/735
f 735/735 963/963 962/962
f 735/735 962/962 734/734
f 734/734 962/962 961/961
f 734/734 961/961 733/733
f 733/733 961/961 960/960
f 733/733 960/960 732/732
f 732/732 960/960 959/959
f 732/732 959/959 731/731
f 731/731 959/959 958/958
f 731/731 958/958 730/730
f 730/730 958/958 957/957
f 730/730 957/957 729/729
f 729/729 957/957 956/956
f 729/729 956/956 728/728
f 728/728 956/956 955/955
f 728/728 955/955 727/727
f 727/727 955/955 954/954
f 727/727 954/954 726/726
f 726/726 954/954 953/953
f 726/726 953/953 725/725
f 725/725 953/953 952/952
f 725/725 952/952 724/724
f 724/724 952/952 951/951
f 724/724 951/951 723/723
f 723/723 951/951 950/950
f 723/723 950/950 722/722
f 722/722 950/950 949/949
f 722/722 949/949 721/721
f 721/721 949/949 948/948
f 721/721 948/948 720/720
f 720/720 948/948 947/947
f 720/720 947/947 719/719
f 719/719 947/947 946/946
f 719/719 946/946 718/718
f 718/718 946/946 945/945
f 718/718 945/945 717/717
f 717/717 945/945 944/944
f 717/717 944/944 716/716
f 716/716 944/944 943/943
f 716/716 943/943 715/715
f 943/943 944/944 904/904
f 943/943 904/904 903/903
f 903/903 904/904 864/864
f 903/903 864/864 863/863
f 863/863 864/864 825/825
f 863/863 825/825 824/824
f 824/824 825/825 787/787
f 824/824 787/787 786/786
f 786/786 787/787 763/763
f 786/786 763/763 762/762
f 762/762 763/763 753/753
f 762/762 753/753 752/752
f 753/753 763/763 754/754
f 753/753 754/754 702/702
f 702/702 754/754 701/701
f 700/700 701/701 755/755
f 700/700 755/755 756/756
f 700/700 756/756 699/699
f 697/697 698/698 758/758
f 697/697 758/758 759/759
f 697/697 759/759 696/696
f 694/694 695/695 761/761
f 694/694 761/761 772/772
f 694/694 772/772 693/693
f 693/693 772/772 773/773
f 773/773 772/772 796/796
f 773/773 796/796 797/797
f 773/773 797/797 774/774
f 774/774 797/797 798/798
f 774/774 798/798 775/775
f 774/774 775/775 691/691
f 691/691 775/775 690/690
f 689/689 690/690 776/776
f 689/689 776/776 777/777
f 689/689 777/777 688/688
f 686/686 687/687 779/779
f 686/686 779/779 780/780
f 686/686 780/780 685/685
f 685/685 780/780 781/781
f 685/685 781/781 684/684
f 684/684 781/781 782/782
f 782/782 781/781 805/805
f 782/782 805/805 806/806
f 782/782 806/806 783/783
f 783/783 806/806 807/807
f 783/783 807/807 784/784
f 784/784 807/807 808/808
f 784/784 808/808 785/785
f 784/784 785/785 681/681
f 681/681 785/785 680/680
f 668/668 669/669 820/820
f 668/668 820/820 821/821
f 821/821 820/820 858/858
f 821/821 858/858 859/859
f 821/821 859/859 822/822
f 822/822 859/859 860/860
f 822/822 860/860 823/823
f 823/823 860/860 861/861
f 823/823 861/861 862/862
f 862/862 861/861 900/900
f 862/862 900/900 901/901
f 901/901 900/900 940/940
f 901/901 940/940 941/941
f 941/941 940/940 980/980
f 980/980 940/940 979/979
f 979/979 940/940 939/939
f 979/979 939/939 978/978
f 978/978 939/939 938/938
f 978/978 938/938 977/977
f 977/977 938/938 937/937
f 977/977 937/937 976/976
f 976/976 937/937 936/936
f 976/976 936/936 975/975
f 975/975 936/936 935/935
f 975/975 935/935 974/974
f 974/974 935/935 934/934
f 974/974 934/934 973/973
f 973/973 934/934 933/933
f 973/973 933/933 972/972
f 972/972 933/933 932/932
f 972/972 932/932 971/971
f 971/971 932/932 931/931
f 971/971 931/931 970/970
f 970/970 931/931 930/930
f 970/970 930/930 969/969
f 969/969 930/930 929/929
f 969/969 929/929 968/968
f 968/968 929/929 928/928
f 968/968 928/928 967/967
f 967/967 928/928 927/927
f 967/967 927/927 966/966
f 966/966 927/927 926/926
f 966/966 926/926 965/965
f 965/965 926/926 925/925
f 965/965 925/925 964/964
f 964/964 925/925 924/924
f 964/964 924/924 963/963
f 963/963 924/924 923/923
f 963/963 923/923 962/962
f 962/962 923/923 922/922
f 962/962 922/922 961/961
f 961/961 922/922 921/921
f 961/961 921/921 960/960
f 960/960 921/921 920/920
f 960/960 920/920 959/959
f 959/959 920/920 919/919
f 959/959 919/919 958/958
f 958/958 919/919 918/918
f 958/958 918/918 957/957
f 957/957 918/918 917/917
f 957/957 917/917 956/956
f 956/956 917/917 916/916
f 956/956 916/916 955/955
f 955/955 916/916 915/915
f 955/955 915/915 954/954
f 954/954 915/915 914/914
f 954/954 914/914 953/953
f 953/953 914/914 913/913
f 953/953 913/913 952/952
f 952/952 913/913 912/912
f 952/952 912/912 951/951
f 951/951 912/912 911/911
f 951/951 911/911 950/950
f 950/950 911/911 910/910
f 950/950 910/910 949/949
f 949/949 910/910 909/909
f 949/949 909/909 948/948
f 948/948 909/909 908/908
f 948/948 908/908 947/947
f 947/947 908/908 907/907
f 947/947 907/907 946/946
f 946/946 907/907 906/906
f 946/946 906/906 945/945
f 945/945 906/906 905/905
f 945/945 905/905 944/944
f 944/944 905/905 904/904
f 904/904 905/905 865/865
f 904/904 865/865 864/864
f 864/864 865/865 826/826
f 864/864 826/826 825/825
f 825/825 826/826 788/788
f 825/825 788/788 787/787
f 787/787 788/788 764/764
f 787/787 764/764 763/763
f 763/763 764/764 754/754
f 754/754 764/764 755/755
f 754/754 755/755 701/701
f 755/755 764/764 765/765
f 755/755 765/765 756/756
f 756/756 765/765 766/766
f 756/756 766/766 757/757
f 756/756 757/757 699/699
f 699/699 757/757 698/698
f 698/698 757/757 758/758
f 758/758 757/757 767/767
f 758/758 767/767 768/768
f 758/758 768/768 759/759
f 759/759 768/768 769/769
f 759/759 769/769 760/760
f 759/759 760/760 696/696
f 696/696 760/760 695/695
f 695/695 760/760 761/761
f 761/761 760/760 770/770
f 761/761 770/770 771/771
f 761/761 771/771 772/772
f 772/772 771/771 795/795
f 772/772 795/795 796/796
f 796/796 795/795 833/833
f 796/796 833/833 834/834
f 796/796 834/834 797/797
f 797/797 834/834 835/835
f 797/797 835/835 798/798
f 798/798 835/835 836/836
f 798/798 836/836 799/799
f 798/798 799/799 775/775
f 775/775 799/799 776/776
f 775/775 776/776 690/690
f 776/776 799/799 800/800
f 776/776 800/800 777/777
f 777/777 800/800 801/801
f 777/777 801/801 778/778
f 777/777 778/778 688/688
f 688/688 778/778 687/687
f 687/687 778/778 779/779
f 779/779 778/778 802/802
f 779/779 802/802 803/803
f 779/779 803/803 780/780
f 780/780 803/803 804/804
f 780/780 804/804 781/781
f 781/781 804/804 805/805
f 805/805 804/804 842/842
f 805/805 842/842 843/843
f 805/805 843/843 806/806
f 806/806 843/843 844/844
f 806/806 844/844 807/807
f 807/807 844/844 845/845
f 807/807 845/845 808/808
f 808/808 845/845 846/846
f 808/808 846/846 809/809
f 808/808 809/809 785/785
f 785/785 809/809 810/810
f 785/785 810/810 679/679
f 785/785 679/679 680/680
f 669/669 670/670 819/819
f 669/669 819/819 820/820
f 820/820 819/819 857/857
f 820/820 857/857 858/858
f 858/858 857/857 896/896
f 858/858 896/896 897/897
f 858/858 897/897 859/859
f 859/859 897/897 898/898
f 859/859 898/898 860/860
f 860/860 898/898 899/899
f 860/860 899/899 861/861
f 861/861 899/899 900/900
f 900/900 899/899 939/939
f 900/900 939/939 940/940
f 939/939 899/899 938/938
f 938/938 899/899 898/898
f 938/938 898/898 937/937
f 937/937 898/898 897/897
f 937/937 897/897 936/936
f 936/936 897/897 896/896
f 936/936 896/896 935/935
f 935/935 896/896 895/895
f 935/935 895/895 934/934
f 934/934 895/895 894/894
f 934/934 894/894 933/933
f 933/933 894/894 893/893
f 933/933 893/893 932/932
f 932/932 893/893 892/892
f 932/932 892/892 931/931
f 931/931 892/892 891/891
f 931/931 891/891 930/930
f 930/930 891/891 890/890
f 930/930 890/890 929/929
f 929/929 890/890 889/889
f 929/929 889/889 928/928
f 928/928 889/889 888/888
f 928/928 888/888 927/927
f 927/927 888/888 887/887
f 927/927 887/887 926/926
f 926/926 887/887 886/886
f 926/926 886/886 925/925
f 925/925 886/886 885/885
f 925/925 885/885 924/924
f 924/924 885/885 884/884
f 924/924 884/884 923/923
f 923/923 884/884 883/883
f 923/923 883/883 922/922
f 922/922 883/883 882/882
f 922/922 882/882 921/921
f 921/921 882/882 881/881
f 921/921 881/881 920/920
f 920/920 881/881 880/880
f 920/920 880/880 919/919
f 919/919 880/880 879/879
f 919/919 879/879 918/918
f 918/918 879/879 878/878
f 918/918 878/878 917/917
f 917/917 878/878 877/877
f 917/917 877/877 916/916
f 916/916 877/877 876/876
f 916/916 876/876 915/915
f 915/915 876/876 875/875
f 915/915 875/875 914/914
f 914/914 875/875 874/874
f 914/914 874/874 913/913
f 913/913 874/874 873/873
f 913/913 873/873 912/912
f 912/912 873/873 872/872
f 912/912 872/872 911/911
f 911/911 872/872 871/871
f 911/911 871/871 910/910
f 910/910 871/871 870/870
f 910/910 870/870 909/909
f 909/909 870/870 869/869
f 909/909 869/869 908/908
f 908/908 869/869 868/868
f 908/908 868/868 907/907
f 907/907 868/868 867/867
f 907/907 867/867 906/906
f 906/906 867/867 866/866
f 906/906 866/866 905/905
f 905/905 866/866 865/865
f 865/865 866/866 827/827
f 865/865 827/827 826/826
f 826/826 827/827 789/789
f 826/826 789/789 788/788
f 788/788 789/789 765/765
f 788/788 765/765 764/764
f 765/765 789/789 766/766
f 766/766 789/789 790/790
f 766/766 790/790 767/767
f 766/766 767/767 757/757
f 767/767 790/790 791/791
f 767/767 791/791 768/768
f 768/768 791/791 792/792
f 768/768 792/792 769/769
f 769/769 792/792 793/793
f 769/769 793/793 770/770
f 769/769 770/770 760/760
f 770/770 793/793 794/794
f 770/770 794/794 771/771
f 771/771 794/794 795/795
f 795/795 794/794 832/832
f 795/795 832/832 833/833
f 833/833 832/832 871/871
f 833/833 871/871 872/872
f 833/833 872/872 834/834
f 834/834 872/872 873/873
f 834/834 873/873 835/835
f 835/835 873/873 874/874
f 835/835 874/874 836/836
f 836/836 874/874 875/875
f 836/836 875/875 837/837
f 836/836 837/837 799/799
f 799/799 837/837 800/800
f 800/800 837/837 838/838
f 800/800 838/838 801/801
f 801/801 838/838 839/839
f 801/801 839/839 802/802
f 801/801 802/802 778/778
f 802/802 839/839 840/840
f 802/802 840/840 803/803
f 803/803 840/840 841/841
f 803/803 841/841 804/804
f 804/804 841/841 842/842
f 842/842 841/841 880/880
f 842/842 880/880 881/881
f 842/842 881/881 843/843
f 843/843 881/881 882/882
f 843/843 882/882 844/844
f 844/844 882/882 883/883
f 844/844 883/883 845/845
f 845/845 883/883 884/884
f 845/845 884/884 846/846
f 846/846 884/884 885/885
f 846/846 885/885 847/847
f 846/846 847/847 809/809
f 809/809 847/847 810/810
f 810/810 847/847 848/848
f 810/810 848/848 811/811
f 810/810 811/811 678/678
f 810/810 678/678 679/679
f 670/670 671/671 818/818
f 670/670 818/818 819/819
f 819/819 818/818 856/856
f 819/819 856/856 857/857
f 857/857 856/856 895/895
f 857/857 895/895 896/896
f 895/895 856/856 894/894
f 894/894 856/856 855/855
f 894/894 855/855 893/893
f 893/893 855/855 854/854
f 893/893 854/854 892/892
f 892/892 854/854 853/853
f 892/892 853/853 891/891
f 891/891 853/853 852/852
f 891/891 852/852 890/890
f 890/890 852/852 851/851
f 890/890 851/851 889/889
f 889/889 851/851 850/850
f 889/889 850/850 888/888
f 888/888 850/850 849/849
f 888/888 849/849 887/887
f 887/887 849/849 848/848
f 887/887 848/848 886/886
f 886/886 848/848 847/847
f 886/886 847/847 885/885
f 848/848 849/849 811/811
f 811/811 849/849 812/812
f 811/811 812/812 677/677
f 811/811 677/677 678/678
f 671/671 672/672 817/817
f 671/671 817/817 818/818
f 818/818 817/817 855/855
f 818/818 855/855 856/856
f 855/855 817/817 854/854
f 854/854 817/817 816/816
f 854/854 816/816 853/853
f 853/853 816/816 815/815
f 853/853 815/815 852/852
f 852/852 815/815 814/814
f 852/852 814/814 851/851
f 851/851 814/814 813/813
f 851/851 813/813 850/850
f 850/850 813/813 812/812
f 850/850 812/812 849/849
f 812/812 813/813 676/676
f 812/812 676/676 677/677
f 672/672 673/673 816/816
f 672/672 816/816 817/817
f 816/816 673/673 815/815
f 815/815 673/673 674/674
f 815/815 674/674 814/814
f 814/814 674/674 675/675
f 814/814 675/675 813/813
f 813/813 675/675 676/676
f 880/880 841/841 879/879
f 879/879 841/841 840/840
f 879/879 840/840 878/878
f 878/878 840/840 839/839
f 878/878 839/839 877/877
f 877/877 839/839 838/838
f 877/877 838/838 876/876
f 876/876 838/838 837/837
f 876/876 837/837 875/875
f 871/871 832/832 870/870
f 870/870 832/832 831/831
f 870/870 831/831 869/869
f 869/869 831/831 830/830
f 869/869 830/830 868/868
f 868/868 830/830 829/829
f 868/868 829/829 867/867
f 867/867 829/829 828/828
f 867/867 828/828 866/866
f 866/866 828/828 827/827
f 827/827 828/828 790/790
f 827/827 790/790 789/789
f 790/790 828/828 791/791
f 791/791 828/828 829/829
f 791/791 829/829 792/792
f 792/792 829/829 830/830
f 792/792 830/830 793/793
f 793/793 830/830 831/831
f 793/793 831/831 794/794
f 794/794 831/831 832/832

g back_right_panel
usemtl Material_back_right_panel
v 0.00422 1.24156 -0.19273
v -0.00265 1.21160 -0.19359
v -0.00207 1.17851 -0.19239
v -0.00174 1.14572 -0.19092
v -0.00141 1.11353 -0.19000
v -0.00118 1.08197 -0.18939
v -0.00105 1.05099 -0.18880
v -0.00108 1.02050 -0.18827
v -0.00141 0.99042 -0.18813
v -0.00205 0.96068 -0.18877
v -0.00283 0.93117 -0.19032
v -0.00360 0.90182 -0.19267
v -0.00438 0.87256 -0.19567
v -0.00519 0.84337 -0.19907
v -0.00590 0.81426 -0.20274
v -0.00624 0.78510 -0.20646
v -0.00610 0.75577 -0.20981
v -0.00565 0.72622 -0.21278
v -0.00510 0.69651 -0.21529
v -0.00455 0.66667 -0.21741
v -0.00404 0.63677 -0.21918
v -0.00357 0.60685 -0.22068
v -0.00314 0.57692 -0.22191
v -0.00275 0.54700 -0.22291
v -0.00243 0.51706 -0.22379
v -0.00216 0.48714 -0.22463
v -0.00194 0.45719 -0.22547
v -0.00177 0.42724 -0.22628
v -0.00165 0.39729 -0.22705
v -0.00158 0.36733 -0.22775
v -0.00157 0.33741 -0.22838
v -0.00161 0.30749 -0.22894
v -0.00168 0.27759 -0.22942
v -0.00180 0.24773 -0.22982
v -0.00199 0.21789 -0.23016
v -0.00227 0.18809 -0.23042
v -0.00270 0.15835 -0.23049
v -0.00316 0.12874 -0.23102
v -0.00371 0.09910 -0.23161
v 0.02617 0.09936 -0.22882
v 0.05503 0.09979 -0.22062
v 0.08180 0.10068 -0.20709
v 0.10552 0.10198 -0.18876
v 0.12559 0.10363 -0.16657
v 0.14176 0.10552 -0.14156
v 0.15404 0.10736 -0.11471
v 0.16225 0.10893 -0.08661
v 0.16610 0.10959 -0.05778
v 0.16185 0.13854 -0.05918
v 0.15979 0.16769 -0.06063
v 0.15937 0.19700 -0.06166
v 0.15906 0.22645 -0.06250
v 0.15919 0.25601 -0.06342
v 0.16186 0.28540 -0.06398
v 0.16431 0.31482 -0.06378
v 0.16060 0.34416 -0.06352
v 0.15883 0.37379 -0.06284
v 0.15745 0.40356 -0.06234
v 0.15727 0.43344 -0.06185
v 0.15837 0.46342 -0.06108
v 0.16117 0.49333 -0.05993
v 0.16534 0.52298 -0.05866
v 0.17120 0.55221 -0.05817
v 0.17686 0.58263 -0.05647
v 0.18126 0.61392 -0.05736
v 0.18447 0.64573 -0.05923
v 0.19889 0.66086 -0.07871
v 0.18687 0.68217 -0.06112
v 0.18699 0.71256 -0.06101
v 0.18486 0.74178 -0.05854
v 0.18175 0.77043 -0.05763
v 0.17859 0.79875 -0.05699
v 0.17592 0.82783 -0.05961
v 0.17048 0.85732 -0.05822
v 0.16223 0.88595 -0.05609
v 0.16285 0.91513 -0.05300
v 0.16147 0.94439 -0.05565
v 0.15383 0.97429 -0.05972
v 0.15127 1.00244 -0.05748
v 0.15338 1.02985 -0.06187
v 0.15673 1.05707 -0.06688
v 0.15978 1.08343 -0.06774
v 0.16266 1.10847 -0.07090
v 0.16562 1.13303 -0.07464
v 0.16805 1.15691 -0.07838
v 0.16591 1.17482 -0.08857
v 0.17069 1.17412 -0.12937
v 0.19364 1.19675 -0.15212
v 0.20129 1.23084 -0.15557
v 0.19753 1.26131 -0.14829
v 0.18723 1.28953 -0.13888
v 0.17493 1.32050 -0.12515
v 0.15583 1.34408 -0.08764
v 0.13804 1.34790 -0.09529
v 0.12269 1.35533 -0.10264
v 0.11774 1.33197 -0.15686
v 0.09061 1.29317 -0.18279
v 0.06262 1.26747 -0.19124
v 0.03666 1.24906 -0.19229
v 0.02844 0.12915 -0.22958
v 0.02885 0.15903 -0.22926
v 0.02915 0.18898 -0.22910
v 0.02935 0.21899 -0.22888
v 0.02949 0.24905 -0.22856
v 0.02958 0.27913 -0.22814
v 0.02963 0.30923 -0.22764
v 0.02964 0.33935 -0.22708
v 0.02961 0.36948 -0.22650
v 0.02954 0.39963 -0.22589
v 0.02945 0.42980 -0.22522
v 0.02934 0.45998 -0.22449
v 0.02922 0.49016 -0.22369
v 0.02907 0.52032 -0.22282
v 0.02888 0.55046 -0.22184
v 0.02865 0.58057 -0.22074
v 0.02840 0.61067 -0.21950
v 0.02814 0.64075 -0.21809
v 0.02792 0.67081 -0.21645
v 0.02775 0.70084 -0.21445
v 0.02772 0.73078 -0.21199
v 0.02794 0.76058 -0.20905
v 0.02848 0.79019 -0.20572
v 0.02914 0.81966 -0.20208
v 0.02977 0.84913 -0.19829
v 0.03038 0.87866 -0.19454
v 0.03099 0.90822 -0.19097
v 0.03158 0.93780 -0.18776
v 0.03204 0.96741 -0.18532
v 0.03225 0.99717 -0.18421
v 0.03220 1.02724 -0.18437
v 0.03209 1.05771 -0.18518
v 0.03205 1.08865 -0.18622
v 0.03220 1.12010 -0.18741
v 0.03293 1.15211 -0.18920
v 0.03519 1.18463 -0.19183
v 0.04307 1.21727 -0.19362
v 0.05862 0.12959 -0.22119
v 0.05897 0.15953 -0.22117
v 0.05920 0.18956 -0.22109
v 0.05937 0.21964 -0.22089
v 0.05949 0.24976 -0.22054
v 0.05957 0.27990 -0.22007
v 0.05961 0.31003 -0.21953
v 0.05962 0.34017 -0.21898
v 0.05960 0.37033 -0.21846
v 0.05957 0.40053 -0.21791
v 0.05952 0.43075 -0.21727
v 0.05948 0.46098 -0.21651
v 0.05943 0.49120 -0.21562
v 0.05935 0.52139 -0.21459
v 0.05923 0.55152 -0.21343
v 0.05908 0.58159 -0.21217
v 0.05895 0.61162 -0.21089
v 0.05890 0.64164 -0.20959
v 0.05896 0.67164 -0.20817
v 0.05915 0.70164 -0.20640
v 0.05959 0.73162 -0.20416
v 0.06050 0.76152 -0.20166
v 0.06160 0.79130 -0.19870
v 0.06217 0.82088 -0.19430
v 0.06242 0.85044 -0.18939
v 0.06269 0.88009 -0.18463
v 0.06299 0.90978 -0.18007
v 0.06325 0.93941 -0.17586
v 0.06317 0.96895 -0.17249
v 0.06276 0.99856 -0.17117
v 0.06241 1.02844 -0.17175
v 0.06270 1.05855 -0.17412
v 0.06334 1.08895 -0.17733
v 0.06429 1.11961 -0.18139
v 0.06610 1.15055 -0.18615
v 0.07020 1.18119 -0.19286
v 0.07769 1.21228 -0.19701
v 0.08519 1.24528 -0.19452
v 0.08651 0.13050 -0.20674
v 0.08681 0.16049 -0.20695
v 0.08703 0.19058 -0.20699
v 0.08720 0.22074 -0.20680
v 0.08731 0.25092 -0.20639
v 0.08737 0.28110 -0.20579
v 0.08738 0.31126 -0.20513
v 0.08737 0.34141 -0.20458
v 0.08737 0.37161 -0.20413
v 0.08737 0.40186 -0.20360
v 0.08737 0.43214 -0.20291
v 0.08737 0.46243 -0.20201
v 0.08736 0.49268 -0.20090
v 0.08730 0.52285 -0.19958
v 0.08718 0.55293 -0.19810
v 0.08705 0.58290 -0.19661
v 0.08705 0.61279 -0.19531
v 0.08732 0.64265 -0.19430
v 0.08782 0.67255 -0.19332
v 0.08849 0.70251 -0.19188
v 0.08968 0.73252 -0.19015
v 0.09222 0.76254 -0.18992
v 0.09425 0.79278 -0.18837
v 0.09423 0.82263 -0.18235
v 0.09296 0.85189 -0.17410
v 0.09219 0.88154 -0.16753
v 0.09229 0.91151 -0.16221
v 0.09269 0.94131 -0.15763
v 0.09186 0.97063 -0.15355
v 0.09018 0.99997 -0.15201
v 0.09039 1.02945 -0.15429
v 0.09261 1.05846 -0.16092
v 0.09473 1.08759 -0.16845
v 0.09597 1.11742 -0.17399
v 0.09850 1.14722 -0.17976
v 0.10329 1.17704 -0.18575
v 0.10914 1.20808 -0.18864
v 0.11638 1.23970 -0.18735
v 0.12431 1.27152 -0.18018
v 0.13366 1.30472 -0.16383
v 0.14126 1.33394 -0.13473
v 0.11101 0.13187 -0.18701
v 0.11129 0.16189 -0.18739
v 0.11154 0.19204 -0.18753
v 0.11174 0.22227 -0.18734
v 0.11188 0.25252 -0.18683
v 0.11190 0.28274 -0.18602
v 0.11177 0.31289 -0.18515
v 0.11166 0.34305 -0.18458
v 0.11168 0.37329 -0.18421
v 0.11171 0.40361 -0.18367
v 0.11173 0.43397 -0.18282
v 0.11175 0.46430 -0.18170
v 0.11176 0.49458 -0.18031
v 0.11171 0.52474 -0.17866
v 0.11156 0.55473 -0.17685
v 0.11145 0.58455 -0.17514
v 0.11170 0.61423 -0.17397
v 0.11256 0.64387 -0.17357
v 0.11379 0.67360 -0.17335
v 0.11497 0.70351 -0.17216
v 0.11827 0.73343 -0.17254
v 0.12158 0.76352 -0.17225
v 0.12267 0.79379 -0.16857
v 0.12332 0.82410 -0.16336
v 0.12265 0.85414 -0.15620
v 0.11883 0.88306 -0.14586
v 0.11927 0.91362 -0.13994
v 0.12169 0.94388 -0.13620
v 0.11948 0.97299 -0.13196
v 0.11546 1.00181 -0.12930
v 0.11786 1.03020 -0.13553
v 0.12101 1.05830 -0.14434
v 0.12347 1.08675 -0.15281
v 0.12518 1.11577 -0.15883
v 0.12766 1.14438 -0.16424
v 0.13224 1.17281 -0.17090
v 0.13723 1.20274 -0.17517
v 0.14363 1.23461 -0.17460
v 0.15231 1.26661 -0.16680
v 0.16042 1.29646 -0.15118
v 0.13122 0.13365 -0.16293
v 0.13142 0.16370 -0.16335
v 0.13175 0.19389 -0.16356
v 0.13210 0.22418 -0.16339
v 0.13258 0.25451 -0.16293
v 0.13282 0.28477 -0.16207
v 0.13232 0.31492 -0.16090
v 0.13146 0.34507 -0.15997
v 0.13141 0.37537 -0.15960
v 0.13151 0.40577 -0.15899
v 0.13154 0.43618 -0.15794
v 0.13164 0.46656 -0.15659
v 0.13182 0.49688 -0.15497
v 0.13199 0.52706 -0.15310
v 0.13209 0.55701 -0.15111
v 0.13219 0.58668 -0.14933
v 0.13302 0.61608 -0.14861
v 0.13464 0.64538 -0.14909
v 0.13705 0.67486 -0.15003
v 0.13866 0.70469 -0.14876
v 0.14349 0.73419 -0.14961
v 0.14492 0.76413 -0.14700
v 0.14591 0.79440 -0.14292
v 0.14735 0.82492 -0.13782
v 0.14753 0.85535 -0.13124
v 0.14271 0.88453 -0.12117
v 0.14515 0.91565 -0.11547
v 0.14739 0.94698 -0.10852
v 0.14102 0.97534 -0.10417
v 0.13758 1.00388 -0.10299
v 0.13957 1.03270 -0.11096
v 0.14225 1.06049 -0.11971
v 0.14443 1.08854 -0.12808
v 0.14877 1.11547 -0.13456
v 0.15286 1.14189 -0.14246
v 0.15650 1.16839 -0.15035
v 0.15964 1.19660 -0.15790
v 0.16715 1.22601 -0.16094
v 0.17815 1.25566 -0.15733
v 0.14651 0.13574 -0.13552
v 0.14648 0.16582 -0.13589
v 0.14679 0.19604 -0.13604
v 0.14752 0.22636 -0.13595
v 0.14924 0.25676 -0.13581
v 0.15120 0.28711 -0.13570
v 0.15078 0.31744 -0.13469
v 0.14675 0.34740 -0.13229
v 0.14568 0.37778 -0.13145
v 0.14584 0.40823 -0.13062
v 0.14602 0.43868 -0.12938
v 0.14639 0.46913 -0.12785
v 0.14711 0.49953 -0.12610
v 0.14810 0.52983 -0.12418
v 0.14914 0.55989 -0.12221
v 0.15026 0.58952 -0.12067
v 0.15234 0.61853 -0.12092
v 0.15410 0.64725 -0.12238
v 0.15778 0.67613 -0.12440
v 0.16165 0.70528 -0.12380
v 0.16358 0.73448 -0.12168
v 0.16273 0.76405 -0.11774
v 0.16330 0.79428 -0.11334
v 0.16545 0.82487 -0.10775
v 0.16492 0.85499 -0.10038
v 0.15821 0.88422 -0.09055
v 0.16011 0.91533 -0.08266
v 0.15790 1.09041 -0.09618
v 0.16177 1.11760 -0.10352
v 0.16632 1.14306 -0.11102
v 0.17037 1.16624 -0.12097
v 0.16912 1.18448 -0.13845
v 0.15677 0.13780 -0.10613
v 0.15626 0.16787 -0.10635
v 0.15636 0.19807 -0.10636
v 0.15715 0.22844 -0.10625
v 0.16216 0.25877 -0.10677
v 0.16528 0.28947 -0.10669
v 0.16450 0.32012 -0.10560
v 0.15989 0.35016 -0.10351
v 0.15534 0.38015 -0.10147
v 0.15484 0.41059 -0.10016
v 0.15508 0.44113 -0.09869
v 0.15601 0.47171 -0.09699
v 0.15777 0.50227 -0.09511
v 0.16041 0.53278 -0.09328
v 0.16312 0.56331 -0.09121
v 0.16703 0.59321 -0.09038
v 0.17151 0.62187 -0.09196
v 0.17324 0.64887 -0.09595
v 0.17642 0.67692 -0.09672
v 0.17844 0.70480 -0.09311
v 0.17798 0.73373 -0.09033
v 0.17642 0.76312 -0.08688
v 0.17524 0.79329 -0.08153
vt 0.00000 0.89210
vt 0.00000 0.86860
vt 0.00000 0.84520
vt 0.00000 0.82170
vt 0.00000 0.79820
vt 0.00000 0.77470
vt 0.00000 0.75130
vt 0.00000 0.72780
vt 0.00000 0.70430
vt 0.00000 0.68080
vt 0.00000 0.65740
vt 0.00000 0.63390
vt 0.00000 0.61040
vt 0.00000 0.58690
vt 0.00000 0.56340
vt 0.00000 0.54000
vt 0.00000 0.51650
vt 0.00000 0.49300
vt 0.00000 0.46950
vt 0.00000 0.44610
vt 0.00000 0.42260
vt 0.00000 0.39910
vt 0.00000 0.37560
vt 0.00000 0.35220
vt 0.00000 0.32870
vt 0.00000 0.30520
vt 0.00000 0.28170
vt 0.00000 0.25820
vt 0.00000 0.23480
vt 0.00000 0.21130
vt 0.00000 0.18780
vt 0.00000 0.16430
vt 0.00000 0.14090
vt 0.00000 0.11740
vt 0.00000 0.09390
vt 0.00000 0.07040
vt 0.00000 0.04700
vt 0.00000 0.02350
vt 0.00000 0.00000
vt 0.11110 0.00000
vt 0.22220 0.00000
vt 0.33330 0.00000
vt 0.44440 0.00000
vt 0.55560 0.00000
vt 0.66670 0.00000
vt 0.77780 0.00000
vt 0.88890 0.00000
vt 1.00000 0.00000
vt 0.99630 0.02290
vt 0.99260 0.04590
vt 0.98890 0.06880
vt 0.98510 0.09170
vt 0.98140 0.11470
vt 0.97770 0.13760
vt 0.97400 0.16060
vt 0.97030 0.18350
vt 0.96660 0.20640
vt 0.96280 0.22940
vt 0.95910 0.25230
vt 0.95540 0.27530
vt 0.95170 0.29820
vt 0.94800 0.32110
vt 0.94430 0.34410
vt 0.94060 0.36700
vt 0.93690 0.38990
vt 0.93310 0.41290
vt 0.92940 0.43580
vt 0.92570 0.45870
vt 0.92200 0.48170
vt 0.91830 0.50460
vt 0.91460 0.52760
vt 0.88820 0.55010
vt 0.86190 0.57260
vt 0.83550 0.59500
vt 0.80920 0.61760
vt 0.78280 0.64000
vt 0.75650 0.66250
vt 0.73010 0.68500
vt 0.74120 0.70660
vt 0.75240 0.72810
vt 0.76360 0.74970
vt 0.77480 0.77130
vt 0.78590 0.79280
vt 0.79710 0.81440
vt 0.80830 0.83590
vt 0.81940 0.85750
vt 0.78750 0.87750
vt 0.74800 0.89690
vt 0.70100 0.91570
vt 0.64640 0.93380
vt 0.58410 0.95120
vt 0.51430 0.96810
vt 0.43690 0.98430
vt 0.37380 0.99210
vt 0.31070 1.00000
vt 0.24850 0.96120
vt 0.18640 0.93100
vt 0.12430 0.90940
vt 0.06210 0.89640
vt 0.11650 0.02360
vt 0.11650 0.04720
vt 0.11650 0.07090
vt 0.11650 0.09450
vt 0.11650 0.11810
vt 0.11650 0.14170
vt 0.11650 0.16540
vt 0.11650 0.18900
vt 0.11650 0.21260
vt 0.11650 0.23620
vt 0.11650 0.25980
vt 0.11650 0.28350
vt 0.11650 0.30710
vt 0.11650 0.33070
vt 0.11650 0.35430
vt 0.11650 0.37800
vt 0.11650 0.40160
vt 0.11650 0.42520
vt 0.11650 0.44880
vt 0.11650 0.47240
vt 0.11650 0.49610
vt 0.11650 0.51970
vt 0.11650 0.54330
vt 0.11650 0.56690
vt 0.11650 0.59060
vt 0.11650 0.61420
vt 0.11650 0.63780
vt 0.11650 0.66140
vt 0.11650 0.68500
vt 0.11650 0.70870
vt 0.11650 0.73230
vt 0.11650 0.75590
vt 0.11650 0.77950
vt 0.11650 0.80310
vt 0.11650 0.82680
vt 0.11650 0.85040
vt 0.11650 0.87400
vt 0.23300 0.02360
vt 0.23300 0.04720
vt 0.23300 0.07090
vt 0.23300 0.09450
vt 0.23300 0.11810
vt 0.23300 0.14170
vt 0.23300 0.16540
vt 0.23300 0.18900
vt 0.23300 0.21260
vt 0.23300 0.23620
vt 0.23300 0.25980
vt 0.23300 0.28350
vt 0.23300 0.30710
vt 0.23300 0.33070
vt 0.23300 0.35430
vt 0.23300 0.37800
vt 0.23300 0.40160
vt 0.23300 0.42520
vt 0.23300 0.44880
vt 0.23300 0.47240
vt 0.23300 0.49610
vt 0.23300 0.51970
vt 0.23300 0.54330
vt 0.23300 0.56690
vt 0.23300 0.59060
vt 0.23300 0.61420
vt 0.23300 0.63780
vt 0.23300 0.66140
vt 0.23300 0.68500
vt 0.23300 0.70870
vt 0.23300 0.73230
vt 0.23300 0.75590
vt 0.23300 0.77950
vt 0.23300 0.80310
vt 0.23300 0.82680
vt 0.23300 0.85040
vt 0.23300 0.87400
vt 0.23300 0.89760
vt 0.34950 0.02360
vt 0.34950 0.04720
vt 0.34950 0.07090
vt 0.34950 0.09450
vt 0.34950 0.11810
vt 0.34950 0.14170
vt 0.34950 0.16540
vt 0.34950 0.18900
vt 0.34950 0.21260
vt 0.34950 0.23620
vt 0.34950 0.25980
vt 0.34950 0.28350
vt 0.34950 0.30710
vt 0.34950 0.33070
vt 0.34950 0.35430
vt 0.34950 0.37800
vt 0.34950 0.40160
vt 0.34950 0.42520
vt 0.34950 0.44880
vt 0.34950 0.47240
vt 0.34950 0.49610
vt 0.34950 0.51970
vt 0.34950 0.54330
vt 0.34950 0.56690
vt 0.34950 0.59060
vt 0.34950 0.61420
vt 0.34950 0.63780
vt 0.34950 0.66140
vt 0.34950 0.68500
vt 0.34950 0.70870
vt 0.34950 0.73230
vt 0.34950 0.75590
vt 0.34950 0.77950
vt 0.34950 0.80310
vt 0.34950 0.82680
vt 0.34950 0.85040
vt 0.34950 0.87400
vt 0.34950 0.89760
vt 0.34950 0.92130
vt 0.34950 0.94490
vt 0.34950 0.96850
vt 0.46600 0.02360
vt 0.46600 0.04720
vt 0.46600 0.07090
vt 0.46600 0.09450
vt 0.46600 0.11810
vt 0.46600 0.14170
vt 0.46600 0.16540
vt 0.46600 0.18900
vt 0.46600 0.21260
vt 0.46600 0.23620
vt 0.46600 0.25980
vt 0.46600 0.28350
vt 0.46600 0.30710
vt 0.46600 0.33070
vt 0.46600 0.35430
vt 0.46600 0.37800
vt 0.46600 0.40160
vt 0.46600 0.42520
vt 0.46600 0.44880
vt 0.46600 0.47240
vt 0.46600 0.49610
vt 0.46600 0.51970
vt 0.46600 0.54330
vt 0.46600 0.56690
vt 0.46600 0.59060
vt 0.46600 0.61420
vt 0.46600 0.63780
vt 0.46600 0.66140
vt 0.46600 0.68500
vt 0.46600 0.70870
vt 0.46600 0.73230
vt 0.46600 0.75590
vt 0.46600 0.77950
vt 0.46600 0.80310
vt 0.46600 0.82680
vt 0.46600 0.85040
vt 0.46600 0.87400
vt 0.46600 0.89760
vt 0.46600 0.92130
vt 0.46600 0.94490
vt 0.58250 0.02360
vt 0.58250 0.04720
vt 0.58250 0.07090
vt 0.58250 0.09450
vt 0.58250 0.11810
vt 0.58250 0.14170
vt 0.58250 0.16540
vt 0.58250 0.18900
vt 0.58250 0.21260
vt 0.58250 0.23620
vt 0.58250 0.25980
vt 0.58250 0.28350
vt 0.58250 0.30710
vt 0.58250 0.33070
vt 0.58250 0.35430
vt 0.58250 0.37800
vt 0.58250 0.40160
vt 0.58250 0.42520
vt 0.58250 0.44880
vt 0.58250 0.47240
vt 0.58250 0.49610
vt 0.58250 0.51970
vt 0.58250 0.54330
vt 0.58250 0.56690
vt 0.58250 0.59060
vt 0.58250 0.61420
vt 0.58250 0.63780
vt 0.58250 0.66140
vt 0.58250 0.68500
vt 0.58250 0.70870
vt 0.58250 0.73230
vt 0.58250 0.75590
vt 0.58250 0.77950
vt 0.58250 0.80310
vt 0.58250 0.82680
vt 0.58250 0.85040
vt 0.58250 0.87400
vt 0.58250 0.89760
vt 0.58250 0.92130
vt 0.69900 0.02360
vt 0.69900 0.04720
vt 0.69900 0.07090
vt 0.69900 0.09450
vt 0.69900 0.11810
vt 0.69900 0.14170
vt 0.69900 0.16540
vt 0.69900 0.18900
vt 0.69900 0.21260
vt 0.69900 0.23620
vt 0.69900 0.25980
vt 0.69900 0.28350
vt 0.69900 0.30710
vt 0.69900 0.33070
vt 0.69900 0.35430
vt 0.69900 0.37800
vt 0.69900 0.40160
vt 0.69900 0.42520
vt 0.69900 0.44880
vt 0.69900 0.47240
vt 0.69900 0.49610
vt 0.69900 0.51970
vt 0.69900 0.54330
vt 0.69900 0.56690
vt 0.69900 0.59060
vt 0.69900 0.61420
vt 0.69900 0.63780
vt 0.69900 0.77950
vt 0.69900 0.80310
vt 0.69900 0.82680
vt 0.69900 0.85040
vt 0.69900 0.87400
vt 0.81550 0.02360
vt 0.81550 0.04720
vt 0.81550 0.07090
vt 0.81550 0.09450
vt 0.81550 0.11810
vt 0.81550 0.14170
vt 0.81550 0.16540
vt 0.81550 0.18900
vt 0.81550 0.21260
vt 0.81550 0.23620
vt 0.81550 0.25980
vt 0.81550 0.28350
vt 0.81550 0.30710
vt 0.81550 0.33070
vt 0.81550 0.35430
vt 0.81550 0.37800
vt 0.81550 0.40160
vt 0.81550 0.42520
vt 0.81550 0.44880
vt 0.81550 0.47240
vt 0.81550 0.49610
vt 0.81550 0.51970
vt 0.81550 0.54330
f 1075/1075 1076/1076 1195/1195
f 1075/1075 1195/1195 1074/1074
f 1074/1074 1195/1195 1073/1073
f 1073/1073 1195/1195 1072/1072
f 1072/1072 1195/1195 1235/1235
f 1072/1072 1235/1235 1071/1071
f 1071/1071 1235/1235 1274/1274
f 1071/1071 1274/1274 1070/1070
f 1070/1070 1274/1274 1069/1069
f 1069/1069 1274/1274 1273/1273
f 1069/1069 1273/1273 1068/1068
f 1068/1068 1273/1273 1306/1306
f 1068/1068 1306/1306 1067/1067
f 1067/1067 1306/1306 1066/1066
f 1066/1066 1306/1306 1305/1305
f 1066/1066 1305/1305 1065/1065
f 1051/1051 1052/1052 1329/1329
f 1051/1051 1329/1329 1328/1328
f 1051/1051 1328/1328 1050/1050
f 1050/1050 1328/1328 1327/1327
f 1050/1050 1327/1327 1049/1049
f 1041/1041 1042/1042 1319/1319
f 1041/1041 1319/1319 1318/1318
f 1041/1041 1318/1318 1040/1040
f 1030/1030 1031/1031 1308/1308
f 1030/1030 1308/1308 1307/1307
f 1030/1030 1307/1307 1029/1029
f 1028/1028 1029/1029 1027/1027
f 1027/1027 1029/1029 1307/1307
f 1027/1027 1307/1307 1026/1026
f 1026/1026 1307/1307 1275/1275
f 1026/1026 1275/1275 1025/1025
f 1025/1025 1275/1275 1236/1236
f 1025/1025 1236/1236 1024/1024
f 1024/1024 1236/1236 1196/1196
f 1024/1024 1196/1196 1023/1023
f 1023/1023 1196/1196 1155/1155
f 1023/1023 1155/1155 1022/1022
f 1022/1022 1155/1155 1117/1117
f 1022/1022 1117/1117 1021/1021
f 1021/1021 1117/1117 1080/1080
f 1021/1021 1080/1080 1020/1020
f 1020/1020 1080/1080 1018/1018
f 1020/1020 1018/1018 1019/1019
f 1018/1018 1080/1080 1017/1017
f 1017/1017 1080/1080 1081/1081
f 1017/1017 1081/1081 1016/1016
f 1016/1016 1081/1081 1082/1082
f 1016/1016 1082/1082 1015/1015
f 1015/1015 1082/1082 1083/1083
f 1015/1015 1083/1083 1014/1014
f 1014/1014 1083/1083 1084/1084
f 1014/1014 1084/1084 1013/1013
f 1013/1013 1084/1084 1085/1085
f 1013/1013 1085/1085 1012/1012
f 1012/1012 1085/1085 1086/1086
f 1012/1012 1086/1086 1011/1011
f 1011/1011 1086/1086 1087/1087
f 1011/1011 1087/1087 1010/1010
f 1010/1010 1087/1087 1088/1088
f 1010/1010 1088/1088 1009/1009
f 1009/1009 1088/1088 1089/1089
f 1009/1009 1089/1089 1008/1008
f 1008/1008 1089/1089 1090/1090
f 1008/1008 1090/1090 1007/1007
f 1007/1007 1090/1090 1091/1091
f 1007/1007 1091/1091 1006/1006
f 1006/1006 1091/1091 1092/1092
f 1006/1006 1092/1092 1005/1005
f 1005/1005 1092/1092 1093/1093
f 1005/1005 1093/1093 1004/1004
f 1004/1004 1093/1093 1094/1094
f 1004/1004 1094/1094 1003/1003
f 1003/1003 1094/1094 1095/1095
f 1003/1003 1095/1095 1002/1002
f 1002/1002 1095/1095 1096/1096
f 1002/1002 1096/1096 1001/1001
f 1001/1001 1096/1096 1097/1097
f 1001/1001 1097/1097 1000/1000
f 1000/1000 1097/1097 1098/1098
f 1000/1000 1098/1098 999/999
f 999/999 1098/1098 1099/1099
f 999/999 1099/1099 998/998
f 998/998 1099/1099 1100/1100
f 998/998 1100/1100 997/997
f 997/997 1100/1100 1101/1101
f 997/997 1101/1101 996/996
f 996/996 1101/1101 1102/1102
f 996/996 1102/1102 995/995
f 995/995 1102/1102 1103/1103
f 995/995 1103/1103 994/994
f 994/994 1103/1103 1104/1104
f 994/994 1104/1104 993/993
f 993/993 1104/1104 1105/1105
f 993/993 1105/1105 992/992
f 992/992 1105/1105 1106/1106
f 992/992 1106/1106 991/991
f 991/991 1106/1106 1107/1107
f 991/991 1107/1107 990/990
f 990/990 1107/1107 1108/1108
f 990/990 1108/1108 989/989
f 989/989 1108/1108 1109/1109
f 989/989 1109/1109 988/988
f 988/988 1109/1109 1110/1110
f 988/988 1110/1110 987/987
f 987/987 1110/1110 1111/1111
f 987/987 1111/1111 986/986
f 986/986 1111/1111 1112/1112
f 986/986 1112/1112 985/985
f 985/985 1112/1112 1113/1113
f 985/985 1113/1113 984/984
f 984/984 1113/1113 1114/1114
f 984/984 1114/1114 983/983
f 983/983 1114/1114 1115/1115
f 983/983 1115/1115 982/982
f 982/982 1115/1115 1116/1116
f 982/982 1116/1116 981/981
f 981/981 1116/1116 1079/1079
f 1076/1076 1077/1077 1194/1194
f 1076/1076 1194/1194 1195/1195
f 1195/1195 1194/1194 1235/1235
f 1235/1235 1194/1194 1234/1234
f 1235/1235 1234/1234 1274/1274
f 1274/1274 1234/1234 1273/1273
f 1273/1273 1234/1234 1233/1233
f 1273/1273 1233/1233 1272/1272
f 1273/1273 1272/1272 1306/1306
f 1306/1306 1272/1272 1305/1305
f 1305/1305 1272/1272 1271/1271
f 1305/1305 1271/1271 1304/1304
f 1305/1305 1304/1304 1065/1065
f 1065/1065 1304/1304 1064/1064
f 1052/1052 1053/1053 1329/1329
f 1329/1329 1053/1053 1298/1298
f 1329/1329 1298/1298 1297/1297
f 1329/1329 1297/1297 1328/1328
f 1328/1328 1297/1297 1296/1296
f 1328/1328 1296/1296 1327/1327
f 1327/1327 1296/1296 1295/1295
f 1327/1327 1295/1295 1326/1326
f 1327/1327 1326/1326 1049/1049
f 1049/1049 1326/1326 1048/1048
f 1048/1048 1326/1326 1325/1325
f 1048/1048 1325/1325 1047/1047
f 1047/1047 1325/1325 1324/1324
f 1047/1047 1324/1324 1046/1046
f 1044/1044 1045/1045 1322/1322
f 1044/1044 1322/1322 1321/1321
f 1044/1044 1321/1321 1043/1043
f 1042/1042 1043/1043 1320/1320
f 1042/1042 1320/1320 1319/1319
f 1319/1319 1320/1320 1288/1288
f 1319/1319 1288/1288 1287/1287
f 1319/1319 1287/1287 1318/1318
f 1318/1318 1287/1287 1286/1286
f 1318/1318 1286/1286 1317/1317
f 1318/1318 1317/1317 1040/1040
f 1040/1040 1317/1317 1039/1039
f 1039/1039 1317/1317 1316/1316
f 1039/1039 1316/1316 1038/1038
f 1036/1036 1037/1037 1314/1314
f 1036/1036 1314/1314 1313/1313
f 1036/1036 1313/1313 1035/1035
f 1033/1033 1034/1034 1311/1311
f 1033/1033 1311/1311 1310/1310
f 1033/1033 1310/1310 1032/1032
f 1031/1031 1032/1032 1309/1309
f 1031/1031 1309/1309 1308/1308
f 1308/1308 1309/1309 1277/1277
f 1308/1308 1277/1277 1276/1276
f 1308/1308 1276/1276 1307/1307
f 1307/1307 1276/1276 1275/1275
f 1275/1275 1276/1276 1237/1237
f 1275/1275 1237/1237 1236/1236
f 1236/1236 1237/1237 1197/1197
f 1236/1236 1197/1197 1196/1196
f 1196/1196 1197/1197 1156/1156
f 1196/1196 1156/1156 1155/1155
f 1155/1155 1156/1156 1118/1118
f 1155/1155 1118/1118 1117/1117
f 1117/1117 1118/1118 1081/1081
f 1117/1117 1081/1081 1080/1080
f 1081/1081 1118/1118 1082/1082
f 1082/1082 1118/1118 1119/1119
f 1082/1082 1119/1119 1083/1083
f 1083/1083 1119/1119 1120/1120
f 1083/1083 1120/1120 1084/1084
f 1084/1084 1120/1120 1121/1121
f 1084/1084 1121/1121 1085/1085
f 1085/1085 1121/1121 1122/1122
f 1085/1085 1122/1122 1086/1086
f 1086/1086 1122/1122 1123/1123
f 1086/1086 1123/1123 1087/1087
f 1087/1087 1123/1123 1124/1124
f 1087/1087 1124/1124 1088/1088
f 1088/1088 1124/1124 1125/1125
f 1088/1088 1125/1125 1089/1089
f 1089/1089 1125/1125 1126/1126
f 1089/1089 1126/1126 1090/1090
f 1090/1090 1126/1126 1127/1127
f 1090/1090 1127/1127 1091/1091
f 1091/1091 1127/1127 1128/1128
f 1091/1091 1128/1128 1092/1092
f 1092/1092 1128/1128 1129/1129
f 1092/1092 1129/1129 1093/1093
f 1093/1093 1129/1129 1130/1130
f 1093/1093 1130/1130 1094/1094
f 1094/1094 1130/1130 1131/1131
f 1094/1094 1131/1131 1095/1095
f 1095/1095 1131/1131 1132/1132
f 1095/1095 1132/1132 1096/1096
f 1096/1096 1132/1132 1133/1133
f 1096/1096 1133/1133 1097/1097
f 1097/1097 1133/1133 1134/1134
f 1097/1097 1134/1134 1098/1098
f 1098/1098 1134/1134 1135/1135
f 1098/1098 1135/1135 1099/1099
f 1099/1099 1135/1135 1136/1136
f 1099/1099 1136/1136 1100/1100
f 1100/1100 1136/1136 1137/1137
f 1100/1100 1137/1137 1101/1101
f 1101/1101 1137/1137 1138/1138
f 1101/1101 1138/1138 1102/1102
f 1102/1102 1138/1138 1139/1139
f 1102/1102 1139/1139 1103/1103
f 1103/1103 1139/1139 1140/1140
f 1103/1103 1140/1140 1104/1104
f 1104/1104 1140/1140 1141/1141
f 1104/1104 1141/1141 1105/1105
f 1105/1105 1141/1141 1142/1142
f 1105/1105 1142/1142 1106/1106
f 1106/1106 1142/1142 1143/1143
f 1106/1106 1143/1143 1107/1107
f 1107/1107 1143/1143 1144/1144
f 1107/1107 1144/1144 1108/1108
f 1108/1108 1144/1144 1145/1145
f 1108/1108 1145/1145 1109/1109
f 1109/1109 1145/1145 1146/1146
f 1109/1109 1146/1146 1110/1110
f 1110/1110 1146/1146 1147/1147
f 1110/1110 1147/1147 1111/1111
f 1111/1111 1147/1147 1148/1148
f 1111/1111 1148/1148 1112/1112
f 1112/1112 1148/1148 1149/1149
f 1112/1112 1149/1149 1113/1113
f 1113/1113 1149/1149 1150/1150
f 1113/1113 1150/1150 1114/1114
f 1114/1114 1150/1150 1151/1151
f 1114/1114 1151/1151 1115/1115
f 1115/1115 1151/1151 1152/1152
f 1115/1115 1152/1152 1116/1116
f 1116/1116 1152/1152 1153/1153
f 1116/1116 1153/1153 1154/1154
f 1116/1116 1154/1154 1079/1079
f 1079/1079 1154/1154 1078/1078
f 1078/1078 1154/1154 1077/1077
f 1077/1077 1154/1154 1193/1193
f 1077/1077 1193/1193 1194/1194
f 1194/1194 1193/1193 1234/1234
f 1234/1234 1193/1193 1233/1233
f 1233/1233 1193/1193 1192/1192
f 1233/1233 1192/1192 1232/1232
f 1233/1233 1232/1232 1272/1272
f 1272/1272 1232/1232 1271/1271
f 1271/1271 1232/1232 1231/1231
f 1271/1271 1231/1231 1270/1270
f 1271/1271 1270/1270 1304/1304
f 1304/1304 1270/1270 1303/1303
f 1304/1304 1303/1303 1064/1064
f 1064/1064 1303/1303 1063/1063
f 1053/1053 1054/1054 1299/1299
f 1053/1053 1299/1299 1298/1298
f 1298/1298 1299/1299 1260/1260
f 1298/1298 1260/1260 1259/1259
f 1298/1298 1259/1259 1297/1297
f 1297/1297 1259/1259 1258/1258
f 1297/1297 1258/1258 1296/1296
f 1296/1296 1258/1258 1257/1257
f 1296/1296 1257/1257 1295/1295
f 1295/1295 1257/1257 1256/1256
f 1295/1295 1256/1256 1294/1294
f 1295/1295 1294/1294 1326/1326
f 1326/1326 1294/1294 1325/1325
f 1325/1325 1294/1294 1293/1293
f 1325/1325 1293/1293 1324/1324
f 1324/1324 1293/1293 1292/1292
f 1324/1324 1292/1292 1323/1323
f 1324/1324 1323/1323 1046/1046
f 1046/1046 1323/1323 1045/1045
f 1045/1045 1323/1323 1322/1322
f 1322/1322 1323/1323 1291/1291
f 1322/1322 1291/1291 1290/1290
f 1322/1322 1290/1290 1321/1321
f 1321/1321 1290/1290 1289/1289
f 1321/1321 1289/1289 1320/1320
f 1321/1321 1320/1320 1043/1043
f 1320/1320 1289/1289 1288/1288
f 1288/1288 1289/1289 1250/1250
f 1288/1288 1250/1250 1249/1249
f 1288/1288 1249/1249 1287/1287
f 1287/1287 1249/1249 1248/1248
f 1287/1287 1248/1248 1286/1286
f 1286/1286 1248/1248 1247/1247
f 1286/1286 1247/1247 1285/1285
f 1286/1286 1285/1285 1317/1317
f 1317/1317 1285/1285 1316/1316
f 1316/1316 1285/1285 1284/1284
f 1316/1316 1284/1284 1315/1315
f 1316/1316 1315/1315 1038/1038
f 1038/1038 1315/1315 1037/1037
f 1037/1037 1315/1315 1314/1314
f 1314/1314 1315/1315 1283/1283
f 1314/1314 1283/1283 1282/1282
f 1314/1314 1282/1282 1313/1313
f 1313/1313 1282/1282 1281/1281
f 1313/1313 1281/1281 1312/1312
f 1313/1313 1312/1312 1035/1035
f 1035/1035 1312/1312 1034/1034
f 1034/1034 1312/1312 1311/1311
f 1311/1311 1312/1312 1280/1280
f 1311/1311 1280/1280 1279/1279
f 1311/1311 1279/1279 1310/1310
f 1310/1310 1279/1279 1278/1278
f 1310/1310 1278/1278 1309/1309
f 1310/1310 1309/1309 1032/1032
f 1309/1309 1278/1278 1277/1277
f 1277/1277 1278/1278 1239/1239
f 1277/1277 1239/1239 1238/1238
f 1277/1277 1238/1238 1276/1276
f 1276/1276 1238/1238 1237/1237
f 1237/1237 1238/1238 1198/1198
f 1237/1237 1198/1198 1197/1197
f 1197/1197 1198/1198 1157/1157
f 1197/1197 1157/1157 1156/1156
f 1156/1156 1157/1157 1119/1119
f 1156/1156 1119/1119 1118/1118
f 1119/1119 1157/1157 1120/1120
f 1120/1120 1157/1157 1158/1158
f 1120/1120 1158/1158 1121/1121
f 1121/1121 1158/1158 1159/1159
f 1121/1121 1159/1159 1122/1122
f 1122/1122 1159/1159 1160/1160
f 1122/1122 1160/1160 1123/1123
f 1123/1123 1160/1160 1161/1161
f 1123/1123 1161/1161 1124/1124
f 1124/1124 1161/1161 1162/1162
f 1124/1124 1162/1162 1125/1125
f 1125/1125 1162/1162 1163/1163
f 1125/1125 1163/1163 1126/1126
f 1126/1126 1163/1163 1164/1164
f 1126/1126 1164/1164 1127/1127
f 1127/1127 1164/1164 1165/1165
f 1127/1127 1165/1165 1128/1128
f 1128/1128 1165/1165 1166/1166
f 1128/1128 1166/1166 1129/1129
f 1129/1129 1166/1166 1167/1167
f 1129/1129 1167/1167 1130/1130
f 1130/1130 1167/1167 1168/1168
f 1130/1130 1168/1168 1131/1131
f 1131/1131 1168/1168 1169/1169
f 1131/1131 1169/1169 1132/1132
f 1132/1132 1169/1169 1170/1170
f 1132/1132 1170/1170 1133/1133
f 1133/1133 1170/1170 1171/1171
f 1133/1133 1171/1171 1134/1134
f 1134/1134 1171/1171 1172/1172
f 1134/1134 1172/1172 1135/1135
f 1135/1135 1172/1172 1173/1173
f 1135/1135 1173/1173 1136/1136
f 1136/1136 1173/1173 1174/1174
f 1136/1136 1174/1174 1137/1137
f 1137/1137 1174/1174 1175/1175
f 1137/1137 1175/1175 1138/1138
f 1138/1138 1175/1175 1176/1176
f 1138/1138 1176/1176 1139/1139
f 1139/1139 1176/1176 1177/1177
f 1139/1139 1177/1177 1140/1140
f 1140/1140 1177/1177 1178/1178
f 1140/1140 1178/1178 1141/1141
f 1141/1141 1178/1178 1179/1179
f 1141/1141 1179/1179 1142/1142
f 1142/1142 1179/1179 1180/1180
f 1142/1142 1180/1180 1143/1143
f 1143/1143 1180/1180 1181/1181
f 1143/1143 1181/1181 1144/1144
f 1144/1144 1181/1181 1182/1182
f 1144/1144 1182/1182 1145/1145
f 1145/1145 1182/1182 1183/1183
f 1145/1145 1183/1183 1146/1146
f 1146/1146 1183/1183 1184/1184
f 1146/1146 1184/1184 1147/1147
f 1147/1147 1184/1184 1185/1185
f 1147/1147 1185/1185 1148/1148
f 1148/1148 1185/1185 1186/1186
f 1148/1148 1186/1186 1149/1149
f 1149/1149 1186/1186 1187/1187
f 1149/1149 1187/1187 1150/1150
f 1150/1150 1187/1187 1188/1188
f 1150/1150 1188/1188 1151/1151
f 1151/1151 1188/1188 1189/1189
f 1151/1151 1189/1189 1152/1152
f 1152/1152 1189/1189 1190/1190
f 1152/1152 1190/1190 1153/1153
f 1153/1153 1190/1190 1191/1191
f 1153/1153 1191/1191 1154/1154
f 1154/1154 1191/1191 1192/1192
f 1154/1154 1192/1192 1193/1193
f 1192/1192 1191/1191 1232/1232
f 1232/1232 1191/1191 1231/1231
f 1231/1231 1191/1191 1190/1190
f 1231/1231 1190/1190 1230/1230
f 1231/1231 1230/1230 1270/1270
f 1270/1270 1230/1230 1269/1269
f 1270/1270 1269/1269 1303/1303
f 1303/1303 1269/1269 1302/1302
f 1303/1303 1302/1302 1063/1063
f 1063/1063 1302/1302 1062/1062
f 1054/1054 1055/1055 1300/1300
f 1054/1054 1300/1300 1299/1299
f 1299/1299 1300/1300 1261/1261
f 1299/1299 1261/1261 1260/1260
f 1260/1260 1261/1261 1221/1221
f 1260/1260 1221/1221 1220/1220
f 1260/1260 1220/1220 1259/1259
f 1259/1259 1220/1220 1219/1219
f 1259/1259 1219/1219 1258/1258
f 1258/1258 1219/1219 1218/1218
f 1258/1258 1218/1218 1257/1257
f 1257/1257 1218/1218 1217/1217
f 1257/1257 1217/1217 1256/1256
f 1256/1256 1217/1217 1216/1216
f 1256/1256 1216/1216 1255/1255
f 1256/1256 1255/1255 1294/1294
f 1294/1294 1255/1255 1293/1293
f 1293/1293 1255/1255 1254/1254
f 1293/1293 1254/1254 1292/1292
f 1292/1292 1254/1254 1253/1253
f 1292/1292 1253/1253 1291/1291
f 1292/1292 1291/1291 1323/1323
f 1291/1291 1253/1253 1252/1252
f 1291/1291 1252/1252 1290/1290
f 1290/1290 1252/1252 1251/1251
f 1290/1290 1251/1251 1289/1289
f 1289/1289 1251/1251 1250/1250
f 1250/1250 1251/1251 1211/1211
f 1250/1250 1211/1211 1210/1210
f 1250/1250 1210/1210 1249/1249
f 1249/1249 1210/1210 1209/1209
f 1249/1249 1209/1209 1248/1248
f 1248/1248 1209/1209 1208/1208
f 1248/1248 1208/1208 1247/1247
f 1247/1247 1208/1208 1207/1207
f 1247/1247 1207/1207 1246/1246
f 1247/1247 1246/1246 1285/1285
f 1285/1285 1246/1246 1284/1284
f 1284/1284 1246/1246 1245/1245
f 1284/1284 1245/1245 1283/1283
f 1284/1284 1283/1283 1315/1315
f 1283/1283 1245/1245 1244/1244
f 1283/1283 1244/1244 1282/1282
f 1282/1282 1244/1244 1243/1243
f 1282/1282 1243/1243 1281/1281
f 1281/1281 1243/1243 1242/1242
f 1281/1281 1242/1242 1280/1280
f 1281/1281 1280/1280 1312/1312
f 1280/1280 1242/1242 1241/1241
f 1280/1280 1241/1241 1279/1279
f 1279/1279 1241/1241 1240/1240
f 1279/1279 1240/1240 1278/1278
f 1278/1278 1240/1240 1239/1239
f 1239/1239 1240/1240 1200/1200
f 1239/1239 1200/1200 1199/1199
f 1239/1239 1199/1199 1238/1238
f 1238/1238 1199/1199 1198/1198
f 1198/1198 1199/1199 1158/1158
f 1198/1198 1158/1158 1157/1157
f 1158/1158 1199/1199 1159/1159
f 1159/1159 1199/1199 1200/1200
f 1159/1159 1200/1200 1160/1160
f 1160/1160 1200/1200 1201/1201
f 1160/1160 1201/1201 1161/1161
f 1161/1161 1201/1201 1202/1202
f 1161/1161 1202/1202 1162/1162
f 1162/1162 1202/1202 1203/1203
f 1162/1162 1203/1203 1163/1163
f 1163/1163 1203/1203 1204/1204
f 1163/1163 1204/1204 1164/1164
f 1164/1164 1204/1204 1205/1205
f 1164/1164 1205/1205 1165/1165
f 1165/1165 1205/1205 1206/1206
f 1165/1165 1206/1206 1166/1166
f 1166/1166 1206/1206 1207/1207
f 1166/1166 1207/1207 1167/1167
f 1167/1167 1207/1207 1208/1208
f 1167/1167 1208/1208 1168/1168
f 1168/1168 1208/1208 1209/1209
f 1168/1168 1209/1209 1169/1169
f 1169/1169 1209/1209 1210/1210
f 1169/1169 1210/1210 1170/1170
f 1170/1170 1210/1210 1211/1211
f 1170/1170 1211/1211 1171/1171
f 1171/1171 1211/1211 1212/1212
f 1171/1171 1212/1212 1172/1172
f 1172/1172 1212/1212 1213/1213
f 1172/1172 1213/1213 1173/1173
f 1173/1173 1213/1213 1214/1214
f 1173/1173 1214/1214 1174/1174
f 1174/1174 1214/1214 1215/1215
f 1174/1174 1215/1215 1175/1175
f 1175/1175 1215/1215 1216/1216
f 1175/1175 1216/1216 1176/1176
f 1176/1176 1216/1216 1217/1217
f 1176/1176 1217/1217 1177/1177
f 1177/1177 1217/1217 1218/1218
f 1177/1177 1218/1218 1178/1178
f 1178/1178 1218/1218 1219/1219
f 1178/1178 1219/1219 1179/1179
f 1179/1179 1219/1219 1220/1220
f 1179/1179 1220/1220 1180/1180
f 1180/1180 1220/1220 1221/1221
f 1180/1180 1221/1221 1181/1181
f 1181/1181 1221/1221 1222/1222
f 1181/1181 1222/1222 1182/1182
f 1182/1182 1222/1222 1223/1223
f 1182/1182 1223/1223 1183/1183
f 1183/1183 1223/1223 1224/1224
f 1183/1183 1224/1224 1184/1184
f 1184/1184 1224/1224 1225/1225
f 1184/1184 1225/1225 1185/1185
f 1185/1185 1225/1225 1226/1226
f 1185/1185 1226/1226 1186/1186
f 1186/1186 1226/1226 1227/1227
f 1186/1186 1227/1227 1187/1187
f 1187/1187 1227/1227 1228/1228
f 1187/1187 1228/1228 1188/1188
f 1188/1188 1228/1228 1229/1229
f 1188/1188 1229/1229 1189/1189
f 1189/1189 1229/1229 1230/1230
f 1189/1189 1230/1230 1190/1190
f 1230/1230 1229/1229 1269/1269
f 1269/1269 1229/1229 1268/1268
f 1269/1269 1268/1268 1302/1302
f 1302/1302 1268/1268 1267/1267
f 1302/1302 1267/1267 1061/1061
f 1302/1302 1061/1061 1062/1062
f 1055/1055 1056/1056 1301/1301
f 1055/1055 1301/1301 1300/1300
f 1300/1300 1301/1301 1262/1262
f 1300/1300 1262/1262 1261/1261
f 1261/1261 1262/1262 1222/1222
f 1261/1261 1222/1222 1221/1221
f 1222/1222 1262/1262 1223/1223
f 1223/1223 1262/1262 1263/1263
f 1223/1223 1263/1263 1224/1224
f 1224/1224 1263/1263 1264/1264
f 1224/1224 1264/1264 1225/1225
f 1225/1225 1264/1264 1265/1265
f 1225/1225 1265/1265 1226/1226
f 1226/1226 1265/1265 1266/1266
f 1226/1226 1266/1266 1227/1227
f 1227/1227 1266/1266 1267/1267
f 1227/1227 1267/1267 1228/1228
f 1228/1228 1267/1267 1268/1268
f 1228/1228 1268/1268 1229/1229
f 1267/1267 1266/1266 1061/1061
f 1061/1061 1266/1266 1060/1060
f 1056/1056 1057/1057 1301/1301
f 1301/1301 1057/1057 1263/1263
f 1301/1301 1263/1263 1262/1262
f 1263/1263 1057/1057 1058/1058
f 1263/1263 1058/1058 1264/1264
f 1264/1264 1058/1058 1265/1265
f 1265/1265 1058/1058 1059/1059
f 1265/1265 1059/1059 1060/1060
f 1265/1265 1060/1060 1266/1266
f 1216/1216 1215/1215 1255/1255
f 1255/1255 1215/1215 1254/1254
f 1254/1254 1215/1215 1214/1214
f 1254/1254 1214/1214 1253/1253
f 1253/1253 1214/1214 1213/1213
f 1253/1253 1213/1213 1252/1252
f 1252/1252 1213/1213 1212/1212
f 1252/1252 1212/1212 1251/1251
f 1251/1251 1212/1212 1211/1211
f 1207/1207 1206/1206 1246/1246
f 1246/1246 1206/1206 1245/1245
f 1245/1245 1206/1206 1205/1205
f 1245/1245 1205/1205 1244/1244
f 1244/1244 1205/1205 1204/1204
f 1244/1244 1204/1204 1243/1243
f 1243/1243 1204/1204 1203/1203
f 1243/1243 1203/1203 1242/1242
f 1242/1242 1203/1203 1202/1202
f 1242/1242 1202/1202 1241/1241
f 1241/1241 1202/1202 1201/1201
f 1241/1241 1201/1201 1240/1240
f 1240/1240 1201/1201 1200/1200
