# Kloth Garment Template Generator - Exported Simulated OBJ

g front_panel
usemtl Material_front_panel
v 0.10770 1.36570 -0.09200
v 0.12530 1.35570 -0.09200
v 0.14060 1.34570 -0.09200
v 0.14170 1.32550 -0.05270
v 0.14460 1.30090 -0.02170
v 0.14940 1.28040 0.00440
v 0.15550 1.26120 0.01530
v 0.16210 1.24330 0.00090
v 0.16550 1.22670 -0.00830
v 0.16570 1.21140 -0.00870
v 0.17110 1.19740 -0.02820
v 0.17460 1.18460 -0.05390
v 0.17440 1.15730 -0.05040
v 0.17440 1.13000 -0.05040
v 0.17440 1.10260 -0.05030
v 0.17440 1.07520 -0.05030
v 0.17440 1.04780 -0.05020
v 0.17440 1.02050 -0.05020
v 0.17440 0.99310 -0.05010
v 0.17380 0.96570 -0.04490
v 0.17390 0.93710 -0.04520
v 0.17390 0.90860 -0.04540
v 0.17390 0.88000 -0.04570
v 0.17400 0.85140 -0.04600
v 0.17630 0.82310 -0.04620
v 0.17990 0.79500 -0.04580
v 0.18340 0.76650 -0.05230
v 0.18490 0.73690 -0.05300
v 0.18730 0.70680 -0.05390
v 0.18710 0.67640 -0.05450
v 0.18510 0.64630 -0.05460
v 0.18200 0.61690 -0.05480
v 0.17790 0.58790 -0.05350
v 0.17460 0.55890 -0.05290
v 0.17460 0.52930 -0.05290
v 0.17460 0.49980 -0.05290
v 0.17460 0.47030 -0.05290
v 0.17460 0.44070 -0.05290
v 0.17460 0.41120 -0.05300
v 0.17460 0.38160 -0.05300
v 0.17460 0.35210 -0.05300
v 0.17460 0.32250 -0.05300
v 0.17460 0.29300 -0.05300
v 0.17460 0.26340 -0.05300
v 0.17460 0.23390 -0.05300
v 0.17460 0.20430 -0.05300
v 0.17460 0.17480 -0.05300
v 0.17460 0.14530 -0.05300
v 0.17470 0.11570 -0.05400
v 0.17040 0.11460 -0.02500
v 0.16130 0.11350 0.00280
v 0.14780 0.11240 0.02880
v 0.13010 0.11130 0.05210
v 0.10870 0.11010 0.07210
v 0.08430 0.10900 0.08840
v 0.05750 0.10790 0.10030
v 0.02920 0.10680 0.10750
v 0.00000 0.10570 0.11000
v -0.02920 0.10680 0.10750
v -0.05750 0.10790 0.10030
v -0.08430 0.10900 0.08840
v -0.10870 0.11010 0.07210
v -0.13010 0.11130 0.05210
v -0.14780 0.11240 0.02880
v -0.16130 0.11350 0.00280
v -0.17040 0.11460 -0.02500
v -0.17470 0.11570 -0.05400
v -0.17460 0.14530 -0.05300
v -0.17460 0.17480 -0.05300
v -0.17460 0.20430 -0.05300
v -0.17460 0.23390 -0.05300
v -0.17460 0.26340 -0.05300
v -0.17460 0.29300 -0.05300
v -0.17460 0.32250 -0.05300
v -0.17460 0.35210 -0.05300
v -0.17460 0.38160 -0.05300
v -0.17460 0.41120 -0.05300
v -0.17460 0.44070 -0.05290
v -0.17460 0.47030 -0.05290
v -0.17460 0.49980 -0.05290
v -0.17460 0.52930 -0.05290
v -0.17620 0.55850 -0.05320
v -0.18120 0.58730 -0.05420
v -0.18520 0.61650 -0.05570
v -0.18850 0.64580 -0.05530
v -0.19070 0.67620 -0.05490
v -0.19070 0.70690 -0.05420
v -0.18840 0.73730 -0.05310
v -0.18650 0.76690 -0.05200
v -0.18380 0.79580 -0.04450
v -0.17950 0.82350 -0.04610
v -0.17430 0.85150 -0.04600
v -0.17390 0.88000 -0.04570
v -0.17390 0.90860 -0.04540
v -0.17390 0.93710 -0.04520
v -0.17380 0.96570 -0.04490
v -0.17440 0.99310 -0.05010
v -0.17440 1.02050 -0.05020
v -0.17440 1.04780 -0.05020
v -0.17440 1.07520 -0.05030
v -0.17440 1.10260 -0.05030
v -0.17440 1.13000 -0.05040
v -0.17440 1.15730 -0.05040
v -0.17450 1.18460 -0.05390
v -0.17250 1.19700 -0.02800
v -0.16570 1.21140 -0.00870
v -0.16550 1.22670 -0.00830
v -0.16210 1.24330 0.00090
v -0.15550 1.26120 0.01530
v -0.14940 1.28040 0.00440
v -0.14460 1.30090 -0.02170
v -0.14150 1.32540 -0.05270
v -0.14060 1.34580 -0.09200
v -0.12530 1.35570 -0.09200
v -0.10770 1.36570 -0.09200
v -0.09190 1.32320 -0.04260
v -0.07490 1.28850 0.04040
v -0.05700 1.26150 0.10050
v -0.03840 1.24210 0.10570
v -0.01930 1.23060 0.10890
v 0.00000 1.22670 0.11000
v 0.01930 1.23060 0.10890
v 0.03840 1.24210 0.10570
v 0.05700 1.26150 0.10050
v 0.07490 1.28850 0.04040
v 0.09190 1.32320 -0.04260
v -0.17000 0.13570 -0.02370
v -0.17030 0.16570 -0.02450
v -0.17050 0.19570 -0.02540
v -0.17070 0.22570 -0.02630
v -0.17090 0.25570 -0.02720
v -0.17110 0.28570 -0.02820
v -0.17130 0.31570 -0.02910
v -0.17150 0.34570 -0.03000
v -0.17170 0.37570 -0.03100
v -0.17180 0.40570 -0.03190
v -0.16020 0.13570 0.00540
v -0.16050 0.16570 0.00470
v -0.16080 0.19570 0.00400
v -0.16110 0.22570 0.00320
v -0.16150 0.25570 0.00250
v -0.16180 0.28570 0.00170
v -0.16210 0.31570 0.00100
v -0.16240 0.34570 0.00020
v -0.16270 0.37570 -0.00060
v -0.16300 0.40570 -0.00130
v -0.16330 0.43570 -0.00210
v -0.16360 0.46570 -0.00290
v -0.16390 0.49570 -0.00370
v -0.16420 0.52570 -0.00450
v -0.16990 0.55430 -0.00180
v -0.17400 0.58420 -0.00030
v -0.17740 0.61430 0.00030
v -0.18010 0.64470 0.00210
v -0.18360 0.67560 -0.00380
v -0.18270 0.70670 -0.00350
v -0.18150 0.73660 -0.00500
v -0.17900 0.76700 -0.00580
v -0.17560 0.79760 -0.00720
v -0.17560 0.82650 -0.02420
v -0.14540 0.13570 0.03230
v -0.14580 0.16570 0.03180
v -0.14620 0.19570 0.03120
v -0.14650 0.22570 0.03070
v -0.14690 0.25570 0.03010
v -0.14730 0.28570 0.02950
v -0.14770 0.31570 0.02890
v -0.14800 0.34570 0.02830
v -0.14840 0.37570 0.02770
v -0.14880 0.40570 0.02710
v -0.14920 0.43570 0.02650
v -0.14950 0.46570 0.02590
v -0.14990 0.49570 0.02530
v -0.15030 0.52570 0.02460
v -0.15150 0.55520 0.02570
v -0.15470 0.58450 0.02950
v -0.15720 0.61440 0.03200
v -0.16190 0.64500 0.02890
v -0.16290 0.67570 0.02940
v -0.16180 0.70650 0.02890
v -0.16050 0.73670 0.02700
v -0.15850 0.76640 0.02400
v -0.15480 0.79600 0.01990
v -0.15910 0.82580 0.00850
v -0.16140 0.85570 0.00260
v -0.16390 0.88570 -0.00360
v -0.16620 0.91570 -0.01030
v -0.16850 0.94570 -0.01760
v -0.16970 0.97570 -0.02210
v -0.16880 1.00570 -0.01880
v -0.16790 1.03570 -0.01560
v -0.16690 1.06570 -0.01250
v -0.16600 1.09570 -0.00950
v -0.16500 1.12570 -0.00660
v -0.16290 1.15570 -0.00110
v -0.16290 1.18570 -0.00110
v -0.12620 0.13570 0.05630
v -0.12660 0.16570 0.05590
v -0.12690 0.19570 0.05550
v -0.12730 0.22570 0.05510
v -0.12770 0.25570 0.05470
v -0.12810 0.28570 0.05420
v -0.12850 0.31570 0.05380
v -0.12890 0.34570 0.05340
v -0.12930 0.37570 0.05300
v -0.12970 0.40570 0.05250
v -0.13010 0.43570 0.05210
v -0.13040 0.46570 0.05170
v -0.13080 0.49570 0.05120
v -0.13120 0.52570 0.05080
v -0.13160 0.55570 0.05030
v -0.13210 0.58570 0.04980
v -0.13250 0.61570 0.04940
v -0.13360 0.64560 0.05000
v -0.13460 0.67570 0.05050
v -0.13440 0.70580 0.04910
v -0.13410 0.73570 0.04740
v -0.13450 0.76570 0.04690
v -0.13490 0.79570 0.04640
v -0.14070 0.82570 0.03900
v -0.14370 0.85570 0.03480
v -0.14680 0.88570 0.03030
v -0.14990 0.91570 0.02530
v -0.15300 0.94570 0.01990
v -0.15490 0.97570 0.01650
v -0.15350 1.00570 0.01900
v -0.15220 1.03570 0.02140
v -0.15090 1.06570 0.02370
v -0.14950 1.09570 0.02590
v -0.14820 1.12570 0.02800
v -0.14560 1.15570 0.03210
v -0.14560 1.18570 0.03210
v -0.15500 1.21570 0.01630
v -0.10300 0.13570 0.07650
v -0.10340 0.16570 0.07620
v -0.10370 0.19570 0.07590
v -0.10410 0.22570 0.07570
v -0.10440 0.25570 0.07540
v -0.10480 0.28570 0.07520
v -0.10510 0.31570 0.07490
v -0.10550 0.34570 0.07460
v -0.10590 0.37570 0.07430
v -0.10620 0.40570 0.07410
v -0.10660 0.43570 0.07380
v -0.10700 0.46570 0.07350
v -0.10730 0.49570 0.07320
v -0.10770 0.52570 0.07290
v -0.10810 0.55570 0.07260
v -0.10850 0.58570 0.07230
v -0.10880 0.61570 0.07200
v -0.10920 0.64570 0.07170
v -0.10960 0.67570 0.07140
v -0.11000 0.70570 0.07110
v -0.11040 0.73570 0.07080
v -0.11080 0.76570 0.07050
v -0.11120 0.79570 0.07020
v -0.11680 0.82570 0.06540
v -0.11970 0.85570 0.06260
v -0.12280 0.88570 0.05970
v -0.12610 0.91570 0.05640
v -0.12940 0.94570 0.05280
v -0.13140 0.97570 0.05060
v -0.12990 1.00570 0.05220
v -0.12850 1.03570 0.05380
v -0.12710 1.06570 0.05530
v -0.12570 1.09570 0.05680
v -0.12430 1.12570 0.05820
v -0.12160 1.15570 0.06080
v -0.12160 1.18570 0.06080
v -0.13150 1.21570 0.05040
v -0.13610 1.24570 0.04500
v -0.07670 0.13570 0.09230
v -0.07700 0.16570 0.09210
v -0.07730 0.19570 0.09200
v -0.07760 0.22570 0.09190
v -0.07790 0.25570 0.09170
v -0.07810 0.28570 0.09160
v -0.07840 0.31570 0.09140
v -0.07870 0.34570 0.09130
v -0.07900 0.37570 0.09120
v -0.07930 0.40570 0.09100
v -0.07960 0.43570 0.09090
v -0.07990 0.46570 0.09070
v -0.08020 0.49570 0.09050
v -0.08050 0.52570 0.09040
v -0.08080 0.55570 0.09020
v -0.08110 0.58570 0.09010
v -0.08140 0.61570 0.08990
v -0.08170 0.64570 0.08970
v -0.08200 0.67570 0.08960
v -0.08240 0.70570 0.08940
v -0.08270 0.73570 0.08920
v -0.08300 0.76570 0.08910
v -0.08330 0.79570 0.08890
v -0.08800 0.82570 0.08630
v -0.09050 0.85570 0.08480
v -0.09310 0.88570 0.08320
v -0.09590 0.91570 0.08140
v -0.09880 0.94570 0.07940
v -0.10060 0.97570 0.07820
v -0.09930 1.00570 0.07910
v -0.09800 1.03570 0.08000
v -0.09680 1.06570 0.08080
v -0.09550 1.09570 0.08160
v -0.09430 1.12570 0.08240
v -0.09200 1.15570 0.08380
v -0.09200 1.18570 0.08380
v -0.10070 1.21570 0.07810
v -0.10490 1.24570 0.07510
v -0.10490 1.27570 0.05420
v -0.04810 0.13570 0.10330
v -0.04820 0.16570 0.10320
v -0.04840 0.19570 0.10320
v -0.04860 0.22570 0.10310
v -0.04880 0.25570 0.10310
v -0.04900 0.28570 0.10300
v -0.04920 0.31570 0.10300
v -0.04940 0.34570 0.10290
v -0.04960 0.37570 0.10280
v -0.04970 0.40570 0.10280
v -0.04990 0.43570 0.10270
v -0.05010 0.46570 0.10270
v -0.05030 0.49570 0.10260
v -0.05050 0.52570 0.10250
v -0.05070 0.55570 0.10250
v -0.05090 0.58570 0.10240
v -0.05110 0.61570 0.10240
v -0.05140 0.64570 0.10230
v -0.05160 0.67570 0.10220
v -0.05180 0.70570 0.10220
v -0.05200 0.73570 0.10210
v -0.05220 0.76570 0.10200
v -0.05240 0.79570 0.10200
v -0.05550 0.82570 0.10100
v -0.05720 0.85570 0.10040
v -0.05900 0.88570 0.09980
v -0.06090 0.91570 0.09910
v -0.06290 0.94570 0.09830
v -0.06410 0.97570 0.09780
v -0.06320 1.00570 0.09820
v -0.06230 1.03570 0.09850
v -0.06150 1.06570 0.09880
v -0.06070 1.09570 0.09920
v -0.05980 1.12570 0.09950
v -0.05830 1.15570 0.10000
v -0.05830 1.18570 0.10000
v -0.06420 1.21570 0.09780
v -0.01790 0.13570 0.10910
v -0.01800 0.16570 0.10910
v -0.01800 0.19570 0.10910
v -0.01810 0.22570 0.10910
v -0.01820 0.25570 0.10910
v -0.01830 0.28570 0.10900
v -0.01830 0.31570 0.10900
v -0.01840 0.34570 0.10900
v -0.01850 0.37570 0.10900
v -0.01850 0.40570 0.10900
v -0.01860 0.43570 0.10900
v -0.01870 0.46570 0.10900
v -0.01880 0.49570 0.10900
v -0.01890 0.52570 0.10900
v -0.01890 0.55570 0.10900
v -0.01900 0.58570 0.10900
v -0.01910 0.61570 0.10900
v -0.01920 0.64570 0.10890
v -0.01920 0.67570 0.10890
v -0.01930 0.70570 0.10890
v -0.01940 0.73570 0.10890
v -0.01950 0.76570 0.10890
v -0.01960 0.79570 0.10890
v -0.02080 0.82570 0.10880
v -0.02140 0.85570 0.10870
v -0.02210 0.88570 0.10860
v -0.02280 0.91570 0.10850
v -0.02360 0.94570 0.10840
v -0.02410 0.97570 0.10830
v -0.02380 1.00570 0.10840
v -0.02340 1.03570 0.10840
v -0.02310 1.06570 0.10850
v -0.02280 1.09570 0.10850
v -0.02240 1.12570 0.10860
v -0.02180 1.15570 0.10860
v -0.02180 1.18570 0.10860
v 0.01280 0.13570 0.10950
v 0.01280 0.16570 0.10950
v 0.01290 0.19570 0.10950
v 0.01290 0.22570 0.10950
v 0.01300 0.25570 0.10950
v 0.01310 0.28570 0.10950
v 0.01310 0.31570 0.10950
v 0.01320 0.34570 0.10950
v 0.01320 0.37570 0.10950
v 0.01330 0.40570 0.10950
v 0.01330 0.43570 0.10950
v 0.01340 0.46570 0.10950
v 0.01340 0.49570 0.10950
v 0.01350 0.52570 0.10950
v 0.01350 0.55570 0.10950
v 0.01360 0.58570 0.10950
v 0.01360 0.61570 0.10950
v 0.01370 0.64570 0.10950
v 0.01380 0.67570 0.10950
v 0.01380 0.70570 0.10950
v 0.01390 0.73570 0.10940
v 0.01390 0.76570 0.10940
v 0.01400 0.79570 0.10940
v 0.01480 0.82570 0.10940
v 0.01530 0.85570 0.10930
v 0.01580 0.88570 0.10930
v 0.01630 0.91570 0.10920
v 0.01690 0.94570 0.10920
v 0.01730 0.97570 0.10910
v 0.01700 1.00570 0.10920
v 0.01680 1.03570 0.10920
v 0.01650 1.06570 0.10920
v 0.01630 1.09570 0.10920
v 0.01600 1.12570 0.10930
v 0.01560 1.15570 0.10930
v 0.01560 1.18570 0.10930
v 0.04310 0.13570 0.10460
v 0.04330 0.16570 0.10460
v 0.04340 0.19570 0.10450
v 0.04360 0.22570 0.10450
v 0.04380 0.25570 0.10440
v 0.04390 0.28570 0.10440
v 0.04410 0.31570 0.10430
v 0.04430 0.34570 0.10430
v 0.04450 0.37570 0.10430
v 0.04460 0.40570 0.10420
v 0.04480 0.43570 0.10420
v 0.04500 0.46570 0.10410
v 0.04520 0.49570 0.10410
v 0.04530 0.52570 0.10400
v 0.04550 0.55570 0.10400
v 0.04570 0.58570 0.10390
v 0.04590 0.61570 0.10390
v 0.04610 0.64570 0.10380
v 0.04630 0.67570 0.10380
v 0.04650 0.70570 0.10370
v 0.04670 0.73570 0.10370
v 0.04680 0.76570 0.10360
v 0.04700 0.79570 0.10360
v 0.04980 0.82570 0.10280
v 0.05140 0.85570 0.10230
v 0.05300 0.88570 0.10180
v 0.05470 0.91570 0.10120
v 0.05650 0.94570 0.10060
v 0.05770 0.97570 0.10020
v 0.05680 1.00570 0.10050
v 0.05600 1.03570 0.10080
v 0.05530 1.06570 0.10100
v 0.05450 1.09570 0.10130
v 0.05380 1.12570 0.10150
v 0.05230 1.15570 0.10200
v 0.05230 1.18570 0.10200
v 0.05770 1.21570 0.10020
v 0.07210 0.13570 0.09450
v 0.07240 0.16570 0.09430
v 0.07260 0.19570 0.09420
v 0.07290 0.22570 0.09410
v 0.07320 0.25570 0.09400
v 0.07340 0.28570 0.09390
v 0.07370 0.31570 0.09370
v 0.07400 0.34570 0.09360
v 0.07430 0.37570 0.09350
v 0.07450 0.40570 0.09330
v 0.07480 0.43570 0.09320
v 0.07510 0.46570 0.09310
v 0.07540 0.49570 0.09290
v 0.07570 0.52570 0.09280
v 0.07600 0.55570 0.09270
v 0.07630 0.58570 0.09250
v 0.07650 0.61570 0.09240
v 0.07680 0.64570 0.09220
v 0.07710 0.67570 0.09210
v 0.07740 0.70570 0.09190
v 0.07770 0.73570 0.09180
v 0.07800 0.76570 0.09160
v 0.07840 0.79570 0.09150
v 0.08280 0.82570 0.08920
v 0.08520 0.85570 0.08790
v 0.08770 0.88570 0.08650
v 0.09030 0.91570 0.08490
v 0.09310 0.94570 0.08320
v 0.09480 0.97570 0.08210
v 0.09360 1.00570 0.08290
v 0.09240 1.03570 0.08360
v 0.09120 1.06570 0.08440
v 0.09000 1.09570 0.08510
v 0.08890 1.12570 0.08580
v 0.08670 1.15570 0.08700
v 0.08670 1.18570 0.08700
v 0.09500 1.21570 0.08200
v 0.09900 1.24570 0.07930
v 0.09900 1.27570 0.05790
v 0.09880 0.13570 0.07940
v 0.09920 0.16570 0.07920
v 0.09950 0.19570 0.07890
v 0.09990 0.22570 0.07870
v 0.10020 0.25570 0.07850
v 0.10060 0.28570 0.07820
v 0.10090 0.31570 0.07800
v 0.10130 0.34570 0.07770
v 0.10160 0.37570 0.07750
v 0.10200 0.40570 0.07720
v 0.10230 0.43570 0.07700
v 0.10270 0.46570 0.07670
v 0.10300 0.49570 0.07640
v 0.10340 0.52570 0.07620
v 0.10380 0.55570 0.07590
v 0.10410 0.58570 0.07560
v 0.10450 0.61570 0.07540
v 0.10490 0.64570 0.07510
v 0.10530 0.67570 0.07480
v 0.10560 0.70570 0.07450
v 0.10600 0.73570 0.07420
v 0.10640 0.76570 0.07390
v 0.10680 0.79570 0.07360
v 0.11230 0.82570 0.06920
v 0.11520 0.85570 0.06670
v 0.11820 0.88570 0.06400
v 0.12140 0.91570 0.06100
v 0.12470 0.94570 0.05770
v 0.12670 0.97570 0.05570
v 0.12530 1.00570 0.05720
v 0.12380 1.03570 0.05870
v 0.12240 1.06570 0.06010
v 0.12100 1.09570 0.06140
v 0.11970 1.12570 0.06270
v 0.11700 1.15570 0.06510
v 0.11700 1.18570 0.06510
v 0.12690 1.21570 0.05550
v 0.13140 1.24570 0.05050
v 0.13140 1.27570 0.03270
v 0.12260 0.13570 0.05990
v 0.12290 0.16570 0.05950
v 0.12330 0.19570 0.05920
v 0.12370 0.22570 0.05880
v 0.12410 0.25570 0.05840
v 0.12450 0.28570 0.05800
v 0.12490 0.31570 0.05760
v 0.12520 0.34570 0.05720
v 0.12560 0.37570 0.05680
v 0.12600 0.40570 0.05640
v 0.12640 0.43570 0.05600
v 0.12680 0.46570 0.05560
v 0.12720 0.49570 0.05520
v 0.12760 0.52570 0.05470
v 0.12800 0.55570 0.05430
v 0.12840 0.58570 0.05390
v 0.12880 0.61570 0.05340
v 0.12920 0.64570 0.05300
v 0.12960 0.67570 0.05260
v 0.13010 0.70570 0.05210
v 0.13050 0.73570 0.05160
v 0.13090 0.76570 0.05120
v 0.13130 0.79570 0.05070
v 0.13710 0.82570 0.04370
v 0.14010 0.85570 0.03980
v 0.14330 0.88570 0.03550
v 0.14640 0.91570 0.03080
v 0.14960 0.94570 0.02570
v 0.15150 0.97570 0.02260
v 0.15010 1.00570 0.02490
v 0.14880 1.03570 0.02720
v 0.14740 1.06570 0.02930
v 0.14600 1.09570 0.03140
v 0.14470 1.12570 0.03340
v 0.14200 1.15570 0.03720
v 0.14200 1.18570 0.03720
v 0.15170 1.21570 0.02230
v 0.14250 0.13570 0.03660
v 0.14290 0.16570 0.03600
v 0.14330 0.19570 0.03550
v 0.14360 0.22570 0.03500
v 0.14400 0.25570 0.03440
v 0.14440 0.28570 0.03390
v 0.14480 0.31570 0.03330
v 0.14520 0.34570 0.03270
v 0.14550 0.37570 0.03220
v 0.14590 0.40570 0.03160
v 0.14630 0.43570 0.03100
v 0.14670 0.46570 0.03040
v 0.14710 0.49570 0.02980
v 0.14750 0.52570 0.02920
v 0.14790 0.55570 0.02860
v 0.14950 0.58530 0.03010
v 0.15190 0.61510 0.03240
v 0.15360 0.64520 0.03390
v 0.15680 0.67570 0.03160
v 0.15570 0.70610 0.03080
v 0.15460 0.73630 0.02890
v 0.15200 0.76610 0.02610
v 0.15100 0.79570 0.02350
v 0.15630 0.82570 0.01370
v 0.15890 0.85570 0.00820
v 0.16150 0.88570 0.00230
v 0.16410 0.91570 -0.00420
v 0.16650 0.94570 -0.01110
v 0.16780 0.97570 -0.01550
v 0.16690 1.00570 -0.01230
v 0.16590 1.03570 -0.00920
v 0.16480 1.06570 -0.00620
v 0.16380 1.09570 -0.00340
v 0.16270 1.12570 -0.00060
v 0.16050 1.15570 0.00470
v 0.16050 1.18570 0.00470
v 0.15810 0.13570 0.01010
v 0.15840 0.16570 0.00940
v 0.15870 0.19570 0.00870
v 0.15910 0.22570 0.00800
v 0.15940 0.25570 0.00730
v 0.15970 0.28570 0.00650
v 0.16000 0.31570 0.00580
v 0.16040 0.34570 0.00510
v 0.16070 0.37570 0.00430
v 0.16100 0.40570 0.00360
v 0.16130 0.43570 0.00280
v 0.16160 0.46570 0.00200
v 0.16200 0.49570 0.00130
v 0.16230 0.52570 0.00050
v 0.16460 0.55520 0.00100
v 0.16880 0.58490 0.00250
v 0.17170 0.61490 0.00310
v 0.17420 0.64500 0.00460
v 0.17610 0.67570 0.00550
v 0.17720 0.70630 0.00030
v 0.17620 0.73630 -0.00100
v 0.17380 0.76650 -0.00200
v 0.17070 0.79700 -0.00370
v 0.17160 0.82620 -0.01900
v 0.17070 0.85570 -0.02660
v 0.16880 0.13570 -0.01870
v 0.16900 0.16570 -0.01960
v 0.16920 0.19570 -0.02040
v 0.16950 0.22570 -0.02130
v 0.16970 0.25570 -0.02220
v 0.16990 0.28570 -0.02310
v 0.17010 0.31570 -0.02400
v 0.17030 0.34570 -0.02490
v 0.17050 0.37570 -0.02580
v 0.17080 0.40570 -0.02670
v 0.17100 0.43570 -0.02760
v 0.17120 0.46570 -0.02860
v 0.17140 0.49570 -0.02950
v 0.17160 0.52570 -0.03050
v 0.17370 0.55540 -0.03120
vt 0.65530 1.00000
vt 0.68690 0.99210
vt 0.71840 0.98410
vt 0.72080 0.96580
vt 0.72790 0.94850
vt 0.73970 0.93230
vt 0.75620 0.91710
vt 0.77750 0.90290
vt 0.80350 0.88970
vt 0.83420 0.87760
vt 0.86960 0.86640
vt 0.90970 0.85630
vt 0.90410 0.83460
vt 0.89850 0.81290
vt 0.89300 0.79120
vt 0.88740 0.76940
vt 0.88180 0.74770
vt 0.87620 0.72600
vt 0.87060 0.70430
vt 0.86500 0.68250
vt 0.87820 0.65990
vt 0.89140 0.63720
vt 0.90460 0.61450
vt 0.91770 0.59180
vt 0.93090 0.56920
vt 0.94410 0.54650
vt 0.95730 0.52380
vt 0.95920 0.50040
vt 0.96120 0.47690
vt 0.96310 0.45350
vt 0.96500 0.43000
vt 0.96700 0.40660
vt 0.96890 0.38310
vt 0.97090 0.35970
vt 0.97280 0.33620
vt 0.97480 0.31280
vt 0.97670 0.28930
vt 0.97860 0.26590
vt 0.98060 0.24240
vt 0.98250 0.21900
vt 0.98450 0.19550
vt 0.98640 0.17210
vt 0.98830 0.14860
vt 0.99030 0.12520
vt 0.99220 0.10170
vt 0.99420 0.07830
vt 0.99610 0.05480
vt 0.99810 0.03140
vt 1.00000 0.00790
vt 0.94440 0.00710
vt 0.88890 0.00620
vt 0.83330 0.00530
vt 0.77780 0.00440
vt 0.72220 0.00350
vt 0.66670 0.00260
vt 0.61110 0.00180
vt 0.55560 0.00090
vt 0.50000 0.00000
vt 0.44440 0.00090
vt 0.38890 0.00180
vt 0.33330 0.00260
vt 0.27780 0.00350
vt 0.22220 0.00440
vt 0.16670 0.00530
vt 0.11110 0.00620
vt 0.05560 0.00710
vt 0.00000 0.00790
vt 0.00190 0.03140
vt 0.00390 0.05480
vt 0.00580 0.07830
vt 0.00780 0.10170
vt 0.00970 0.12520
vt 0.01170 0.14860
vt 0.01360 0.17210
vt 0.01550 0.19550
vt 0.01750 0.21900
vt 0.01940 0.24240
vt 0.02140 0.26590
vt 0.02330 0.28930
vt 0.02520 0.31280
vt 0.02720 0.33620
vt 0.02910 0.35970
vt 0.03110 0.38310
vt 0.03300 0.40660
vt 0.03500 0.43000
vt 0.03690 0.45350
vt 0.03880 0.47690
vt 0.04080 0.50040
vt 0.04270 0.52380
vt 0.05590 0.54650
vt 0.06910 0.56920
vt 0.08230 0.59180
vt 0.09540 0.61450
vt 0.10860 0.63720
vt 0.12180 0.65990
vt 0.13500 0.68250
vt 0.12940 0.70430
vt 0.12380 0.72600
vt 0.11820 0.74770
vt 0.11260 0.76940
vt 0.10700 0.79120
vt 0.10150 0.81290
vt 0.09590 0.83460
vt 0.09030 0.85630
vt 0.13040 0.86640
vt 0.16580 0.87760
vt 0.19650 0.88970
vt 0.22250 0.90290
vt 0.24380 0.91710
vt 0.26030 0.93230
vt 0.27210 0.94850
vt 0.27920 0.96580
vt 0.28160 0.98410
vt 0.31310 0.99210
vt 0.34470 1.00000
vt 0.37050 0.96630
vt 0.39640 0.93870
vt 0.42230 0.91730
vt 0.44820 0.90190
vt 0.47410 0.89270
vt 0.50000 0.88970
vt 0.52590 0.89270
vt 0.55180 0.90190
vt 0.57770 0.91730
vt 0.60360 0.93870
vt 0.62950 0.96630
vt 0.05830 0.02380
vt 0.05830 0.04760
vt 0.05830 0.07140
vt 0.05830 0.09520
vt 0.05830 0.11900
vt 0.05830 0.14290
vt 0.05830 0.16670
vt 0.05830 0.19050
vt 0.05830 0.21430
vt 0.05830 0.23810
vt 0.11650 0.02380
vt 0.11650 0.04760
vt 0.11650 0.07140
vt 0.11650 0.09520
vt 0.11650 0.11900
vt 0.11650 0.14290
vt 0.11650 0.16670
vt 0.11650 0.19050
vt 0.11650 0.21430
vt 0.11650 0.23810
vt 0.11650 0.26190
vt 0.11650 0.28570
vt 0.11650 0.30950
vt 0.11650 0.33330
vt 0.11650 0.35710
vt 0.11650 0.38100
vt 0.11650 0.40480
vt 0.11650 0.42860
vt 0.11650 0.45240
vt 0.11650 0.47620
vt 0.11650 0.50000
vt 0.11650 0.52380
vt 0.11650 0.54760
vt 0.11650 0.57140
vt 0.17480 0.02380
vt 0.17480 0.04760
vt 0.17480 0.07140
vt 0.17480 0.09520
vt 0.17480 0.11900
vt 0.17480 0.14290
vt 0.17480 0.16670
vt 0.17480 0.19050
vt 0.17480 0.21430
vt 0.17480 0.23810
vt 0.17480 0.26190
vt 0.17480 0.28570
vt 0.17480 0.30950
vt 0.17480 0.33330
vt 0.17480 0.35710
vt 0.17480 0.38100
vt 0.17480 0.40480
vt 0.17480 0.42860
vt 0.17480 0.45240
vt 0.17480 0.47620
vt 0.17480 0.50000
vt 0.17480 0.52380
vt 0.17480 0.54760
vt 0.17480 0.57140
vt 0.17480 0.59520
vt 0.17480 0.61900
vt 0.17480 0.64290
vt 0.17480 0.66670
vt 0.17480 0.69050
vt 0.17480 0.71430
vt 0.17480 0.73810
vt 0.17480 0.76190
vt 0.17480 0.78570
vt 0.17480 0.80950
vt 0.17480 0.83330
vt 0.17480 0.85710
vt 0.23300 0.02380
vt 0.23300 0.04760
vt 0.23300 0.07140
vt 0.23300 0.09520
vt 0.23300 0.11900
vt 0.23300 0.14290
vt 0.23300 0.16670
vt 0.23300 0.19050
vt 0.23300 0.21430
vt 0.23300 0.23810
vt 0.23300 0.26190
vt 0.23300 0.28570
vt 0.23300 0.30950
vt 0.23300 0.33330
vt 0.23300 0.35710
vt 0.23300 0.38100
vt 0.23300 0.40480
vt 0.23300 0.42860
vt 0.23300 0.45240
vt 0.23300 0.47620
vt 0.23300 0.50000
vt 0.23300 0.52380
vt 0.23300 0.54760
vt 0.23300 0.57140
vt 0.23300 0.59520
vt 0.23300 0.61900
vt 0.23300 0.64290
vt 0.23300 0.66670
vt 0.23300 0.69050
vt 0.23300 0.71430
vt 0.23300 0.73810
vt 0.23300 0.76190
vt 0.23300 0.78570
vt 0.23300 0.80950
vt 0.23300 0.83330
vt 0.23300 0.85710
vt 0.23300 0.88100
vt 0.29130 0.02380
vt 0.29130 0.04760
vt 0.29130 0.07140
vt 0.29130 0.09520
vt 0.29130 0.11900
vt 0.29130 0.14290
vt 0.29130 0.16670
vt 0.29130 0.19050
vt 0.29130 0.21430
vt 0.29130 0.23810
vt 0.29130 0.26190
vt 0.29130 0.28570
vt 0.29130 0.30950
vt 0.29130 0.33330
vt 0.29130 0.35710
vt 0.29130 0.38100
vt 0.29130 0.40480
vt 0.29130 0.42860
vt 0.29130 0.45240
vt 0.29130 0.47620
vt 0.29130 0.50000
vt 0.29130 0.52380
vt 0.29130 0.54760
vt 0.29130 0.57140
vt 0.29130 0.59520
vt 0.29130 0.61900
vt 0.29130 0.64290
vt 0.29130 0.66670
vt 0.29130 0.69050
vt 0.29130 0.71430
vt 0.29130 0.73810
vt 0.29130 0.76190
vt 0.29130 0.78570
vt 0.29130 0.80950
vt 0.29130 0.83330
vt 0.29130 0.85710
vt 0.29130 0.88100
vt 0.29130 0.90480
vt 0.34950 0.02380
vt 0.34950 0.04760
vt 0.34950 0.07140
vt 0.34950 0.09520
vt 0.34950 0.11900
vt 0.34950 0.14290
vt 0.34950 0.16670
vt 0.34950 0.19050
vt 0.34950 0.21430
vt 0.34950 0.23810
vt 0.34950 0.26190
vt 0.34950 0.28570
vt 0.34950 0.30950
vt 0.34950 0.33330
vt 0.34950 0.35710
vt 0.34950 0.38100
vt 0.34950 0.40480
vt 0.34950 0.42860
vt 0.34950 0.45240
vt 0.34950 0.47620
vt 0.34950 0.50000
vt 0.34950 0.52380
vt 0.34950 0.54760
vt 0.34950 0.57140
vt 0.34950 0.59520
vt 0.34950 0.61900
vt 0.34950 0.64290
vt 0.34950 0.66670
vt 0.34950 0.69050
vt 0.34950 0.71430
vt 0.34950 0.73810
vt 0.34950 0.76190
vt 0.34950 0.78570
vt 0.34950 0.80950
vt 0.34950 0.83330
vt 0.34950 0.85710
vt 0.34950 0.88100
vt 0.34950 0.90480
vt 0.34950 0.92860
vt 0.40780 0.02380
vt 0.40780 0.04760
vt 0.40780 0.07140
vt 0.40780 0.09520
vt 0.40780 0.11900
vt 0.40780 0.14290
vt 0.40780 0.16670
vt 0.40780 0.19050
vt 0.40780 0.21430
vt 0.40780 0.23810
vt 0.40780 0.26190
vt 0.40780 0.28570
vt 0.40780 0.30950
vt 0.40780 0.33330
vt 0.40780 0.35710
vt 0.40780 0.38100
vt 0.40780 0.40480
vt 0.40780 0.42860
vt 0.40780 0.45240
vt 0.40780 0.47620
vt 0.40780 0.50000
vt 0.40780 0.52380
vt 0.40780 0.54760
vt 0.40780 0.57140
vt 0.40780 0.59520
vt 0.40780 0.61900
vt 0.40780 0.64290
vt 0.40780 0.66670
vt 0.40780 0.69050
vt 0.40780 0.71430
vt 0.40780 0.73810
vt 0.40780 0.76190
vt 0.40780 0.78570
vt 0.40780 0.80950
vt 0.40780 0.83330
vt 0.40780 0.85710
vt 0.40780 0.88100
vt 0.46600 0.02380
vt 0.46600 0.04760
vt 0.46600 0.07140
vt 0.46600 0.09520
vt 0.46600 0.11900
vt 0.46600 0.14290
vt 0.46600 0.16670
vt 0.46600 0.19050
vt 0.46600 0.21430
vt 0.46600 0.23810
vt 0.46600 0.26190
vt 0.46600 0.28570
vt 0.46600 0.30950
vt 0.46600 0.33330
vt 0.46600 0.35710
vt 0.46600 0.38100
vt 0.46600 0.40480
vt 0.46600 0.42860
vt 0.46600 0.45240
vt 0.46600 0.47620
vt 0.46600 0.50000
vt 0.46600 0.52380
vt 0.46600 0.54760
vt 0.46600 0.57140
vt 0.46600 0.59520
vt 0.46600 0.61900
vt 0.46600 0.64290
vt 0.46600 0.66670
vt 0.46600 0.69050
vt 0.46600 0.71430
vt 0.46600 0.73810
vt 0.46600 0.76190
vt 0.46600 0.78570
vt 0.46600 0.80950
vt 0.46600 0.83330
vt 0.46600 0.85710
vt 0.52430 0.02380
vt 0.52430 0.04760
vt 0.52430 0.07140
vt 0.52430 0.09520
vt 0.52430 0.11900
vt 0.52430 0.14290
vt 0.52430 0.16670
vt 0.52430 0.19050
vt 0.52430 0.21430
vt 0.52430 0.23810
vt 0.52430 0.26190
vt 0.52430 0.28570
vt 0.52430 0.30950
vt 0.52430 0.33330
vt 0.52430 0.35710
vt 0.52430 0.38100
vt 0.52430 0.40480
vt 0.52430 0.42860
vt 0.52430 0.45240
vt 0.52430 0.47620
vt 0.52430 0.50000
vt 0.52430 0.52380
vt 0.52430 0.54760
vt 0.52430 0.57140
vt 0.52430 0.59520
vt 0.52430 0.61900
vt 0.52430 0.64290
vt 0.52430 0.66670
vt 0.52430 0.69050
vt 0.52430 0.71430
vt 0.52430 0.73810
vt 0.52430 0.76190
vt 0.52430 0.78570
vt 0.52430 0.80950
vt 0.52430 0.83330
vt 0.52430 0.85710
vt 0.58250 0.02380
vt 0.58250 0.04760
vt 0.58250 0.07140
vt 0.58250 0.09520
vt 0.58250 0.11900
vt 0.58250 0.14290
vt 0.58250 0.16670
vt 0.58250 0.19050
vt 0.58250 0.21430
vt 0.58250 0.23810
vt 0.58250 0.26190
vt 0.58250 0.28570
vt 0.58250 0.30950
vt 0.58250 0.33330
vt 0.58250 0.35710
vt 0.58250 0.38100
vt 0.58250 0.40480
vt 0.58250 0.42860
vt 0.58250 0.45240
vt 0.58250 0.47620
vt 0.58250 0.50000
vt 0.58250 0.52380
vt 0.58250 0.54760
vt 0.58250 0.57140
vt 0.58250 0.59520
vt 0.58250 0.61900
vt 0.58250 0.64290
vt 0.58250 0.66670
vt 0.58250 0.69050
vt 0.58250 0.71430
vt 0.58250 0.73810
vt 0.58250 0.76190
vt 0.58250 0.78570
vt 0.58250 0.80950
vt 0.58250 0.83330
vt 0.58250 0.85710
vt 0.58250 0.88100
vt 0.64080 0.02380
vt 0.64080 0.04760
vt 0.64080 0.07140
vt 0.64080 0.09520
vt 0.64080 0.11900
vt 0.64080 0.14290
vt 0.64080 0.16670
vt 0.64080 0.19050
vt 0.64080 0.21430
vt 0.64080 0.23810
vt 0.64080 0.26190
vt 0.64080 0.28570
vt 0.64080 0.30950
vt 0.64080 0.33330
vt 0.64080 0.35710
vt 0.64080 0.38100
vt 0.64080 0.40480
vt 0.64080 0.42860
vt 0.64080 0.45240
vt 0.64080 0.47620
vt 0.64080 0.50000
vt 0.64080 0.52380
vt 0.64080 0.54760
vt 0.64080 0.57140
vt 0.64080 0.59520
vt 0.64080 0.61900
vt 0.64080 0.64290
vt 0.64080 0.66670
vt 0.64080 0.69050
vt 0.64080 0.71430
vt 0.64080 0.73810
vt 0.64080 0.76190
vt 0.64080 0.78570
vt 0.64080 0.80950
vt 0.64080 0.83330
vt 0.64080 0.85710
vt 0.64080 0.88100
vt 0.64080 0.90480
vt 0.64080 0.92860
vt 0.69900 0.02380
vt 0.69900 0.04760
vt 0.69900 0.07140
vt 0.69900 0.09520
vt 0.69900 0.11900
vt 0.69900 0.14290
vt 0.69900 0.16670
vt 0.69900 0.19050
vt 0.69900 0.21430
vt 0.69900 0.23810
vt 0.69900 0.26190
vt 0.69900 0.28570
vt 0.69900 0.30950
vt 0.69900 0.33330
vt 0.69900 0.35710
vt 0.69900 0.38100
vt 0.69900 0.40480
vt 0.69900 0.42860
vt 0.69900 0.45240
vt 0.69900 0.47620
vt 0.69900 0.50000
vt 0.69900 0.52380
vt 0.69900 0.54760
vt 0.69900 0.57140
vt 0.69900 0.59520
vt 0.69900 0.61900
vt 0.69900 0.64290
vt 0.69900 0.66670
vt 0.69900 0.69050
vt 0.69900 0.71430
vt 0.69900 0.73810
vt 0.69900 0.76190
vt 0.69900 0.78570
vt 0.69900 0.80950
vt 0.69900 0.83330
vt 0.69900 0.85710
vt 0.69900 0.88100
vt 0.69900 0.90480
vt 0.69900 0.92860
vt 0.75730 0.02380
vt 0.75730 0.04760
vt 0.75730 0.07140
vt 0.75730 0.09520
vt 0.75730 0.11900
vt 0.75730 0.14290
vt 0.75730 0.16670
vt 0.75730 0.19050
vt 0.75730 0.21430
vt 0.75730 0.23810
vt 0.75730 0.26190
vt 0.75730 0.28570
vt 0.75730 0.30950
vt 0.75730 0.33330
vt 0.75730 0.35710
vt 0.75730 0.38100
vt 0.75730 0.40480
vt 0.75730 0.42860
vt 0.75730 0.45240
vt 0.75730 0.47620
vt 0.75730 0.50000
vt 0.75730 0.52380
vt 0.75730 0.54760
vt 0.75730 0.57140
vt 0.75730 0.59520
vt 0.75730 0.61900
vt 0.75730 0.64290
vt 0.75730 0.66670
vt 0.75730 0.69050
vt 0.75730 0.71430
vt 0.75730 0.73810
vt 0.75730 0.76190
vt 0.75730 0.78570
vt 0.75730 0.80950
vt 0.75730 0.83330
vt 0.75730 0.85710
vt 0.75730 0.88100
vt 0.81550 0.02380
vt 0.81550 0.04760
vt 0.81550 0.07140
vt 0.81550 0.09520
vt 0.81550 0.11900
vt 0.81550 0.14290
vt 0.81550 0.16670
vt 0.81550 0.19050
vt 0.81550 0.21430
vt 0.81550 0.23810
vt 0.81550 0.26190
vt 0.81550 0.28570
vt 0.81550 0.30950
vt 0.81550 0.33330
vt 0.81550 0.35710
vt 0.81550 0.38100
vt 0.81550 0.40480
vt 0.81550 0.42860
vt 0.81550 0.45240
vt 0.81550 0.47620
vt 0.81550 0.50000
vt 0.81550 0.52380
vt 0.81550 0.54760
vt 0.81550 0.57140
vt 0.81550 0.59520
vt 0.81550 0.61900
vt 0.81550 0.64290
vt 0.81550 0.66670
vt 0.81550 0.69050
vt 0.81550 0.71430
vt 0.81550 0.73810
vt 0.81550 0.76190
vt 0.81550 0.78570
vt 0.81550 0.80950
vt 0.81550 0.83330
vt 0.81550 0.85710
vt 0.87380 0.02380
vt 0.87380 0.04760
vt 0.87380 0.07140
vt 0.87380 0.09520
vt 0.87380 0.11900
vt 0.87380 0.14290
vt 0.87380 0.16670
vt 0.87380 0.19050
vt 0.87380 0.21430
vt 0.87380 0.23810
vt 0.87380 0.26190
vt 0.87380 0.28570
vt 0.87380 0.30950
vt 0.87380 0.33330
vt 0.87380 0.35710
vt 0.87380 0.38100
vt 0.87380 0.40480
vt 0.87380 0.42860
vt 0.87380 0.45240
vt 0.87380 0.47620
vt 0.87380 0.50000
vt 0.87380 0.52380
vt 0.87380 0.54760
vt 0.87380 0.57140
vt 0.87380 0.59520
vt 0.93200 0.02380
vt 0.93200 0.04760
vt 0.93200 0.07140
vt 0.93200 0.09520
vt 0.93200 0.11900
vt 0.93200 0.14290
vt 0.93200 0.16670
vt 0.93200 0.19050
vt 0.93200 0.21430
vt 0.93200 0.23810
vt 0.93200 0.26190
vt 0.93200 0.28570
vt 0.93200 0.30950
vt 0.93200 0.33330
vt 0.93200 0.35710
f 113/113 112/112 114/114
f 114/114 112/112 116/116
f 114/114 116/116 115/115
f 1/1 126/126 2/2
f 2/2 126/126 4/4
f 2/2 4/4 3/3
f 12/12 11/11 13/13
f 27/27 26/26 629/629
f 27/27 629/629 628/628
f 27/27 628/628 28/28
f 35/35 34/34 647/647
f 35/35 647/647 646/646
f 35/35 646/646 36/36
f 37/37 36/36 645/645
f 37/37 645/645 644/644
f 37/37 644/644 38/38
f 48/48 47/47 634/634
f 48/48 634/634 633/633
f 48/48 633/633 50/50
f 48/48 50/50 49/49
f 54/54 53/53 535/535
f 54/54 535/535 496/496
f 54/54 496/496 55/55
f 56/56 55/55 457/457
f 56/56 457/457 420/420
f 56/56 420/420 57/57
f 58/58 57/57 384/384
f 58/58 384/384 348/348
f 58/58 348/348 59/59
f 60/60 59/59 311/311
f 60/60 311/311 272/272
f 60/60 272/272 61/61
f 62/62 61/61 234/234
f 62/62 234/234 197/197
f 62/62 197/197 63/63
f 67/67 66/66 127/127
f 67/67 127/127 68/68
f 68/68 127/127 128/128
f 68/68 128/128 69/69
f 79/79 78/78 148/148
f 79/79 148/148 149/149
f 79/79 149/149 80/80
f 81/81 80/80 150/150
f 81/81 150/150 151/151
f 81/81 151/151 82/82
f 89/89 88/88 157/157
f 89/89 157/157 158/158
f 89/89 158/158 90/90
f 104/104 103/103 105/105
f 105/105 103/103 196/196
f 105/105 196/196 106/106
f 112/112 111/111 116/116
f 116/116 111/111 310/310
f 116/116 310/310 117/117
f 126/126 125/125 495/495
f 126/126 495/495 5/5
f 126/126 5/5 4/4
f 11/11 10/10 607/607
f 11/11 607/607 13/13
f 13/13 607/607 606/606
f 13/13 606/606 14/14
f 26/26 25/25 630/630
f 26/26 630/630 629/629
f 629/629 630/630 594/594
f 629/629 594/594 593/593
f 629/629 593/593 628/628
f 628/628 593/593 592/592
f 628/628 592/592 627/627
f 628/628 627/627 28/28
f 28/28 627/627 29/29
f 29/29 627/627 30/30
f 31/31 30/30 626/626
f 31/31 626/626 625/625
f 31/31 625/625 32/32
f 33/33 32/32 624/624
f 33/33 624/624 623/623
f 33/33 623/623 647/647
f 33/33 647/647 34/34
f 647/647 623/623 622/622
f 647/647 622/622 646/646
f 646/646 622/622 621/621
f 646/646 621/621 645/645
f 646/646 645/645 36/36
f 645/645 621/621 620/620
f 645/645 620/620 644/644
f 644/644 620/620 619/619
f 644/644 619/619 643/643
f 644/644 643/643 38/38
f 38/38 643/643 39/39
f 40/40 39/39 642/642
f 40/40 642/642 641/641
f 40/40 641/641 41/41
f 42/42 41/41 640/640
f 42/42 640/640 639/639
f 42/42 639/639 43/43
f 44/44 43/43 638/638
f 44/44 638/638 637/637
f 44/44 637/637 45/45
f 46/46 45/45 636/636
f 46/46 636/636 635/635
f 46/46 635/635 47/47
f 47/47 635/635 634/634
f 634/634 635/635 610/610
f 634/634 610/610 609/609
f 634/634 609/609 633/633
f 633/633 609/609 608/608
f 633/633 608/608 51/51
f 633/633 51/51 50/50
f 51/51 608/608 52/52
f 52/52 608/608 572/572
f 52/52 572/572 53/53
f 53/53 572/572 535/535
f 535/535 572/572 536/536
f 535/535 536/536 497/497
f 535/535 497/497 496/496
f 496/496 497/497 458/458
f 496/496 458/458 457/457
f 496/496 457/457 55/55
f 457/457 458/458 421/421
f 457/457 421/421 420/420
f 420/420 421/421 385/385
f 420/420 385/385 384/384
f 420/420 384/384 57/57
f 384/384 385/385 349/349
f 384/384 349/349 348/348
f 348/348 349/349 312/312
f 348/348 312/312 311/311
f 348/348 311/311 59/59
f 311/311 312/312 273/273
f 311/311 273/273 272/272
f 272/272 273/273 235/235
f 272/272 235/235 234/234
f 272/272 234/234 61/61
f 234/234 235/235 198/198
f 234/234 198/198 197/197
f 197/197 198/198 162/162
f 197/197 162/162 161/161
f 197/197 161/161 63/63
f 63/63 161/161 64/64
f 64/64 161/161 137/137
f 64/64 137/137 65/65
f 65/65 137/137 127/127
f 65/65 127/127 66/66
f 127/127 137/137 128/128
f 128/128 137/137 138/138
f 128/128 138/138 129/129
f 128/128 129/129 69/69
f 69/69 129/129 70/70
f 70/70 129/129 130/130
f 70/70 130/130 71/71
f 72/72 71/71 131/131
f 72/72 131/131 132/132
f 72/72 132/132 73/73
f 74/74 73/73 133/133
f 74/74 133/133 134/134
f 74/74 134/134 75/75
f 76/76 75/75 135/135
f 76/76 135/135 136/136
f 76/76 136/136 77/77
f 78/78 77/77 136/136
f 78/78 136/136 147/147
f 78/78 147/147 148/148
f 148/148 147/147 171/171
f 148/148 171/171 172/172
f 148/148 172/172 149/149
f 149/149 172/172 173/173
f 149/149 173/173 150/150
f 149/149 150/150 80/80
f 150/150 173/173 174/174
f 150/150 174/174 151/151
f 151/151 174/174 175/175
f 151/151 175/175 152/152
f 151/151 152/152 82/82
f 82/82 152/152 83/83
f 83/83 152/152 153/153
f 83/83 153/153 84/84
f 85/85 84/84 154/154
f 85/85 154/154 155/155
f 85/85 155/155 86/86
f 87/87 86/86 156/156
f 87/87 156/156 157/157
f 87/87 157/157 88/88
f 157/157 156/156 180/180
f 157/157 180/180 181/181
f 157/157 181/181 158/158
f 158/158 181/181 182/182
f 158/158 182/182 159/159
f 158/158 159/159 90/90
f 90/90 159/159 91/91
f 103/103 102/102 195/195
f 103/103 195/195 196/196
f 196/196 195/195 231/231
f 196/196 231/231 232/232
f 196/196 232/232 233/233
f 196/196 233/233 106/106
f 106/106 233/233 107/107
f 111/111 110/110 310/310
f 310/310 110/110 271/271
f 310/310 271/271 309/309
f 310/310 309/309 118/118
f 310/310 118/118 117/117
f 125/125 124/124 495/495
f 495/495 124/124 494/494
f 495/495 494/494 533/533
f 495/495 533/533 534/534
f 495/495 534/534 5/5
f 5/5 534/534 6/6
f 10/10 9/9 571/571
f 10/10 571/571 607/607
f 607/607 571/571 570/570
f 607/607 570/570 606/606
f 606/606 570/570 569/569
f 606/606 569/569 605/605
f 606/606 605/605 14/14
f 14/14 605/605 15/15
f 25/25 24/24 631/631
f 25/25 631/631 630/630
f 630/630 631/631 595/595
f 630/630 595/595 594/594
f 594/594 595/595 558/558
f 594/594 558/558 557/557
f 594/594 557/557 593/593
f 593/593 557/557 556/556
f 593/593 556/556 592/592
f 592/592 556/556 555/555
f 592/592 555/555 591/591
f 592/592 591/591 627/627
f 627/627 591/591 626/626
f 627/627 626/626 30/30
f 626/626 591/591 590/590
f 626/626 590/590 625/625
f 625/625 590/590 589/589
f 625/625 589/589 624/624
f 625/625 624/624 32/32
f 624/624 589/589 588/588
f 624/624 588/588 623/623
f 623/623 588/588 587/587
f 623/623 587/587 622/622
f 622/622 587/587 586/586
f 622/622 586/586 621/621
f 621/621 586/586 585/585
f 621/621 585/585 620/620
f 620/620 585/585 584/584
f 620/620 584/584 619/619
f 619/619 584/584 583/583
f 619/619 583/583 618/618
f 619/619 618/618 643/643
f 643/643 618/618 642/642
f 643/643 642/642 39/39
f 642/642 618/618 617/617
f 642/642 617/617 641/641
f 641/641 617/617 616/616
f 641/641 616/616 640/640
f 641/641 640/640 41/41
f 640/640 616/616 615/615
f 640/640 615/615 639/639
f 639/639 615/615 614/614
f 639/639 614/614 638/638
f 639/639 638/638 43/43
f 638/638 614/614 613/613
f 638/638 613/613 637/637
f 637/637 613/613 612/612
f 637/637 612/612 636/636
f 637/637 636/636 45/45
f 636/636 612/612 611/611
f 636/636 611/611 635/635
f 635/635 611/611 610/610
f 610/610 611/611 575/575
f 610/610 575/575 574/574
f 610/610 574/574 609/609
f 609/609 574/574 573/573
f 609/609 573/573 608/608
f 608/608 573/573 572/572
f 572/572 573/573 536/536
f 536/536 573/573 537/537
f 536/536 537/537 498/498
f 536/536 498/498 497/497
f 497/497 498/498 459/459
f 497/497 459/459 458/458
f 458/458 459/459 422/422
f 458/458 422/422 421/421
f 421/421 422/422 386/386
f 421/421 386/386 385/385
f 385/385 386/386 350/350
f 385/385 350/350 349/349
f 349/349 350/350 313/313
f 349/349 313/313 312/312
f 312/312 313/313 274/274
f 312/312 274/274 273/273
f 273/273 274/274 236/236
f 273/273 236/236 235/235
f 235/235 236/236 199/199
f 235/235 199/199 198/198
f 198/198 199/199 163/163
f 198/198 163/163 162/162
f 162/162 163/163 139/139
f 162/162 139/139 138/138
f 162/162 138/138 161/161
f 161/161 138/138 137/137
f 138/138 139/139 129/129
f 129/129 139/139 130/130
f 130/130 139/139 140/140
f 130/130 140/140 131/131
f 130/130 131/131 71/71
f 131/131 140/140 141/141
f 131/131 141/141 132/132
f 132/132 141/141 142/142
f 132/132 142/142 133/133
f 132/132 133/133 73/73
f 133/133 142/142 143/143
f 133/133 143/143 134/134
f 134/134 143/143 144/144
f 134/134 144/144 135/135
f 134/134 135/135 75/75
f 135/135 144/144 145/145
f 135/135 145/145 136/136
f 136/136 145/145 146/146
f 136/136 146/146 147/147
f 147/147 146/146 170/170
f 147/147 170/170 171/171
f 171/171 170/170 206/206
f 171/171 206/206 207/207
f 171/171 207/207 172/172
f 172/172 207/207 208/208
f 172/172 208/208 173/173
f 173/173 208/208 209/209
f 173/173 209/209 174/174
f 174/174 209/209 210/210
f 174/174 210/210 175/175
f 175/175 210/210 211/211
f 175/175 211/211 176/176
f 175/175 176/176 152/152
f 152/152 176/176 153/153
f 153/153 176/176 177/177
f 153/153 177/177 154/154
f 153/153 154/154 84/84
f 154/154 177/177 178/178
f 154/154 178/178 155/155
f 155/155 178/178 179/179
f 155/155 179/179 156/156
f 155/155 156/156 86/86
f 156/156 179/179 180/180
f 180/180 179/179 215/215
f 180/180 215/215 216/216
f 180/180 216/216 181/181
f 181/181 216/216 217/217
f 181/181 217/217 182/182
f 182/182 217/217 218/218
f 182/182 218/218 183/183
f 182/182 183/183 159/159
f 159/159 183/183 160/160
f 159/159 160/160 91/91
f 91/91 160/160 92/92
f 102/102 101/101 194/194
f 102/102 194/194 195/195
f 195/195 194/194 230/230
f 195/195 230/230 231/231
f 231/231 230/230 267/267
f 231/231 267/267 268/268
f 231/231 268/268 232/232
f 232/232 268/268 269/269
f 232/232 269/269 233/233
f 233/233 269/269 270/270
f 233/233 270/270 271/271
f 233/233 271/271 108/108
f 233/233 108/108 107/107
f 110/110 109/109 271/271
f 271/271 109/109 108/108
f 271/271 270/270 308/308
f 271/271 308/308 309/309
f 309/309 308/308 347/347
f 309/309 347/347 118/118
f 118/118 347/347 119/119
f 124/124 123/123 494/494
f 494/494 123/123 456/456
f 494/494 456/456 493/493
f 494/494 493/493 532/532
f 494/494 532/532 533/533
f 533/533 532/532 571/571
f 533/533 571/571 8/8
f 533/533 8/8 7/7
f 533/533 7/7 534/534
f 534/534 7/7 6/6
f 9/9 8/8 571/571
f 571/571 532/532 570/570
f 570/570 532/532 531/531
f 570/570 531/531 569/569
f 569/569 531/531 530/530
f 569/569 530/530 568/568
f 569/569 568/568 605/605
f 605/605 568/568 604/604
f 605/605 604/604 15/15
f 15/15 604/604 16/16
f 24/24 23/23 632/632
f 24/24 632/632 631/631
f 631/631 632/632 596/596
f 631/631 596/596 595/595
f 595/595 596/596 559/559
f 595/595 559/559 558/558
f 558/558 559/559 520/520
f 558/558 520/520 519/519
f 558/558 519/519 557/557
f 557/557 519/519 518/518
f 557/557 518/518 556/556
f 556/556 518/518 517/517
f 556/556 517/517 555/555
f 555/555 517/517 516/516
f 555/555 516/516 554/554
f 555/555 554/554 591/591
f 591/591 554/554 590/590
f 590/590 554/554 553/553
f 590/590 553/553 589/589
f 589/589 553/553 552/552
f 589/589 552/552 588/588
f 588/588 552/552 551/551
f 588/588 551/551 587/587
f 587/587 551/551 550/550
f 587/587 550/550 586/586
f 586/586 550/550 549/549
f 586/586 549/549 585/585
f 585/585 549/549 548/548
f 585/585 548/548 584/584
f 584/584 548/548 547/547
f 584/584 547/547 583/583
f 583/583 547/547 546/546
f 583/583 546/546 582/582
f 583/583 582/582 618/618
f 618/618 582/582 617/617
f 617/617 582/582 581/581
f 617/617 581/581 616/616
f 616/616 581/581 580/580
f 616/616 580/580 615/615
f 615/615 580/580 579/579
f 615/615 579/579 614/614
f 614/614 579/579 578/578
f 614/614 578/578 613/613
f 613/613 578/578 577/577
f 613/613 577/577 612/612
f 612/612 577/577 576/576
f 612/612 576/576 611/611
f 611/611 576/576 575/575
f 575/575 576/576 539/539
f 575/575 539/539 538/538
f 575/575 538/538 574/574
f 574/574 538/538 537/537
f 574/574 537/537 573/573
f 537/537 538/538 499/499
f 537/537 499/499 498/498
f 498/498 499/499 460/460
f 498/498 460/460 459/459
f 459/459 460/460 423/423
f 459/459 423/423 422/422
f 422/422 423/423 387/387
f 422/422 387/387 386/386
f 386/386 387/387 351/351
f 386/386 351/351 350/350
f 350/350 351/351 314/314
f 350/350 314/314 313/313
f 313/313 314/314 275/275
f 313/313 275/275 274/274
f 274/274 275/275 237/237
f 274/274 237/237 236/236
f 236/236 237/237 200/200
f 236/236 200/200 199/199
f 199/199 200/200 164/164
f 199/199 164/164 163/163
f 163/163 164/164 140/140
f 163/163 140/140 139/139
f 140/140 164/164 141/141
f 141/141 164/164 165/165
f 141/141 165/165 142/142
f 142/142 165/165 166/166
f 142/142 166/166 143/143
f 143/143 166/166 167/167
f 143/143 167/167 144/144
f 144/144 167/167 168/168
f 144/144 168/168 145/145
f 145/145 168/168 169/169
f 145/145 169/169 146/146
f 146/146 169/169 170/170
f 170/170 169/169 205/205
f 170/170 205/205 206/206
f 206/206 205/205 242/242
f 206/206 242/242 243/243
f 206/206 243/243 207/207
f 207/207 243/243 244/244
f 207/207 244/244 208/208
f 208/208 244/244 245/245
f 208/208 245/245 209/209
f 209/209 245/245 246/246
f 209/209 246/246 210/210
f 210/210 246/246 247/247
f 210/210 247/247 211/211
f 211/211 247/247 248/248
f 211/211 248/248 212/212
f 211/211 212/212 176/176
f 176/176 212/212 177/177
f 177/177 212/212 213/213
f 177/177 213/213 178/178
f 178/178 213/213 214/214
f 178/178 214/214 179/179
f 179/179 214/214 215/215
f 215/215 214/214 251/251
f 215/215 251/251 252/252
f 215/215 252/252 216/216
f 216/216 252/252 253/253
f 216/216 253/253 217/217
f 217/217 253/253 254/254
f 217/217 254/254 218/218
f 218/218 254/254 255/255
f 218/218 255/255 219/219
f 218/218 219/219 183/183
f 183/183 219/219 184/184
f 183/183 184/184 160/160
f 160/160 184/184 185/185
f 160/160 185/185 92/92
f 92/92 185/185 93/93
f 101/101 100/100 193/193
f 101/101 193/193 194/194
f 194/194 193/193 229/229
f 194/194 229/229 230/230
f 230/230 229/229 266/266
f 230/230 266/266 267/267
f 267/267 266/266 304/304
f 267/267 304/304 305/305
f 267/267 305/305 268/268
f 268/268 305/305 306/306
f 268/268 306/306 269/269
f 269/269 306/306 307/307
f 269/269 307/307 270/270
f 270/270 307/307 308/308
f 308/308 307/307 346/346
f 308/308 346/346 347/347
f 347/347 346/346 383/383
f 347/347 383/383 120/120
f 347/347 120/120 119/119
f 123/123 122/122 456/456
f 456/456 122/122 419/419
f 456/456 419/419 455/455
f 456/456 455/455 492/492
f 456/456 492/492 493/493
f 493/493 492/492 531/531
f 493/493 531/531 532/532
f 531/531 492/492 530/530
f 530/530 492/492 491/491
f 530/530 491/491 529/529
f 530/530 529/529 568/568
f 568/568 529/529 567/567
f 568/568 567/567 604/604
f 604/604 567/567 603/603
f 604/604 603/603 16/16
f 16/16 603/603 17/17
f 23/23 22/22 597/597
f 23/23 597/597 632/632
f 632/632 597/597 596/596
f 596/596 597/597 560/560
f 596/596 560/560 559/559
f 559/559 560/560 521/521
f 559/559 521/521 520/520
f 520/520 521/521 482/482
f 520/520 482/482 481/481
f 520/520 481/481 519/519
f 519/519 481/481 480/480
f 519/519 480/480 518/518
f 518/518 480/480 479/479
f 518/518 479/479 517/517
f 517/517 479/479 478/478
f 517/517 478/478 516/516
f 516/516 478/478 477/477
f 516/516 477/477 515/515
f 516/516 515/515 554/554
f 554/554 515/515 553/553
f 553/553 515/515 514/514
f 553/553 514/514 552/552
f 552/552 514/514 513/513
f 552/552 513/513 551/551
f 551/551 513/513 512/512
f 551/551 512/512 550/550
f 550/550 512/512 511/511
f 550/550 511/511 549/549
f 549/549 511/511 510/510
f 549/549 510/510 548/548
f 548/548 510/510 509/509
f 548/548 509/509 547/547
f 547/547 509/509 508/508
f 547/547 508/508 546/546
f 546/546 508/508 507/507
f 546/546 507/507 545/545
f 546/546 545/545 582/582
f 582/582 545/545 581/581
f 581/581 545/545 544/544
f 581/581 544/544 580/580
f 580/580 544/544 543/543
f 580/580 543/543 579/579
f 579/579 543/543 542/542
f 579/579 542/542 578/578
f 578/578 542/542 541/541
f 578/578 541/541 577/577
f 577/577 541/541 540/540
f 577/577 540/540 576/576
f 576/576 540/540 539/539
f 539/539 540/540 501/501
f 539/539 501/501 500/500
f 539/539 500/500 538/538
f 538/538 500/500 499/499
f 499/499 500/500 461/461
f 499/499 461/461 460/460
f 460/460 461/461 424/424
f 460/460 424/424 423/423
f 423/423 424/424 388/388
f 423/423 388/388 387/387
f 387/387 388/388 352/352
f 387/387 352/352 351/351
f 351/351 352/352 315/315
f 351/351 315/315 314/314
f 314/314 315/315 276/276
f 314/314 276/276 275/275
f 275/275 276/276 238/238
f 275/275 238/238 237/237
f 237/237 238/238 201/201
f 237/237 201/201 200/200
f 200/200 201/201 165/165
f 200/200 165/165 164/164
f 165/165 201/201 166/166
f 166/166 201/201 202/202
f 166/166 202/202 167/167
f 167/167 202/202 203/203
f 167/167 203/203 168/168
f 168/168 203/203 204/204
f 168/168 204/204 169/169
f 169/169 204/204 205/205
f 205/205 204/204 241/241
f 205/205 241/241 242/242
f 242/242 241/241 279/279
f 242/242 279/279 280/280
f 242/242 280/280 243/243
f 243/243 280/280 281/281
f 243/243 281/281 244/244
f 244/244 281/281 282/282
f 244/244 282/282 245/245
f 245/245 282/282 283/283
f 245/245 283/283 246/246
f 246/246 283/283 284/284
f 246/246 284/284 247/247
f 247/247 284/284 285/285
f 247/247 285/285 248/248
f 248/248 285/285 286/286
f 248/248 286/286 249/249
f 248/248 249/249 212/212
f 212/212 249/249 213/213
f 213/213 249/249 250/250
f 213/213 250/250 214/214
f 214/214 250/250 251/251
f 251/251 250/250 288/288
f 251/251 288/288 289/289
f 251/251 289/289 252/252
f 252/252 289/289 290/290
f 252/252 290/290 253/253
f 253/253 290/290 291/291
f 253/253 291/291 254/254
f 254/254 291/291 292/292
f 254/254 292/292 255/255
f 255/255 292/292 293/293
f 255/255 293/293 256/256
f 255/255 256/256 219/219
f 219/219 256/256 220/220
f 219/219 220/220 184/184
f 184/184 220/220 185/185
f 185/185 220/220 221/221
f 185/185 221/221 186/186
f 185/185 186/186 93/93
f 93/93 186/186 94/94
f 100/100 99/99 192/192
f 100/100 192/192 193/193
f 193/193 192/192 228/228
f 193/193 228/228 229/229
f 229/229 228/228 265/265
f 229/229 265/265 266/266
f 266/266 265/265 303/303
f 266/266 303/303 304/304
f 304/304 303/303 342/342
f 304/304 342/342 343/343
f 304/304 343/343 305/305
f 305/305 343/343 344/344
f 305/305 344/344 306/306
f 306/306 344/344 345/345
f 306/306 345/345 307/307
f 307/307 345/345 346/346
f 346/346 345/345 382/382
f 346/346 382/382 383/383
f 383/383 382/382 418/418
f 383/383 418/418 419/419
f 383/383 419/419 121/121
f 383/383 121/121 120/120
f 122/122 121/121 419/419
f 419/419 418/418 454/454
f 419/419 454/454 455/455
f 455/455 454/454 491/491
f 455/455 491/491 492/492
f 491/491 454/454 490/490
f 491/491 490/490 529/529
f 529/529 490/490 528/528
f 529/529 528/528 567/567
f 567/567 528/528 566/566
f 567/567 566/566 603/603
f 603/603 566/566 602/602
f 603/603 602/602 17/17
f 17/17 602/602 18/18
f 22/22 21/21 598/598
f 22/22 598/598 597/597
f 597/597 598/598 561/561
f 597/597 561/561 560/560
f 560/560 561/561 522/522
f 560/560 522/522 521/521
f 521/521 522/522 483/483
f 521/521 483/483 482/482
f 482/482 483/483 446/446
f 482/482 446/446 445/445
f 482/482 445/445 481/481
f 481/481 445/445 444/444
f 481/481 444/444 480/480
f 480/480 444/444 443/443
f 480/480 443/443 479/479
f 479/479 443/443 442/442
f 479/479 442/442 478/478
f 478/478 442/442 441/441
f 478/478 441/441 477/477
f 477/477 441/441 440/440
f 477/477 440/440 476/476
f 477/477 476/476 515/515
f 515/515 476/476 514/514
f 514/514 476/476 475/475
f 514/514 475/475 513/513
f 513/513 475/475 474/474
f 513/513 474/474 512/512
f 512/512 474/474 473/473
f 512/512 473/473 511/511
f 511/511 473/473 472/472
f 511/511 472/472 510/510
f 510/510 472/472 471/471
f 510/510 471/471 509/509
f 509/509 471/471 470/470
f 509/509 470/470 508/508
f 508/508 470/470 469/469
f 508/508 469/469 507/507
f 507/507 469/469 468/468
f 507/507 468/468 506/506
f 507/507 506/506 545/545
f 545/545 506/506 544/544
f 544/544 506/506 505/505
f 544/544 505/505 543/543
f 543/543 505/505 504/504
f 543/543 504/504 542/542
f 542/542 504/504 503/503
f 542/542 503/503 541/541
f 541/541 503/503 502/502
f 541/541 502/502 540/540
f 540/540 502/502 501/501
f 501/501 502/502 463/463
f 501/501 463/463 462/462
f 501/501 462/462 500/500
f 500/500 462/462 461/461
f 461/461 462/462 425/425
f 461/461 425/425 424/424
f 424/424 425/425 389/389
f 424/424 389/389 388/388
f 388/388 389/389 353/353
f 388/388 353/353 352/352
f 352/352 353/353 316/316
f 352/352 316/316 315/315
f 315/315 316/316 277/277
f 315/315 277/277 276/276
f 276/276 277/277 239/239
f 276/276 239/239 238/238
f 238/238 239/239 202/202
f 238/238 202/202 201/201
f 202/202 239/239 203/203
f 203/203 239/239 240/240
f 203/203 240/240 204/204
f 204/204 240/240 241/241
f 241/241 240/240 278/278
f 241/241 278/278 279/279
f 279/279 278/278 317/317
f 279/279 317/317 318/318
f 279/279 318/318 280/280
f 280/280 318/318 319/319
f 280/280 319/319 281/281
f 281/281 319/319 320/320
f 281/281 320/320 282/282
f 282/282 320/320 321/321
f 282/282 321/321 283/283
f 283/283 321/321 322/322
f 283/283 322/322 284/284
f 284/284 322/322 323/323
f 284/284 323/323 285/285
f 285/285 323/323 324/324
f 285/285 324/324 286/286
f 286/286 324/324 325/325
f 286/286 325/325 287/287
f 286/286 287/287 249/249
f 249/249 287/287 250/250
f 250/250 287/287 288/288
f 288/288 287/287 326/326
f 288/288 326/326 327/327
f 288/288 327/327 289/289
f 289/289 327/327 328/328
f 289/289 328/328 290/290
f 290/290 328/328 329/329
f 290/290 329/329 291/291
f 291/291 329/329 330/330
f 291/291 330/330 292/292
f 292/292 330/330 331/331
f 292/292 331/331 293/293
f 293/293 331/331 332/332
f 293/293 332/332 294/294
f 293/293 294/294 256/256
f 256/256 294/294 257/257
f 256/256 257/257 220/220
f 220/220 257/257 221/221
f 221/221 257/257 258/258
f 221/221 258/258 222/222
f 221/221 222/222 186/186
f 186/186 222/222 187/187
f 186/186 187/187 94/94
f 94/94 187/187 95/95
f 99/99 98/98 191/191
f 99/99 191/191 192/192
f 192/192 191/191 227/227
f 192/192 227/227 228/228
f 228/228 227/227 264/264
f 228/228 264/264 265/265
f 265/265 264/264 302/302
f 265/265 302/302 303/303
f 303/303 302/302 341/341
f 303/303 341/341 342/342
f 342/342 341/341 378/378
f 342/342 378/378 379/379
f 342/342 379/379 343/343
f 343/343 379/379 380/380
f 343/343 380/380 344/344
f 344/344 380/380 381/381
f 344/344 381/381 345/345
f 345/345 381/381 382/382
f 382/382 381/381 417/417
f 382/382 417/417 418/418
f 418/418 417/417 453/453
f 418/418 453/453 454/454
f 454/454 453/453 490/490
f 490/490 453/453 489/489
f 490/490 489/489 528/528
f 528/528 489/489 527/527
f 528/528 527/527 566/566
f 566/566 527/527 565/565
f 566/566 565/565 602/602
f 602/602 565/565 601/601
f 602/602 601/601 18/18
f 18/18 601/601 19/19
f 21/21 20/20 599/599
f 21/21 599/599 598/598
f 598/598 599/599 562/562
f 598/598 562/562 561/561
f 561/561 562/562 523/523
f 561/561 523/523 522/522
f 522/522 523/523 484/484
f 522/522 484/484 483/483
f 483/483 484/484 447/447
f 483/483 447/447 446/446
f 446/446 447/447 411/411
f 446/446 411/411 410/410
f 446/446 410/410 445/445
f 445/445 410/410 409/409
f 445/445 409/409 444/444
f 444/444 409/409 408/408
f 444/444 408/408 443/443
f 443/443 408/408 407/407
f 443/443 407/407 442/442
f 442/442 407/407 406/406
f 442/442 406/406 441/441
f 441/441 406/406 405/405
f 441/441 405/405 440/440
f 440/440 405/405 404/404
f 440/440 404/404 439/439
f 440/440 439/439 476/476
f 476/476 439/439 475/475
f 475/475 439/439 438/438
f 475/475 438/438 474/474
f 474/474 438/438 437/437
f 474/474 437/437 473/473
f 473/473 437/437 436/436
f 473/473 436/436 472/472
f 472/472 436/436 435/435
f 472/472 435/435 471/471
f 471/471 435/435 434/434
f 471/471 434/434 470/470
f 470/470 434/434 433/433
f 470/470 433/433 469/469
f 469/469 433/433 432/432
f 469/469 432/432 468/468
f 468/468 432/432 431/431
f 468/468 431/431 467/467
f 468/468 467/467 506/506
f 506/506 467/467 505/505
f 505/505 467/467 466/466
f 505/505 466/466 504/504
f 504/504 466/466 465/465
f 504/504 465/465 503/503
f 503/503 465/465 464/464
f 503/503 464/464 502/502
f 502/502 464/464 463/463
f 463/463 464/464 427/427
f 463/463 427/427 426/426
f 463/463 426/426 462/462
f 462/462 426/426 425/425
f 425/425 426/426 390/390
f 425/425 390/390 389/389
f 389/389 390/390 354/354
f 389/389 354/354 353/353
f 353/353 354/354 317/317
f 353/353 317/317 316/316
f 316/316 317/317 278/278
f 316/316 278/278 277/277
f 277/277 278/278 240/240
f 277/277 240/240 239/239
f 317/317 354/354 318/318
f 318/318 354/354 355/355
f 318/318 355/355 319/319
f 319/319 355/355 356/356
f 319/319 356/356 320/320
f 320/320 356/356 357/357
f 320/320 357/357 321/321
f 321/321 357/357 358/358
f 321/321 358/358 322/322
f 322/322 358/358 359/359
f 322/322 359/359 323/323
f 323/323 359/359 360/360
f 323/323 360/360 324/324
f 324/324 360/360 361/361
f 324/324 361/361 325/325
f 325/325 361/361 362/362
f 325/325 362/362 326/326
f 325/325 326/326 287/287
f 326/326 362/362 363/363
f 326/326 363/363 327/327
f 327/327 363/363 364/364
f 327/327 364/364 328/328
f 328/328 364/364 365/365
f 328/328 365/365 329/329
f 329/329 365/365 366/366
f 329/329 366/366 330/330
f 330/330 366/366 367/367
f 330/330 367/367 331/331
f 331/331 367/367 368/368
f 331/331 368/368 332/332
f 332/332 368/368 369/369
f 332/332 369/369 333/333
f 332/332 333/333 294/294
f 294/294 333/333 295/295
f 294/294 295/295 257/257
f 257/257 295/295 258/258
f 258/258 295/295 296/296
f 258/258 296/296 259/259
f 258/258 259/259 222/222
f 222/222 259/259 223/223
f 222/222 223/223 187/187
f 187/187 223/223 188/188
f 187/187 188/188 95/95
f 95/95 188/188 96/96
f 98/98 97/97 190/190
f 98/98 190/190 191/191
f 191/191 190/190 226/226
f 191/191 226/226 227/227
f 227/227 226/226 263/263
f 227/227 263/263 264/264
f 264/264 263/263 301/301
f 264/264 301/301 302/302
f 302/302 301/301 340/340
f 302/302 340/340 341/341
f 341/341 340/340 377/377
f 341/341 377/377 378/378
f 378/378 377/377 413/413
f 378/378 413/413 414/414
f 378/378 414/414 379/379
f 379/379 414/414 415/415
f 379/379 415/415 380/380
f 380/380 415/415 416/416
f 380/380 416/416 381/381
f 381/381 416/416 417/417
f 417/417 416/416 452/452
f 417/417 452/452 453/453
f 453/453 452/452 489/489
f 489/489 452/452 488/488
f 489/489 488/488 527/527
f 527/527 488/488 526/526
f 527/527 526/526 565/565
f 565/565 526/526 564/564
f 565/565 564/564 601/601
f 601/601 564/564 600/600
f 601/601 600/600 19/19
f 19/19 600/600 20/20
f 20/20 600/600 599/599
f 599/599 600/600 563/563
f 599/599 563/563 562/562
f 562/562 563/563 524/524
f 562/562 524/524 523/523
f 523/523 524/524 485/485
f 523/523 485/485 484/484
f 484/484 485/485 448/448
f 484/484 448/448 447/447
f 447/447 448/448 412/412
f 447/447 412/412 411/411
f 411/411 412/412 376/376
f 411/411 376/376 375/375
f 411/411 375/375 410/410
f 410/410 375/375 374/374
f 410/410 374/374 409/409
f 409/409 374/374 373/373
f 409/409 373/373 408/408
f 408/408 373/373 372/372
f 408/408 372/372 407/407
f 407/407 372/372 371/371
f 407/407 371/371 406/406
f 406/406 371/371 370/370
f 406/406 370/370 405/405
f 405/405 370/370 369/369
f 405/405 369/369 404/404
f 404/404 369/369 368/368
f 404/404 368/368 403/403
f 404/404 403/403 439/439
f 439/439 403/403 438/438
f 438/438 403/403 402/402
f 438/438 402/402 437/437
f 437/437 402/402 401/401
f 437/437 401/401 436/436
f 436/436 401/401 400/400
f 436/436 400/400 435/435
f 435/435 400/400 399/399
f 435/435 399/399 434/434
f 434/434 399/399 398/398
f 434/434 398/398 433/433
f 433/433 398/398 397/397
f 433/433 397/397 432/432
f 432/432 397/397 396/396
f 432/432 396/396 431/431
f 431/431 396/396 395/395
f 431/431 395/395 430/430
f 431/431 430/430 467/467
f 467/467 430/430 466/466
f 466/466 430/430 429/429
f 466/466 429/429 465/465
f 465/465 429/429 428/428
f 465/465 428/428 464/464
f 464/464 428/428 427/427
f 427/427 428/428 392/392
f 427/427 392/392 391/391
f 427/427 391/391 426/426
f 426/426 391/391 390/390
f 390/390 391/391 355/355
f 390/390 355/355 354/354
f 355/355 391/391 356/356
f 356/356 391/391 392/392
f 356/356 392/392 357/357
f 357/357 392/392 393/393
f 357/357 393/393 358/358
f 358/358 393/393 394/394
f 358/358 394/394 359/359
f 359/359 394/394 395/395
f 359/359 395/395 360/360
f 360/360 395/395 396/396
f 360/360 396/396 361/361
f 361/361 396/396 397/397
f 361/361 397/397 362/362
f 362/362 397/397 398/398
f 362/362 398/398 363/363
f 363/363 398/398 399/399
f 363/363 399/399 364/364
f 364/364 399/399 400/400
f 364/364 400/400 365/365
f 365/365 400/400 401/401
f 365/365 401/401 366/366
f 366/366 401/401 402/402
f 366/366 402/402 367/367
f 367/367 402/402 403/403
f 367/367 403/403 368/368
f 395/395 394/394 430/430
f 430/430 394/394 429/429
f 429/429 394/394 393/393
f 429/429 393/393 428/428
f 428/428 393/393 392/392
f 369/369 370/370 333/333
f 333/333 370/370 334/334
f 333/333 334/334 295/295
f 295/295 334/334 296/296
f 296/296 334/334 335/335
f 296/296 335/335 297/297
f 296/296 297/297 259/259
f 259/259 297/297 260/260
f 259/259 260/260 223/223
f 223/223 260/260 224/224
f 223/223 224/224 188/188
f 188/188 224/224 189/189
f 188/188 189/189 96/96
f 96/96 189/189 97/97
f 97/97 189/189 190/190
f 190/190 189/189 225/225
f 190/190 225/225 226/226
f 226/226 225/225 262/262
f 226/226 262/262 263/263
f 263/263 262/262 300/300
f 263/263 300/300 301/301
f 301/301 300/300 339/339
f 301/301 339/339 340/340
f 340/340 339/339 376/376
f 340/340 376/376 377/377
f 377/377 376/376 412/412
f 377/377 412/412 413/413
f 413/413 412/412 448/448
f 413/413 448/448 449/449
f 413/413 449/449 414/414
f 414/414 449/449 450/450
f 414/414 450/450 415/415
f 415/415 450/450 451/451
f 415/415 451/451 416/416
f 416/416 451/451 452/452
f 452/452 451/451 488/488
f 488/488 451/451 487/487
f 488/488 487/487 526/526
f 526/526 487/487 525/525
f 526/526 525/525 564/564
f 564/564 525/525 563/563
f 564/564 563/563 600/600
f 563/563 525/525 524/524
f 524/524 525/525 486/486
f 524/524 486/486 485/485
f 485/485 486/486 449/449
f 485/485 449/449 448/448
f 449/449 486/486 450/450
f 450/450 486/486 487/487
f 450/450 487/487 451/451
f 487/487 486/486 525/525
f 376/376 339/339 375/375
f 375/375 339/339 338/338
f 375/375 338/338 374/374
f 374/374 338/338 337/337
f 374/374 337/337 373/373
f 373/373 337/337 336/336
f 373/373 336/336 372/372
f 372/372 336/336 335/335
f 372/372 335/335 371/371
f 371/371 335/335 334/334
f 371/371 334/334 370/370
f 335/335 336/336 297/297
f 297/297 336/336 298/298
f 297/297 298/298 260/260
f 260/260 298/298 261/261
f 260/260 261/261 224/224
f 224/224 261/261 225/225
f 224/224 225/225 189/189
f 225/225 261/261 262/262
f 262/262 261/261 299/299
f 262/262 299/299 300/300
f 300/300 299/299 338/338
f 300/300 338/338 339/339
f 338/338 299/299 337/337
f 337/337 299/299 298/298
f 337/337 298/298 336/336
f 298/298 299/299 261/261

g back_left_panel
usemtl Material_back_left_panel
v 0.00000 1.22870 -0.24000
v -0.02310 1.23420 -0.23850
v -0.04590 1.25060 -0.23390
v -0.06780 1.27800 -0.20960
v -0.09320 1.32870 -0.16700
v -0.10770 1.36570 -0.11800
v -0.12530 1.35570 -0.11800
v -0.14060 1.34570 -0.11800
v -0.14660 1.32970 -0.13890
v -0.15140 1.30710 -0.15390
v -0.15690 1.28540 -0.16100
v -0.16560 1.26590 -0.16230
v -0.17370 1.24210 -0.16190
v -0.18080 1.21080 -0.15280
v -0.17220 1.19480 -0.14190
v -0.16780 1.17400 -0.09430
v -0.16900 1.18100 -0.07370
v -0.17440 1.15730 -0.07960
v -0.17440 1.13000 -0.07960
v -0.17440 1.10260 -0.07970
v -0.17440 1.07520 -0.07970
v -0.17440 1.04780 -0.07980
v -0.17440 1.02050 -0.07980
v -0.17440 0.99310 -0.07990
v -0.17380 0.96570 -0.08510
v -0.17390 0.93710 -0.08480
v -0.17390 0.90860 -0.08460
v -0.17390 0.88000 -0.08430
v -0.17400 0.85140 -0.08400
v -0.17620 0.82300 -0.08430
v -0.17610 0.79440 -0.08420
v -0.18020 0.76620 -0.07820
v -0.18340 0.73710 -0.07960
v -0.18610 0.70660 -0.08240
v -0.18630 0.67580 -0.08370
v -0.18370 0.64600 -0.08280
v -0.18080 0.61700 -0.08160
v -0.17620 0.58820 -0.07800
v -0.17460 0.55890 -0.07710
v -0.17460 0.52930 -0.07710
v -0.17460 0.49980 -0.07710
v -0.17460 0.47030 -0.07710
v -0.17460 0.44070 -0.07710
v -0.17460 0.41120 -0.07700
v -0.17460 0.38160 -0.07700
v -0.17460 0.35210 -0.07700
v -0.17460 0.32250 -0.07700
v -0.17460 0.29300 -0.07700
v -0.17460 0.26340 -0.07700
v -0.17460 0.23390 -0.07700
v -0.17460 0.20430 -0.07700
v -0.17460 0.17480 -0.07700
v -0.17460 0.14530 -0.07700
v -0.17470 0.11570 -0.07600
v -0.17040 0.11350 -0.10500
v -0.16130 0.11130 -0.13280
v -0.14780 0.10900 -0.15880
v -0.13010 0.10680 -0.18210
v -0.10870 0.10460 -0.20210
v -0.08430 0.10240 -0.21840
v -0.05750 0.10010 -0.23030
v -0.02920 0.09790 -0.23750
v 0.00000 0.09570 -0.24000
v 0.00000 0.12550 -0.24000
v 0.00000 0.15530 -0.24000
v 0.00000 0.18520 -0.24000
v 0.00000 0.21500 -0.24000
v 0.00000 0.24480 -0.24000
v 0.00000 0.27460 -0.24000
v 0.00000 0.30440 -0.24000
v 0.00000 0.33420 -0.24000
v 0.00000 0.36400 -0.24000
v 0.00000 0.39390 -0.24000
v 0.00000 0.42370 -0.24000
v 0.00000 0.45350 -0.24000
v 0.00000 0.48330 -0.24000
v 0.00000 0.51310 -0.24000
v 0.00000 0.54290 -0.24000
v 0.00000 0.57280 -0.24000
v 0.00000 0.60260 -0.24000
v 0.00000 0.63240 -0.24000
v 0.00000 0.66220 -0.24000
v 0.00000 0.69200 -0.24000
v 0.00000 0.72180 -0.24000
v 0.00000 0.75170 -0.24000
v 0.00000 0.78150 -0.24000
v 0.00000 0.81130 -0.24000
v 0.00000 0.84110 -0.24000
v 0.00000 0.87090 -0.24000
v 0.00000 0.90070 -0.24000
v 0.00000 0.93050 -0.24000
v 0.00000 0.96040 -0.24000
v 0.00000 0.99020 -0.24000
v 0.00000 1.02000 -0.24000
v 0.00000 1.04980 -0.24000
v 0.00000 1.07960 -0.24000
v 0.00000 1.10940 -0.24000
v 0.00000 1.13930 -0.24000
v 0.00000 1.16910 -0.24000
v 0.00000 1.19890 -0.24000
v -0.17030 0.15570 -0.10550
v -0.17050 0.18570 -0.10460
v -0.17070 0.21570 -0.10370
v -0.17090 0.24570 -0.10280
v -0.17110 0.27570 -0.10180
v -0.17130 0.30570 -0.10090
v -0.17150 0.33570 -0.10000
v -0.17170 0.36570 -0.09900
v -0.17180 0.39570 -0.09810
v -0.16050 0.15570 -0.13470
v -0.16080 0.18570 -0.13400
v -0.16110 0.21570 -0.13320
v -0.16150 0.24570 -0.13250
v -0.16180 0.27570 -0.13170
v -0.16210 0.30570 -0.13100
v -0.16240 0.33570 -0.13020
v -0.16270 0.36570 -0.12940
v -0.16300 0.39570 -0.12870
v -0.16330 0.42570 -0.12790
v -0.16360 0.45570 -0.12710
v -0.16390 0.48570 -0.12630
v -0.16420 0.51570 -0.12550
v -0.16450 0.54570 -0.12460
v -0.16480 0.57570 -0.12380
v -0.16510 0.60570 -0.12300
v -0.16540 0.63570 -0.12210
v -0.16570 0.66570 -0.12130
v -0.16600 0.69570 -0.12040
v -0.16660 0.72570 -0.11970
v -0.16660 0.75570 -0.11860
v -0.16690 0.78570 -0.11770
v -0.16870 0.81570 -0.11140
v -0.14580 0.15570 -0.16180
v -0.14620 0.18570 -0.16120
v -0.14650 0.21570 -0.16070
v -0.14690 0.24570 -0.16010
v -0.14730 0.27570 -0.15950
v -0.14770 0.30570 -0.15890
v -0.14800 0.33570 -0.15830
v -0.14840 0.36570 -0.15770
v -0.14880 0.39570 -0.15710
v -0.14920 0.42570 -0.15650
v -0.14950 0.45570 -0.15590
v -0.14990 0.48570 -0.15530
v -0.15030 0.51570 -0.15460
v -0.15070 0.54570 -0.15400
v -0.15110 0.57570 -0.15330
v -0.15140 0.60570 -0.15270
v -0.15180 0.63570 -0.15200
v -0.15220 0.66570 -0.15140
v -0.15260 0.69570 -0.15070
v -0.15300 0.72570 -0.15000
v -0.15330 0.75570 -0.14930
v -0.15370 0.78570 -0.14860
v -0.15630 0.81570 -0.14370
v -0.15890 0.84570 -0.13840
v -0.16140 0.87570 -0.13260
v -0.16390 0.90570 -0.12640
v -0.16620 0.93570 -0.11970
v -0.16850 0.96570 -0.11240
v -0.16880 0.99570 -0.11120
v -0.16790 1.02570 -0.11440
v -0.16690 1.05570 -0.11750
v -0.16600 1.08570 -0.12050
v -0.16500 1.11570 -0.12340
v -0.16400 1.14570 -0.12620
v -0.17150 1.17250 -0.13320
v -0.12660 0.15570 -0.18590
v -0.12690 0.18570 -0.18550
v -0.12730 0.21570 -0.18510
v -0.12770 0.24570 -0.18470
v -0.12810 0.27570 -0.18420
v -0.12850 0.30570 -0.18380
v -0.12890 0.33570 -0.18340
v -0.12930 0.36570 -0.18300
v -0.12970 0.39570 -0.18250
v -0.13010 0.42570 -0.18210
v -0.13040 0.45570 -0.18170
v -0.13080 0.48570 -0.18120
v -0.13120 0.51570 -0.18080
v -0.13160 0.54570 -0.18030
v -0.13210 0.57570 -0.17980
v -0.13250 0.60570 -0.17940
v -0.13290 0.63570 -0.17890
v -0.13330 0.66570 -0.17840
v -0.13370 0.69570 -0.17790
v -0.13410 0.72570 -0.17740
v -0.13450 0.75570 -0.17690
v -0.13490 0.78570 -0.17640
v -0.13780 0.81570 -0.17290
v -0.14070 0.84570 -0.16900
v -0.14370 0.87570 -0.16480
v -0.14680 0.90570 -0.16030
v -0.14990 0.93570 -0.15530
v -0.15300 0.96570 -0.14990
v -0.15350 0.99570 -0.14900
v -0.15220 1.02570 -0.15140
v -0.15090 1.05570 -0.15370
v -0.14950 1.08570 -0.15590
v -0.14820 1.11570 -0.15800
v -0.14690 1.14570 -0.16010
v -0.14610 1.17530 -0.16290
v -0.15130 1.20410 -0.16880
v -0.10300 0.12570 -0.20650
v -0.10340 0.15570 -0.20620
v -0.10370 0.18570 -0.20590
v -0.10410 0.21570 -0.20570
v -0.10440 0.24570 -0.20540
v -0.10480 0.27570 -0.20520
v -0.10510 0.30570 -0.20490
v -0.10550 0.33570 -0.20460
v -0.10590 0.36570 -0.20430
v -0.10620 0.39570 -0.20410
v -0.10660 0.42570 -0.20380
v -0.10700 0.45570 -0.20350
v -0.10730 0.48570 -0.20320
v -0.10770 0.51570 -0.20290
v -0.10810 0.54570 -0.20260
v -0.10850 0.57570 -0.20230
v -0.10880 0.60570 -0.20200
v -0.10920 0.63570 -0.20170
v -0.10960 0.66570 -0.20140
v -0.11000 0.69570 -0.20110
v -0.11040 0.72570 -0.20080
v -0.11080 0.75570 -0.20050
v -0.11120 0.78570 -0.20020
v -0.11390 0.81570 -0.19790
v -0.11680 0.84570 -0.19540
v -0.11970 0.87570 -0.19260
v -0.12280 0.90570 -0.18970
v -0.12610 0.93570 -0.18640
v -0.12940 0.96570 -0.18280
v -0.12990 0.99570 -0.18220
v -0.12850 1.02570 -0.18380
v -0.12710 1.05570 -0.18530
v -0.12570 1.08570 -0.18680
v -0.12430 1.11570 -0.18820
v -0.12290 1.14570 -0.18950
v -0.12160 1.17570 -0.19080
v -0.12220 1.20570 -0.19030
v -0.13820 1.23560 -0.17920
v -0.13730 1.26630 -0.17760
v -0.07670 0.12570 -0.22230
v -0.07700 0.15570 -0.22210
v -0.07730 0.18570 -0.22200
v -0.07760 0.21570 -0.22190
v -0.07790 0.24570 -0.22170
v -0.07810 0.27570 -0.22160
v -0.07840 0.30570 -0.22140
v -0.07870 0.33570 -0.22130
v -0.07900 0.36570 -0.22120
v -0.07930 0.39570 -0.22100
v -0.07960 0.42570 -0.22090
v -0.07990 0.45570 -0.22070
v -0.08020 0.48570 -0.22050
v -0.08050 0.51570 -0.22040
v -0.08080 0.54570 -0.22020
v -0.08110 0.57570 -0.22010
v -0.08140 0.60570 -0.21990
v -0.08170 0.63570 -0.21970
v -0.08200 0.66570 -0.21960
v -0.08240 0.69570 -0.21940
v -0.08270 0.72570 -0.21920
v -0.08300 0.75570 -0.21910
v -0.08330 0.78570 -0.21890
v -0.08560 0.81570 -0.21760
v -0.08800 0.84570 -0.21630
v -0.09050 0.87570 -0.21480
v -0.09310 0.90570 -0.21320
v -0.09590 0.93570 -0.21140
v -0.09880 0.96570 -0.20940
v -0.09930 0.99570 -0.20910
v -0.09800 1.02570 -0.21000
v -0.09680 1.05570 -0.21080
v -0.09550 1.08570 -0.21160
v -0.09430 1.11570 -0.21240
v -0.09320 1.14570 -0.21310
v -0.09200 1.17570 -0.21380
v -0.09250 1.20570 -0.21350
v -0.10490 1.23570 -0.20510
v -0.10490 1.26570 -0.20510
v -0.10670 1.29870 -0.17940
v -0.04810 0.12570 -0.23330
v -0.04820 0.15570 -0.23320
v -0.04840 0.18570 -0.23320
v -0.04860 0.21570 -0.23310
v -0.04880 0.24570 -0.23310
v -0.04900 0.27570 -0.23300
v -0.04920 0.30570 -0.23300
v -0.04940 0.33570 -0.23290
v -0.04960 0.36570 -0.23280
v -0.04970 0.39570 -0.23280
v -0.04990 0.42570 -0.23270
v -0.05010 0.45570 -0.23270
v -0.05030 0.48570 -0.23260
v -0.05050 0.51570 -0.23250
v -0.05070 0.54570 -0.23250
v -0.05090 0.57570 -0.23240
v -0.05110 0.60570 -0.23240
v -0.05140 0.63570 -0.23230
v -0.05160 0.66570 -0.23220
v -0.05180 0.69570 -0.23220
v -0.05200 0.72570 -0.23210
v -0.05220 0.75570 -0.23200
v -0.05240 0.78570 -0.23200
v -0.05390 0.81570 -0.23150
v -0.05550 0.84570 -0.23100
v -0.05720 0.87570 -0.23040
v -0.05900 0.90570 -0.22980
v -0.06090 0.93570 -0.22910
v -0.06290 0.96570 -0.22830
v -0.06320 0.99570 -0.22820
v -0.06230 1.02570 -0.22850
v -0.06150 1.05570 -0.22880
v -0.06070 1.08570 -0.22920
v -0.05980 1.11570 -0.22950
v -0.05900 1.14570 -0.22970
v -0.05830 1.17570 -0.23000
v -0.05860 1.20570 -0.22990
v -0.06710 1.23570 -0.22660
vt 1.00000 0.89210
vt 0.93790 0.89640
vt 0.87570 0.90940
vt 0.81360 0.93100
vt 0.75150 0.96120
vt 0.68930 1.00000
vt 0.62620 0.99210
vt 0.56310 0.98430
vt 0.55840 0.96610
vt 0.54420 0.94900
vt 0.52060 0.93280
vt 0.48750 0.91770
vt 0.44500 0.90360
vt 0.39310 0.89060
vt 0.33170 0.87850
vt 0.26090 0.86750
vt 0.18060 0.85750
vt 0.19170 0.83590
vt 0.20290 0.81440
vt 0.21410 0.79280
vt 0.22520 0.77130
vt 0.23640 0.74970
vt 0.24760 0.72810
vt 0.25880 0.70660
vt 0.26990 0.68500
vt 0.24350 0.66250
vt 0.21720 0.64000
vt 0.19080 0.61760
vt 0.16450 0.59500
vt 0.13810 0.57260
vt 0.11180 0.55010
vt 0.08540 0.52760
vt 0.08160 0.50430
vt 0.07770 0.48100
vt 0.07380 0.45780
vt 0.06990 0.43450
vt 0.06600 0.41120
vt 0.06210 0.38800
vt 0.05830 0.36470
vt 0.05440 0.34140
vt 0.05050 0.31820
vt 0.04660 0.29490
vt 0.04270 0.27170
vt 0.03880 0.24840
vt 0.03500 0.22510
vt 0.03110 0.20190
vt 0.02720 0.17860
vt 0.02330 0.15530
vt 0.01940 0.13210
vt 0.01550 0.10880
vt 0.01170 0.08550
vt 0.00780 0.06230
vt 0.00390 0.03900
vt 0.00000 0.01570
vt 0.11110 0.01400
vt 0.22220 0.01230
vt 0.33330 0.01050
vt 0.44440 0.00870
vt 0.55560 0.00700
vt 0.66670 0.00530
vt 0.77780 0.00350
vt 0.88890 0.00170
vt 1.00000 0.00000
vt 1.00000 0.02350
vt 1.00000 0.04700
vt 1.00000 0.07040
vt 1.00000 0.09390
vt 1.00000 0.11740
vt 1.00000 0.14090
vt 1.00000 0.16430
vt 1.00000 0.18780
vt 1.00000 0.21130
vt 1.00000 0.23480
vt 1.00000 0.25820
vt 1.00000 0.28170
vt 1.00000 0.30520
vt 1.00000 0.32870
vt 1.00000 0.35220
vt 1.00000 0.37560
vt 1.00000 0.39910
vt 1.00000 0.42260
vt 1.00000 0.44610
vt 1.00000 0.46950
vt 1.00000 0.49300
vt 1.00000 0.51650
vt 1.00000 0.54000
vt 1.00000 0.56340
vt 1.00000 0.58690
vt 1.00000 0.61040
vt 1.00000 0.63390
vt 1.00000 0.65740
vt 1.00000 0.68080
vt 1.00000 0.70430
vt 1.00000 0.72780
vt 1.00000 0.75130
vt 1.00000 0.77470
vt 1.00000 0.79820
vt 1.00000 0.82170
vt 1.00000 0.84520
vt 1.00000 0.86860
vt 0.11650 0.04720
vt 0.11650 0.07090
vt 0.11650 0.09450
vt 0.11650 0.11810
vt 0.11650 0.14170
vt 0.11650 0.16540
vt 0.11650 0.18900
vt 0.11650 0.21260
vt 0.11650 0.23620
vt 0.23300 0.04720
vt 0.23300 0.07090
vt 0.23300 0.09450
vt 0.23300 0.11810
vt 0.23300 0.14170
vt 0.23300 0.16540
vt 0.23300 0.18900
vt 0.23300 0.21260
vt 0.23300 0.23620
vt 0.23300 0.25980
vt 0.23300 0.28350
vt 0.23300 0.30710
vt 0.23300 0.33070
vt 0.23300 0.35430
vt 0.23300 0.37800
vt 0.23300 0.40160
vt 0.23300 0.42520
vt 0.23300 0.44880
vt 0.23300 0.47240
vt 0.23300 0.49610
vt 0.23300 0.51970
vt 0.23300 0.54330
vt 0.23300 0.56690
vt 0.34950 0.04720
vt 0.34950 0.07090
vt 0.34950 0.09450
vt 0.34950 0.11810
vt 0.34950 0.14170
vt 0.34950 0.16540
vt 0.34950 0.18900
vt 0.34950 0.21260
vt 0.34950 0.23620
vt 0.34950 0.25980
vt 0.34950 0.28350
vt 0.34950 0.30710
vt 0.34950 0.33070
vt 0.34950 0.35430
vt 0.34950 0.37800
vt 0.34950 0.40160
vt 0.34950 0.42520
vt 0.34950 0.44880
vt 0.34950 0.47240
vt 0.34950 0.49610
vt 0.34950 0.51970
vt 0.34950 0.54330
vt 0.34950 0.56690
vt 0.34950 0.59060
vt 0.34950 0.61420
vt 0.34950 0.63780
vt 0.34950 0.66140
vt 0.34950 0.68500
vt 0.34950 0.70870
vt 0.34950 0.73230
vt 0.34950 0.75590
vt 0.34950 0.77950
vt 0.34950 0.80310
vt 0.34950 0.82680
vt 0.34950 0.85040
vt 0.46600 0.04720
vt 0.46600 0.07090
vt 0.46600 0.09450
vt 0.46600 0.11810
vt 0.46600 0.14170
vt 0.46600 0.16540
vt 0.46600 0.18900
vt 0.46600 0.21260
vt 0.46600 0.23620
vt 0.46600 0.25980
vt 0.46600 0.28350
vt 0.46600 0.30710
vt 0.46600 0.33070
vt 0.46600 0.35430
vt 0.46600 0.37800
vt 0.46600 0.40160
vt 0.46600 0.42520
vt 0.46600 0.44880
vt 0.46600 0.47240
vt 0.46600 0.49610
vt 0.46600 0.51970
vt 0.46600 0.54330
vt 0.46600 0.56690
vt 0.46600 0.59060
vt 0.46600 0.61420
vt 0.46600 0.63780
vt 0.46600 0.66140
vt 0.46600 0.68500
vt 0.46600 0.70870
vt 0.46600 0.73230
vt 0.46600 0.75590
vt 0.46600 0.77950
vt 0.46600 0.80310
vt 0.46600 0.82680
vt 0.46600 0.85040
vt 0.46600 0.87400
vt 0.58250 0.02360
vt 0.58250 0.04720
vt 0.58250 0.07090
vt 0.58250 0.09450
vt 0.58250 0.11810
vt 0.58250 0.14170
vt 0.58250 0.16540
vt 0.58250 0.18900
vt 0.58250 0.21260
vt 0.58250 0.23620
vt 0.58250 0.25980
vt 0.58250 0.28350
vt 0.58250 0.30710
vt 0.58250 0.33070
vt 0.58250 0.35430
vt 0.58250 0.37800
vt 0.58250 0.40160
vt 0.58250 0.42520
vt 0.58250 0.44880
vt 0.58250 0.47240
vt 0.58250 0.49610
vt 0.58250 0.51970
vt 0.58250 0.54330
vt 0.58250 0.56690
vt 0.58250 0.59060
vt 0.58250 0.61420
vt 0.58250 0.63780
vt 0.58250 0.66140
vt 0.58250 0.68500
vt 0.58250 0.70870
vt 0.58250 0.73230
vt 0.58250 0.75590
vt 0.58250 0.77950
vt 0.58250 0.80310
vt 0.58250 0.82680
vt 0.58250 0.85040
vt 0.58250 0.87400
vt 0.58250 0.89760
vt 0.58250 0.92130
vt 0.69900 0.02360
vt 0.69900 0.04720
vt 0.69900 0.07090
vt 0.69900 0.09450
vt 0.69900 0.11810
vt 0.69900 0.14170
vt 0.69900 0.16540
vt 0.69900 0.18900
vt 0.69900 0.21260
vt 0.69900 0.23620
vt 0.69900 0.25980
vt 0.69900 0.28350
vt 0.69900 0.30710
vt 0.69900 0.33070
vt 0.69900 0.35430
vt 0.69900 0.37800
vt 0.69900 0.40160
vt 0.69900 0.42520
vt 0.69900 0.44880
vt 0.69900 0.47240
vt 0.69900 0.49610
vt 0.69900 0.51970
vt 0.69900 0.54330
vt 0.69900 0.56690
vt 0.69900 0.59060
vt 0.69900 0.61420
vt 0.69900 0.63780
vt 0.69900 0.66140
vt 0.69900 0.68500
vt 0.69900 0.70870
vt 0.69900 0.73230
vt 0.69900 0.75590
vt 0.69900 0.77950
vt 0.69900 0.80310
vt 0.69900 0.82680
vt 0.69900 0.85040
vt 0.69900 0.87400
vt 0.69900 0.89760
vt 0.69900 0.92130
vt 0.69900 0.94490
vt 0.81550 0.02360
vt 0.81550 0.04720
vt 0.81550 0.07090
vt 0.81550 0.09450
vt 0.81550 0.11810
vt 0.81550 0.14170
vt 0.81550 0.16540
vt 0.81550 0.18900
vt 0.81550 0.21260
vt 0.81550 0.23620
vt 0.81550 0.25980
vt 0.81550 0.28350
vt 0.81550 0.30710
vt 0.81550 0.33070
vt 0.81550 0.35430
vt 0.81550 0.37800
vt 0.81550 0.40160
vt 0.81550 0.42520
vt 0.81550 0.44880
vt 0.81550 0.47240
vt 0.81550 0.49610
vt 0.81550 0.51970
vt 0.81550 0.54330
vt 0.81550 0.56690
vt 0.81550 0.59060
vt 0.81550 0.61420
vt 0.81550 0.63780
vt 0.81550 0.66140
vt 0.81550 0.68500
vt 0.81550 0.70870
vt 0.81550 0.73230
vt 0.81550 0.75590
vt 0.81550 0.77950
vt 0.81550 0.80310
vt 0.81550 0.82680
vt 0.81550 0.85040
vt 0.81550 0.87400
vt 0.81550 0.89760
f 655/655 656/656 654/654
f 654/654 656/656 652/652
f 654/654 652/652 653/653
f 648/648 649/649 747/747
f 710/710 711/711 709/709
f 709/709 711/711 930/930
f 709/709 930/930 708/708
f 708/708 930/930 890/890
f 708/708 890/890 707/707
f 704/704 705/705 780/780
f 704/704 780/780 757/757
f 704/704 757/757 703/703
f 701/701 702/702 700/700
f 700/700 702/702 748/748
f 700/700 748/748 699/699
f 689/689 690/690 767/767
f 689/689 767/767 768/768
f 689/689 768/768 688/688
f 687/687 688/688 769/769
f 687/687 769/769 770/770
f 687/687 770/770 686/686
f 679/679 680/680 777/777
f 679/679 777/777 778/778
f 679/679 778/778 678/678
f 664/664 665/665 814/814
f 664/664 814/814 663/663
f 663/663 814/814 662/662
f 656/656 657/657 929/929
f 656/656 929/929 652/652
f 652/652 929/929 651/651
f 651/651 929/929 928/928
f 651/651 928/928 967/967
f 651/651 967/967 650/650
f 650/650 967/967 649/649
f 649/649 967/967 966/966
f 649/649 966/966 747/747
f 747/747 966/966 965/965
f 747/747 965/965 746/746
f 746/746 965/965 964/964
f 746/746 964/964 745/745
f 745/745 964/964 963/963
f 745/745 963/963 744/744
f 744/744 963/963 962/962
f 744/744 962/962 743/743
f 743/743 962/962 961/961
f 743/743 961/961 742/742
f 742/742 961/961 960/960
f 742/742 960/960 741/741
f 741/741 960/960 959/959
f 741/741 959/959 740/740
f 740/740 959/959 958/958
f 740/740 958/958 739/739
f 739/739 958/958 957/957
f 739/739 957/957 738/738
f 738/738 957/957 956/956
f 738/738 956/956 737/737
f 737/737 956/956 955/955
f 737/737 955/955 736/736
f 736/736 955/955 954/954
f 736/736 954/954 735/735
f 735/735 954/954 953/953
f 735/735 953/953 734/734
f 734/734 953/953 952/952
f 734/734 952/952 733/733
f 733/733 952/952 951/951
f 733/733 951/951 732/732
f 732/732 951/951 950/950
f 732/732 950/950 731/731
f 731/731 950/950 949/949
f 731/731 949/949 730/730
f 730/730 949/949 948/948
f 730/730 948/948 729/729
f 729/729 948/948 947/947
f 729/729 947/947 728/728
f 728/728 947/947 946/946
f 728/728 946/946 727/727
f 727/727 946/946 945/945
f 727/727 945/945 726/726
f 726/726 945/945 944/944
f 726/726 944/944 725/725
f 725/725 944/944 943/943
f 725/725 943/943 724/724
f 724/724 943/943 942/942
f 724/724 942/942 723/723
f 723/723 942/942 941/941
f 723/723 941/941 722/722
f 722/722 941/941 940/940
f 722/722 940/940 721/721
f 721/721 940/940 939/939
f 721/721 939/939 720/720
f 720/720 939/939 938/938
f 720/720 938/938 719/719
f 719/719 938/938 937/937
f 719/719 937/937 718/718
f 718/718 937/937 936/936
f 718/718 936/936 717/717
f 717/717 936/936 935/935
f 717/717 935/935 716/716
f 716/716 935/935 934/934
f 716/716 934/934 715/715
f 715/715 934/934 933/933
f 715/715 933/933 714/714
f 714/714 933/933 932/932
f 714/714 932/932 713/713
f 713/713 932/932 931/931
f 713/713 931/931 712/712
f 712/712 931/931 930/930
f 712/712 930/930 711/711
f 930/930 931/931 891/891
f 930/930 891/891 890/890
f 890/890 891/891 852/852
f 890/890 852/852 851/851
f 890/890 851/851 707/707
f 707/707 851/851 706/706
f 706/706 851/851 705/705
f 705/705 851/851 815/815
f 705/705 815/815 780/780
f 780/780 815/815 781/781
f 780/780 781/781 758/758
f 780/780 758/758 757/757
f 757/757 758/758 749/749
f 757/757 749/749 748/748
f 757/757 748/748 703/703
f 703/703 748/748 702/702
f 748/748 749/749 699/699
f 699/699 749/749 698/698
f 698/698 749/749 750/750
f 698/698 750/750 697/697
f 696/696 697/697 751/751
f 696/696 751/751 752/752
f 696/696 752/752 695/695
f 694/694 695/695 753/753
f 694/694 753/753 754/754
f 694/694 754/754 693/693
f 692/692 693/693 755/755
f 692/692 755/755 756/756
f 692/692 756/756 691/691
f 690/690 691/691 766/766
f 690/690 766/766 767/767
f 767/767 766/766 789/789
f 767/767 789/789 790/790
f 767/767 790/790 768/768
f 768/768 790/790 791/791
f 768/768 791/791 769/769
f 768/768 769/769 688/688
f 769/769 791/791 792/792
f 769/769 792/792 770/770
f 770/770 792/792 793/793
f 770/770 793/793 771/771
f 770/770 771/771 686/686
f 686/686 771/771 685/685
f 685/685 771/771 772/772
f 685/685 772/772 684/684
f 683/683 684/684 773/773
f 683/683 773/773 774/774
f 683/683 774/774 682/682
f 681/681 682/682 775/775
f 681/681 775/775 776/776
f 681/681 776/776 680/680
f 680/680 776/776 777/777
f 777/777 776/776 799/799
f 777/777 799/799 800/800
f 777/777 800/800 778/778
f 778/778 800/800 801/801
f 778/778 801/801 779/779
f 778/778 779/779 678/678
f 678/678 779/779 677/677
f 665/665 666/666 813/813
f 665/665 813/813 814/814
f 814/814 813/813 848/848
f 814/814 848/848 849/849
f 814/814 849/849 850/850
f 814/814 850/850 662/662
f 662/662 850/850 661/661
f 657/657 658/658 889/889
f 657/657 889/889 929/929
f 929/929 889/889 928/928
f 928/928 889/889 927/927
f 928/928 927/927 967/967
f 967/967 927/927 966/966
f 966/966 927/927 926/926
f 966/966 926/926 965/965
f 965/965 926/926 925/925
f 965/965 925/925 964/964
f 964/964 925/925 924/924
f 964/964 924/924 963/963
f 963/963 924/924 923/923
f 963/963 923/923 962/962
f 962/962 923/923 922/922
f 962/962 922/922 961/961
f 961/961 922/922 921/921
f 961/961 921/921 960/960
f 960/960 921/921 920/920
f 960/960 920/920 959/959
f 959/959 920/920 919/919
f 959/959 919/919 958/958
f 958/958 919/919 918/918
f 958/958 918/918 957/957
f 957/957 918/918 917/917
f 957/957 917/917 956/956
f 956/956 917/917 916/916
f 956/956 916/916 955/955
f 955/955 916/916 915/915
f 955/955 915/915 954/954
f 954/954 915/915 914/914
f 954/954 914/914 953/953
f 953/953 914/914 913/913
f 953/953 913/913 952/952
f 952/952 913/913 912/912
f 952/952 912/912 951/951
f 951/951 912/912 911/911
f 951/951 911/911 950/950
f 950/950 911/911 910/910
f 950/950 910/910 949/949
f 949/949 910/910 909/909
f 949/949 909/909 948/948
f 948/948 909/909 908/908
f 948/948 908/908 947/947
f 947/947 908/908 907/907
f 947/947 907/907 946/946
f 946/946 907/907 906/906
f 946/946 906/906 945/945
f 945/945 906/906 905/905
f 945/945 905/905 944/944
f 944/944 905/905 904/904
f 944/944 904/904 943/943
f 943/943 904/904 903/903
f 943/943 903/903 942/942
f 942/942 903/903 902/902
f 942/942 902/902 941/941
f 941/941 902/902 901/901
f 941/941 901/901 940/940
f 940/940 901/901 900/900
f 940/940 900/900 939/939
f 939/939 900/900 899/899
f 939/939 899/899 938/938
f 938/938 899/899 898/898
f 938/938 898/898 937/937
f 937/937 898/898 897/897
f 937/937 897/897 936/936
f 936/936 897/897 896/896
f 936/936 896/896 935/935
f 935/935 896/896 895/895
f 935/935 895/895 934/934
f 934/934 895/895 894/894
f 934/934 894/894 933/933
f 933/933 894/894 893/893
f 933/933 893/893 932/932
f 932/932 893/893 892/892
f 932/932 892/892 931/931
f 931/931 892/892 891/891
f 891/891 892/892 853/853
f 891/891 853/853 852/852
f 852/852 853/853 816/816
f 852/852 816/816 815/815
f 852/852 815/815 851/851
f 815/815 816/816 781/781
f 781/781 816/816 782/782
f 781/781 782/782 759/759
f 781/781 759/759 758/758
f 758/758 759/759 750/750
f 758/758 750/750 749/749
f 750/750 759/759 751/751
f 750/750 751/751 697/697
f 751/751 759/759 760/760
f 751/751 760/760 752/752
f 752/752 760/760 761/761
f 752/752 761/761 753/753
f 752/752 753/753 695/695
f 753/753 761/761 762/762
f 753/753 762/762 754/754
f 754/754 762/762 763/763
f 754/754 763/763 755/755
f 754/754 755/755 693/693
f 755/755 763/763 764/764
f 755/755 764/764 756/756
f 756/756 764/764 765/765
f 756/756 765/765 766/766
f 756/756 766/766 691/691
f 766/766 765/765 788/788
f 766/766 788/788 789/789
f 789/789 788/788 823/823
f 789/789 823/823 824/824
f 789/789 824/824 790/790
f 790/790 824/824 825/825
f 790/790 825/825 791/791
f 791/791 825/825 826/826
f 791/791 826/826 792/792
f 792/792 826/826 827/827
f 792/792 827/827 793/793
f 793/793 827/827 828/828
f 793/793 828/828 794/794
f 793/793 794/794 771/771
f 771/771 794/794 772/772
f 772/772 794/794 795/795
f 772/772 795/795 773/773
f 772/772 773/773 684/684
f 773/773 795/795 796/796
f 773/773 796/796 774/774
f 774/774 796/796 797/797
f 774/774 797/797 775/775
f 774/774 775/775 682/682
f 775/775 797/797 798/798
f 775/775 798/798 776/776
f 776/776 798/798 799/799
f 799/799 798/798 833/833
f 799/799 833/833 834/834
f 799/799 834/834 800/800
f 800/800 834/834 835/835
f 800/800 835/835 801/801
f 801/801 835/835 836/836
f 801/801 836/836 802/802
f 801/801 802/802 779/779
f 779/779 802/802 803/803
f 779/779 803/803 676/676
f 779/779 676/676 677/677
f 666/666 667/667 812/812
f 666/666 812/812 813/813
f 813/813 812/812 847/847
f 813/813 847/847 848/848
f 848/848 847/847 884/884
f 848/848 884/884 885/885
f 848/848 885/885 849/849
f 849/849 885/885 886/886
f 849/849 886/886 850/850
f 850/850 886/886 887/887
f 850/850 887/887 888/888
f 850/850 888/888 660/660
f 850/850 660/660 661/661
f 658/658 659/659 889/889
f 889/889 659/659 888/888
f 889/889 888/888 927/927
f 927/927 888/888 926/926
f 926/926 888/888 887/887
f 926/926 887/887 925/925
f 925/925 887/887 886/886
f 925/925 886/886 924/924
f 924/924 886/886 885/885
f 924/924 885/885 923/923
f 923/923 885/885 884/884
f 923/923 884/884 922/922
f 922/922 884/884 883/883
f 922/922 883/883 921/921
f 921/921 883/883 882/882
f 921/921 882/882 920/920
f 920/920 882/882 881/881
f 920/920 881/881 919/919
f 919/919 881/881 880/880
f 919/919 880/880 918/918
f 918/918 880/880 879/879
f 918/918 879/879 917/917
f 917/917 879/879 878/878
f 917/917 878/878 916/916
f 916/916 878/878 877/877
f 916/916 877/877 915/915
f 915/915 877/877 876/876
f 915/915 876/876 914/914
f 914/914 876/876 875/875
f 914/914 875/875 913/913
f 913/913 875/875 874/874
f 913/913 874/874 912/912
f 912/912 874/874 873/873
f 912/912 873/873 911/911
f 911/911 873/873 872/872
f 911/911 872/872 910/910
f 910/910 872/872 871/871
f 910/910 871/871 909/909
f 909/909 871/871 870/870
f 909/909 870/870 908/908
f 908/908 870/870 869/869
f 908/908 869/869 907/907
f 907/907 869/869 868/868
f 907/907 868/868 906/906
f 906/906 868/868 867/867
f 906/906 867/867 905/905
f 905/905 867/867 866/866
f 905/905 866/866 904/904
f 904/904 866/866 865/865
f 904/904 865/865 903/903
f 903/903 865/865 864/864
f 903/903 864/864 902/902
f 902/902 864/864 863/863
f 902/902 863/863 901/901
f 901/901 863/863 862/862
f 901/901 862/862 900/900
f 900/900 862/862 861/861
f 900/900 861/861 899/899
f 899/899 861/861 860/860
f 899/899 860/860 898/898
f 898/898 860/860 859/859
f 898/898 859/859 897/897
f 897/897 859/859 858/858
f 897/897 858/858 896/896
f 896/896 858/858 857/857
f 896/896 857/857 895/895
f 895/895 857/857 856/856
f 895/895 856/856 894/894
f 894/894 856/856 855/855
f 894/894 855/855 893/893
f 893/893 855/855 854/854
f 893/893 854/854 892/892
f 892/892 854/854 853/853
f 853/853 854/854 817/817
f 853/853 817/817 816/816
f 816/816 817/817 782/782
f 782/782 817/817 783/783
f 782/782 783/783 760/760
f 782/782 760/760 759/759
f 760/760 783/783 761/761
f 761/761 783/783 784/784
f 761/761 784/784 762/762
f 762/762 784/784 785/785
f 762/762 785/785 763/763
f 763/763 785/785 786/786
f 763/763 786/786 764/764
f 764/764 786/786 787/787
f 764/764 787/787 765/765
f 765/765 787/787 788/788
f 788/788 787/787 822/822
f 788/788 822/822 823/823
f 823/823 822/822 859/859
f 823/823 859/859 860/860
f 823/823 860/860 824/824
f 824/824 860/860 861/861
f 824/824 861/861 825/825
f 825/825 861/861 862/862
f 825/825 862/862 826/826
f 826/826 862/862 863/863
f 826/826 863/863 827/827
f 827/827 863/863 864/864
f 827/827 864/864 828/828
f 828/828 864/864 865/865
f 828/828 865/865 829/829
f 828/828 829/829 794/794
f 794/794 829/829 795/795
f 795/795 829/829 830/830
f 795/795 830/830 796/796
f 796/796 830/830 831/831
f 796/796 831/831 797/797
f 797/797 831/831 832/832
f 797/797 832/832 798/798
f 798/798 832/832 833/833
f 833/833 832/832 869/869
f 833/833 869/869 870/870
f 833/833 870/870 834/834
f 834/834 870/870 871/871
f 834/834 871/871 835/835
f 835/835 871/871 872/872
f 835/835 872/872 836/836
f 836/836 872/872 873/873
f 836/836 873/873 837/837
f 836/836 837/837 802/802
f 802/802 837/837 803/803
f 803/803 837/837 838/838
f 803/803 838/838 804/804
f 803/803 804/804 675/675
f 803/803 675/675 676/676
f 667/667 668/668 811/811
f 667/667 811/811 812/812
f 812/812 811/811 846/846
f 812/812 846/846 847/847
f 847/847 846/846 883/883
f 847/847 883/883 884/884
f 883/883 846/846 882/882
f 882/882 846/846 845/845
f 882/882 845/845 881/881
f 881/881 845/845 844/844
f 881/881 844/844 880/880
f 880/880 844/844 843/843
f 880/880 843/843 879/879
f 879/879 843/843 842/842
f 879/879 842/842 878/878
f 878/878 842/842 841/841
f 878/878 841/841 877/877
f 877/877 841/841 840/840
f 877/877 840/840 876/876
f 876/876 840/840 839/839
f 876/876 839/839 875/875
f 875/875 839/839 838/838
f 875/875 838/838 874/874
f 874/874 838/838 837/837
f 874/874 837/837 873/873
f 838/838 839/839 804/804
f 804/804 839/839 805/805
f 804/804 805/805 674/674
f 804/804 674/674 675/675
f 668/668 669/669 810/810
f 668/668 810/810 811/811
f 811/811 810/810 845/845
f 811/811 845/845 846/846
f 845/845 810/810 844/844
f 844/844 810/810 809/809
f 844/844 809/809 843/843
f 843/843 809/809 808/808
f 843/843 808/808 842/842
f 842/842 808/808 807/807
f 842/842 807/807 841/841
f 841/841 807/807 806/806
f 841/841 806/806 840/840
f 840/840 806/806 805/805
f 840/840 805/805 839/839
f 805/805 806/806 673/673
f 805/805 673/673 674/674
f 669/669 670/670 809/809
f 669/669 809/809 810/810
f 809/809 670/670 808/808
f 808/808 670/670 671/671
f 808/808 671/671 807/807
f 807/807 671/671 672/672
f 807/807 672/672 806/806
f 806/806 672/672 673/673
f 869/869 832/832 868/868
f 868/868 832/832 831/831
f 868/868 831/831 867/867
f 867/867 831/831 830/830
f 867/867 830/830 866/866
f 866/866 830/830 829/829
f 866/866 829/829 865/865
f 859/859 822/822 858/858
f 858/858 822/822 821/821
f 858/858 821/821 857/857
f 857/857 821/821 820/820
f 857/857 820/820 856/856
f 856/856 820/820 819/819
f 856/856 819/819 855/855
f 855/855 819/819 818/818
f 855/855 818/818 854/854
f 854/854 818/818 817/817
f 817/817 818/818 783/783
f 783/783 818/818 784/784
f 784/784 818/818 819/819
f 784/784 819/819 785/785
f 785/785 819/819 820/820
f 785/785 820/820 786/786
f 786/786 820/820 821/821
f 786/786 821/821 787/787
f 787/787 821/821 822/822
f 888/888 659/659 660/660

g back_right_panel
usemtl Material_back_right_panel
v 0.00000 1.22870 -0.24000
v 0.00000 1.19890 -0.24000
v 0.00000 1.16910 -0.24000
v 0.00000 1.13930 -0.24000
v 0.00000 1.10940 -0.24000
v 0.00000 1.07960 -0.24000
v 0.00000 1.04980 -0.24000
v 0.00000 1.02000 -0.24000
v 0.00000 0.99020 -0.24000
v 0.00000 0.96040 -0.24000
v 0.00000 0.93050 -0.24000
v 0.00000 0.90070 -0.24000
v 0.00000 0.87090 -0.24000
v 0.00000 0.84110 -0.24000
v 0.00000 0.81130 -0.24000
v 0.00000 0.78150 -0.24000
v 0.00000 0.75170 -0.24000
v 0.00000 0.72180 -0.24000
v 0.00000 0.69200 -0.24000
v 0.00000 0.66220 -0.24000
v 0.00000 0.63240 -0.24000
v 0.00000 0.60260 -0.24000
v 0.00000 0.57280 -0.24000
v 0.00000 0.54290 -0.24000
v 0.00000 0.51310 -0.24000
v 0.00000 0.48330 -0.24000
v 0.00000 0.45350 -0.24000
v 0.00000 0.42370 -0.24000
v 0.00000 0.39390 -0.24000
v 0.00000 0.36400 -0.24000
v 0.00000 0.33420 -0.24000
v 0.00000 0.30440 -0.24000
v 0.00000 0.27460 -0.24000
v 0.00000 0.24480 -0.24000
v 0.00000 0.21500 -0.24000
v 0.00000 0.18520 -0.24000
v 0.00000 0.15530 -0.24000
v 0.00000 0.12550 -0.24000
v 0.00000 0.09570 -0.24000
v 0.02920 0.09790 -0.23750
v 0.05750 0.10010 -0.23030
v 0.08430 0.10240 -0.21840
v 0.10870 0.10460 -0.20210
v 0.13010 0.10680 -0.18210
v 0.14780 0.10900 -0.15880
v 0.16130 0.11130 -0.13280
v 0.17040 0.11350 -0.10500
v 0.17470 0.11570 -0.07600
v 0.17460 0.14530 -0.07700
v 0.17460 0.17480 -0.07700
v 0.17460 0.20430 -0.07700
v 0.17460 0.23390 -0.07700
v 0.17460 0.26340 -0.07700
v 0.17460 0.29300 -0.07700
v 0.17460 0.32250 -0.07700
v 0.17460 0.35210 -0.07700
v 0.17460 0.38160 -0.07700
v 0.17460 0.41120 -0.07700
v 0.17460 0.44070 -0.07710
v 0.17460 0.47030 -0.07710
v 0.17460 0.49980 -0.07710
v 0.17460 0.52930 -0.07710
v 0.17460 0.55890 -0.07710
v 0.17460 0.58840 -0.07710
v 0.17630 0.61780 -0.07750
v 0.18120 0.64670 -0.07820
v 0.18420 0.67650 -0.07830
v 0.18550 0.70670 -0.07790
v 0.18050 0.73670 -0.07880
v 0.17760 0.76600 -0.07770
v 0.17400 0.79430 -0.08360
v 0.17400 0.82280 -0.08380
v 0.17400 0.85140 -0.08400
v 0.17390 0.88000 -0.08430
v 0.17390 0.90860 -0.08460
v 0.17390 0.93710 -0.08480
v 0.17380 0.96570 -0.08510
v 0.17440 0.99310 -0.07990
v 0.17440 1.02050 -0.07980
v 0.17440 1.04780 -0.07980
v 0.17440 1.07520 -0.07970
v 0.17440 1.10260 -0.07970
v 0.17440 1.13000 -0.07960
v 0.17440 1.15730 -0.07960
v 0.16980 1.18130 -0.07420
v 0.16720 1.17760 -0.09630
v 0.16670 1.19590 -0.14040
v 0.17090 1.20630 -0.14670
v 0.17450 1.24360 -0.15970
v 0.16370 1.26530 -0.16060
v 0.15540 1.28410 -0.15900
v 0.15050 1.30580 -0.15210
v 0.14560 1.32830 -0.13760
v 0.14060 1.34570 -0.11800
v 0.12530 1.35570 -0.11800
v 0.10770 1.36570 -0.11800
v 0.09320 1.32700 -0.16610
v 0.06780 1.27800 -0.20960
v 0.04590 1.25060 -0.23390
v 0.02310 1.23420 -0.23850
v 0.03060 0.12570 -0.23730
v 0.03070 0.15570 -0.23730
v 0.03080 0.18570 -0.23730
v 0.03090 0.21570 -0.23720
v 0.03110 0.24570 -0.23720
v 0.03120 0.27570 -0.23720
v 0.03130 0.30570 -0.23720
v 0.03140 0.33570 -0.23720
v 0.03160 0.36570 -0.23710
v 0.03170 0.39570 -0.23710
v 0.03180 0.42570 -0.23710
v 0.03190 0.45570 -0.23710
v 0.03210 0.48570 -0.23700
v 0.03220 0.51570 -0.23700
v 0.03230 0.54570 -0.23700
v 0.03250 0.57570 -0.23700
v 0.03260 0.60570 -0.23690
v 0.03270 0.63570 -0.23690
v 0.03290 0.66570 -0.23690
v 0.03300 0.69570 -0.23690
v 0.03310 0.72570 -0.23680
v 0.03330 0.75570 -0.23680
v 0.03340 0.78570 -0.23680
v 0.03440 0.81570 -0.23660
v 0.03540 0.84570 -0.23640
v 0.03650 0.87570 -0.23610
v 0.03770 0.90570 -0.23590
v 0.03890 0.93570 -0.23560
v 0.04030 0.96570 -0.23530
v 0.04050 0.99570 -0.23530
v 0.03990 1.02570 -0.23540
v 0.03930 1.05570 -0.23550
v 0.03880 1.08570 -0.23560
v 0.03830 1.11570 -0.23580
v 0.03770 1.14570 -0.23590
v 0.03720 1.17570 -0.23600
v 0.03750 1.20570 -0.23590
v 0.06020 0.12570 -0.22930
v 0.06050 0.15570 -0.22920
v 0.06070 0.18570 -0.22910
v 0.06090 0.21570 -0.22910
v 0.06110 0.24570 -0.22900
v 0.06140 0.27570 -0.22890
v 0.06160 0.30570 -0.22880
v 0.06180 0.33570 -0.22870
v 0.06210 0.36570 -0.22860
v 0.06230 0.39570 -0.22850
v 0.06260 0.42570 -0.22840
v 0.06280 0.45570 -0.22830
v 0.06300 0.48570 -0.22820
v 0.06330 0.51570 -0.22820
v 0.06350 0.54570 -0.22810
v 0.06380 0.57570 -0.22800
v 0.06400 0.60570 -0.22790
v 0.06430 0.63570 -0.22780
v 0.06450 0.66570 -0.22770
v 0.06480 0.69570 -0.22760
v 0.06510 0.72570 -0.22750
v 0.06530 0.75570 -0.22730
v 0.06560 0.78570 -0.22720
v 0.06740 0.81570 -0.22650
v 0.06940 0.84570 -0.22570
v 0.07140 0.87570 -0.22480
v 0.07360 0.90570 -0.22380
v 0.07590 0.93570 -0.22270
v 0.07840 0.96570 -0.22150
v 0.07880 0.99570 -0.22130
v 0.07770 1.02570 -0.22180
v 0.07670 1.05570 -0.22230
v 0.07570 1.08570 -0.22280
v 0.07470 1.11570 -0.22330
v 0.07370 1.14570 -0.22370
v 0.07280 1.17570 -0.22420
v 0.07320 1.20570 -0.22400
v 0.08350 1.23570 -0.21880
v 0.08800 0.12570 -0.21630
v 0.08830 0.15570 -0.21610
v 0.08860 0.18570 -0.21590
v 0.08900 0.21570 -0.21570
v 0.08930 0.24570 -0.21550
v 0.08960 0.27570 -0.21530
v 0.08990 0.30570 -0.21510
v 0.09020 0.33570 -0.21490
v 0.09060 0.36570 -0.21470
v 0.09090 0.39570 -0.21450
v 0.09120 0.42570 -0.21430
v 0.09160 0.45570 -0.21410
v 0.09190 0.48570 -0.21390
v 0.09220 0.51570 -0.21370
v 0.09260 0.54570 -0.21350
v 0.09290 0.57570 -0.21330
v 0.09330 0.60570 -0.21310
v 0.09360 0.63570 -0.21290
v 0.09390 0.66570 -0.21260
v 0.09430 0.69570 -0.21240
v 0.09460 0.72570 -0.21220
v 0.09500 0.75570 -0.21200
v 0.09540 0.78570 -0.21170
v 0.09790 0.81570 -0.21010
v 0.10050 0.84570 -0.20830
v 0.10320 0.87570 -0.20630
v 0.10610 0.90570 -0.20420
v 0.10910 0.93570 -0.20180
v 0.11230 0.96570 -0.19920
v 0.11280 0.99570 -0.19880
v 0.11140 1.02570 -0.19990
v 0.11010 1.05570 -0.20100
v 0.10880 1.08570 -0.20210
v 0.10750 1.11570 -0.20310
v 0.10620 1.14570 -0.20410
v 0.10500 1.17570 -0.20500
v 0.10550 1.20570 -0.20460
v 0.11880 1.23570 -0.19350
v 0.11880 1.26570 -0.19350
v 0.12190 1.29930 -0.17190
v 0.12430 1.33480 -0.14520
v 0.11310 0.12570 -0.19850
v 0.11350 0.15570 -0.19820
v 0.11380 0.18570 -0.19790
v 0.11420 0.21570 -0.19760
v 0.11460 0.24570 -0.19730
v 0.11500 0.27570 -0.19700
v 0.11530 0.30570 -0.19660
v 0.11570 0.33570 -0.19630
v 0.11610 0.36570 -0.19600
v 0.11650 0.39570 -0.19560
v 0.11690 0.42570 -0.19530
v 0.11720 0.45570 -0.19490
v 0.11760 0.48570 -0.19460
v 0.11800 0.51570 -0.19420
v 0.11840 0.54570 -0.19390
v 0.11880 0.57570 -0.19350
v 0.11920 0.60570 -0.19310
v 0.11960 0.63570 -0.19280
v 0.12000 0.66570 -0.19240
v 0.12040 0.69570 -0.19200
v 0.12080 0.72570 -0.19160
v 0.12120 0.75570 -0.19120
v 0.12160 0.78570 -0.19080
v 0.12450 0.81570 -0.18800
v 0.12740 0.84570 -0.18500
v 0.13040 0.87570 -0.18170
v 0.13360 0.90570 -0.17800
v 0.13680 0.93570 -0.17410
v 0.14020 0.96570 -0.16980
v 0.14070 0.99570 -0.16910
v 0.13930 1.02570 -0.17100
v 0.13780 1.05570 -0.17280
v 0.13640 1.08570 -0.17460
v 0.13510 1.11570 -0.17630
v 0.13370 1.14570 -0.17790
v 0.13230 1.17570 -0.17950
v 0.13290 1.20570 -0.17880
v 0.15180 1.23560 -0.16990
v 0.13510 0.15570 -0.17630
v 0.13550 0.18570 -0.17580
v 0.13590 0.21570 -0.17530
v 0.13620 0.24570 -0.17480
v 0.13660 0.27570 -0.17440
v 0.13700 0.30570 -0.17390
v 0.13740 0.33570 -0.17340
v 0.13780 0.36570 -0.17290
v 0.13820 0.39570 -0.17240
v 0.13860 0.42570 -0.17190
v 0.13900 0.45570 -0.17130
v 0.13940 0.48570 -0.17080
v 0.13980 0.51570 -0.17030
v 0.14020 0.54570 -0.16980
v 0.14060 0.57570 -0.16920
v 0.14100 0.60570 -0.16870
v 0.14140 0.63570 -0.16810
v 0.14180 0.66570 -0.16760
v 0.14220 0.69570 -0.16700
v 0.14260 0.72570 -0.16650
v 0.14300 0.75570 -0.16590
v 0.14340 0.78570 -0.16530
v 0.14620 0.81570 -0.16120
v 0.14900 0.84570 -0.15670
v 0.15190 0.87570 -0.15190
v 0.15480 0.90570 -0.14660
v 0.15770 0.93570 -0.14090
v 0.16050 0.96570 -0.13470
v 0.16100 0.99570 -0.13370
v 0.15980 1.02570 -0.13640
v 0.15860 1.05570 -0.13910
v 0.15730 1.08570 -0.14160
v 0.15610 1.11570 -0.14410
v 0.15490 1.14570 -0.14640
v 0.15720 1.17430 -0.15180
v 0.15250 0.15570 -0.15080
v 0.15290 0.18570 -0.15020
v 0.15320 0.21570 -0.14960
v 0.15360 0.24570 -0.14890
v 0.15390 0.27570 -0.14830
v 0.15430 0.30570 -0.14760
v 0.15460 0.33570 -0.14690
v 0.15500 0.36570 -0.14630
v 0.15530 0.39570 -0.14560
v 0.15570 0.42570 -0.14490
v 0.15610 0.45570 -0.14420
v 0.15640 0.48570 -0.14350
v 0.15680 0.51570 -0.14280
v 0.15710 0.54570 -0.14210
v 0.15750 0.57570 -0.14140
v 0.15780 0.60570 -0.14060
v 0.15820 0.63570 -0.13990
v 0.15850 0.66570 -0.13910
v 0.15890 0.69570 -0.13840
v 0.15920 0.72570 -0.13760
v 0.15960 0.75570 -0.13690
v 0.15990 0.78570 -0.13610
v 0.16230 0.81570 -0.13060
v 0.16450 0.84570 -0.12460
v 0.16670 0.87570 -0.11820
v 0.16870 0.90570 -0.11140
v 0.17040 1.08570 -0.10480
v 0.16960 1.11570 -0.10800
v 0.16880 1.14570 -0.11110
v 0.16580 1.17290 -0.11380
v 0.16520 0.15570 -0.12270
v 0.16550 0.18570 -0.12190
v 0.16580 0.21570 -0.12110
v 0.16600 0.24570 -0.12030
v 0.16630 0.27570 -0.11950
v 0.16660 0.30570 -0.11870
v 0.16680 0.33570 -0.11780
v 0.16710 0.36570 -0.11700
v 0.16740 0.39570 -0.11610
v 0.16760 0.42570 -0.11530
v 0.16790 0.45570 -0.11440
v 0.16810 0.48570 -0.11350
v 0.16840 0.51570 -0.11260
v 0.16860 0.54570 -0.11170
v 0.16890 0.57570 -0.11080
v 0.16910 0.60570 -0.10990
v 0.16940 0.63570 -0.10900
v 0.16960 0.66570 -0.10810
v 0.17140 0.69570 -0.10780
v 0.17190 0.72570 -0.10700
v 0.17030 0.75570 -0.10520
v 0.17050 0.78570 -0.10420
vt 0.00000 0.89210
vt 0.00000 0.86860
vt 0.00000 0.84520
vt 0.00000 0.82170
vt 0.00000 0.79820
vt 0.00000 0.77470
vt 0.00000 0.75130
vt 0.00000 0.72780
vt 0.00000 0.70430
vt 0.00000 0.68080
vt 0.00000 0.65740
vt 0.00000 0.63390
vt 0.00000 0.61040
vt 0.00000 0.58690
vt 0.00000 0.56340
vt 0.00000 0.54000
vt 0.00000 0.51650
vt 0.00000 0.49300
vt 0.00000 0.46950
vt 0.00000 0.44610
vt 0.00000 0.42260
vt 0.00000 0.39910
vt 0.00000 0.37560
vt 0.00000 0.35220
vt 0.00000 0.32870
vt 0.00000 0.30520
vt 0.00000 0.28170
vt 0.00000 0.25820
vt 0.00000 0.23480
vt 0.00000 0.21130
vt 0.00000 0.18780
vt 0.00000 0.16430
vt 0.00000 0.14090
vt 0.00000 0.11740
vt 0.00000 0.09390
vt 0.00000 0.07040
vt 0.00000 0.04700
vt 0.00000 0.02350
vt 0.00000 0.00000
vt 0.11110 0.00170
vt 0.22220 0.00350
vt 0.33330 0.00530
vt 0.44440 0.00700
vt 0.55560 0.00870
vt 0.66670 0.01050
vt 0.77780 0.01230
vt 0.88890 0.01400
vt 1.00000 0.01570
vt 0.99610 0.03900
vt 0.99220 0.06230
vt 0.98830 0.08550
vt 0.98450 0.10880
vt 0.98060 0.13210
vt 0.97670 0.15530
vt 0.97280 0.17860
vt 0.96890 0.20190
vt 0.96500 0.22510
vt 0.96120 0.24840
vt 0.95730 0.27170
vt 0.95340 0.29490
vt 0.94950 0.31820
vt 0.94560 0.34140
vt 0.94170 0.36470
vt 0.93790 0.38800
vt 0.93400 0.41120
vt 0.93010 0.43450
vt 0.92620 0.45780
vt 0.92230 0.48100
vt 0.91840 0.50430
vt 0.91460 0.52760
vt 0.88820 0.55010
vt 0.86190 0.57260
vt 0.83550 0.59500
vt 0.80920 0.61760
vt 0.78280 0.64000
vt 0.75650 0.66250
vt 0.73010 0.68500
vt 0.74120 0.70660
vt 0.75240 0.72810
vt 0.76360 0.74970
vt 0.77480 0.77130
vt 0.78590 0.79280
vt 0.79710 0.81440
vt 0.80830 0.83590
vt 0.81940 0.85750
vt 0.73910 0.86750
vt 0.66830 0.87850
vt 0.60690 0.89060
vt 0.55500 0.90360
vt 0.51250 0.91770
vt 0.47940 0.93280
vt 0.45580 0.94900
vt 0.44160 0.96610
vt 0.43690 0.98430
vt 0.37380 0.99210
vt 0.31070 1.00000
vt 0.24850 0.96120
vt 0.18640 0.93100
vt 0.12430 0.90940
vt 0.06210 0.89640
vt 0.11650 0.02360
vt 0.11650 0.04720
vt 0.11650 0.07090
vt 0.11650 0.09450
vt 0.11650 0.11810
vt 0.11650 0.14170
vt 0.11650 0.16540
vt 0.11650 0.18900
vt 0.11650 0.21260
vt 0.11650 0.23620
vt 0.11650 0.25980
vt 0.11650 0.28350
vt 0.11650 0.30710
vt 0.11650 0.33070
vt 0.11650 0.35430
vt 0.11650 0.37800
vt 0.11650 0.40160
vt 0.11650 0.42520
vt 0.11650 0.44880
vt 0.11650 0.47240
vt 0.11650 0.49610
vt 0.11650 0.51970
vt 0.11650 0.54330
vt 0.11650 0.56690
vt 0.11650 0.59060
vt 0.11650 0.61420
vt 0.11650 0.63780
vt 0.11650 0.66140
vt 0.11650 0.68500
vt 0.11650 0.70870
vt 0.11650 0.73230
vt 0.11650 0.75590
vt 0.11650 0.77950
vt 0.11650 0.80310
vt 0.11650 0.82680
vt 0.11650 0.85040
vt 0.11650 0.87400
vt 0.23300 0.02360
vt 0.23300 0.04720
vt 0.23300 0.07090
vt 0.23300 0.09450
vt 0.23300 0.11810
vt 0.23300 0.14170
vt 0.23300 0.16540
vt 0.23300 0.18900
vt 0.23300 0.21260
vt 0.23300 0.23620
vt 0.23300 0.25980
vt 0.23300 0.28350
vt 0.23300 0.30710
vt 0.23300 0.33070
vt 0.23300 0.35430
vt 0.23300 0.37800
vt 0.23300 0.40160
vt 0.23300 0.42520
vt 0.23300 0.44880
vt 0.23300 0.47240
vt 0.23300 0.49610
vt 0.23300 0.51970
vt 0.23300 0.54330
vt 0.23300 0.56690
vt 0.23300 0.59060
vt 0.23300 0.61420
vt 0.23300 0.63780
vt 0.23300 0.66140
vt 0.23300 0.68500
vt 0.23300 0.70870
vt 0.23300 0.73230
vt 0.23300 0.75590
vt 0.23300 0.77950
vt 0.23300 0.80310
vt 0.23300 0.82680
vt 0.23300 0.85040
vt 0.23300 0.87400
vt 0.23300 0.89760
vt 0.34950 0.02360
vt 0.34950 0.04720
vt 0.34950 0.07090
vt 0.34950 0.09450
vt 0.34950 0.11810
vt 0.34950 0.14170
vt 0.34950 0.16540
vt 0.34950 0.18900
vt 0.34950 0.21260
vt 0.34950 0.23620
vt 0.34950 0.25980
vt 0.34950 0.28350
vt 0.34950 0.30710
vt 0.34950 0.33070
vt 0.34950 0.35430
vt 0.34950 0.37800
vt 0.34950 0.40160
vt 0.34950 0.42520
vt 0.34950 0.44880
vt 0.34950 0.47240
vt 0.34950 0.49610
vt 0.34950 0.51970
vt 0.34950 0.54330
vt 0.34950 0.56690
vt 0.34950 0.59060
vt 0.34950 0.61420
vt 0.34950 0.63780
vt 0.34950 0.66140
vt 0.34950 0.68500
vt 0.34950 0.70870
vt 0.34950 0.73230
vt 0.34950 0.75590
vt 0.34950 0.77950
vt 0.34950 0.80310
vt 0.34950 0.82680
vt 0.34950 0.85040
vt 0.34950 0.87400
vt 0.34950 0.89760
vt 0.34950 0.92130
vt 0.34950 0.94490
vt 0.34950 0.96850
vt 0.46600 0.02360
vt 0.46600 0.04720
vt 0.46600 0.07090
vt 0.46600 0.09450
vt 0.46600 0.11810
vt 0.46600 0.14170
vt 0.46600 0.16540
vt 0.46600 0.18900
vt 0.46600 0.21260
vt 0.46600 0.23620
vt 0.46600 0.25980
vt 0.46600 0.28350
vt 0.46600 0.30710
vt 0.46600 0.33070
vt 0.46600 0.35430
vt 0.46600 0.37800
vt 0.46600 0.40160
vt 0.46600 0.42520
vt 0.46600 0.44880
vt 0.46600 0.47240
vt 0.46600 0.49610
vt 0.46600 0.51970
vt 0.46600 0.54330
vt 0.46600 0.56690
vt 0.46600 0.59060
vt 0.46600 0.61420
vt 0.46600 0.63780
vt 0.46600 0.66140
vt 0.46600 0.68500
vt 0.46600 0.70870
vt 0.46600 0.73230
vt 0.46600 0.75590
vt 0.46600 0.77950
vt 0.46600 0.80310
vt 0.46600 0.82680
vt 0.46600 0.85040
vt 0.46600 0.87400
vt 0.46600 0.89760
vt 0.58250 0.04720
vt 0.58250 0.07090
vt 0.58250 0.09450
vt 0.58250 0.11810
vt 0.58250 0.14170
vt 0.58250 0.16540
vt 0.58250 0.18900
vt 0.58250 0.21260
vt 0.58250 0.23620
vt 0.58250 0.25980
vt 0.58250 0.28350
vt 0.58250 0.30710
vt 0.58250 0.33070
vt 0.58250 0.35430
vt 0.58250 0.37800
vt 0.58250 0.40160
vt 0.58250 0.42520
vt 0.58250 0.44880
vt 0.58250 0.47240
vt 0.58250 0.49610
vt 0.58250 0.51970
vt 0.58250 0.54330
vt 0.58250 0.56690
vt 0.58250 0.59060
vt 0.58250 0.61420
vt 0.58250 0.63780
vt 0.58250 0.66140
vt 0.58250 0.68500
vt 0.58250 0.70870
vt 0.58250 0.73230
vt 0.58250 0.75590
vt 0.58250 0.77950
vt 0.58250 0.80310
vt 0.58250 0.82680
vt 0.58250 0.85040
vt 0.69900 0.04720
vt 0.69900 0.07090
vt 0.69900 0.09450
vt 0.69900 0.11810
vt 0.69900 0.14170
vt 0.69900 0.16540
vt 0.69900 0.18900
vt 0.69900 0.21260
vt 0.69900 0.23620
vt 0.69900 0.25980
vt 0.69900 0.28350
vt 0.69900 0.30710
vt 0.69900 0.33070
vt 0.69900 0.35430
vt 0.69900 0.37800
vt 0.69900 0.40160
vt 0.69900 0.42520
vt 0.69900 0.44880
vt 0.69900 0.47240
vt 0.69900 0.49610
vt 0.69900 0.51970
vt 0.69900 0.54330
vt 0.69900 0.56690
vt 0.69900 0.59060
vt 0.69900 0.61420
vt 0.69900 0.63780
vt 0.69900 0.77950
vt 0.69900 0.80310
vt 0.69900 0.82680
vt 0.69900 0.85040
vt 0.81550 0.04720
vt 0.81550 0.07090
vt 0.81550 0.09450
vt 0.81550 0.11810
vt 0.81550 0.14170
vt 0.81550 0.16540
vt 0.81550 0.18900
vt 0.81550 0.21260
vt 0.81550 0.23620
vt 0.81550 0.25980
vt 0.81550 0.28350
vt 0.81550 0.30710
vt 0.81550 0.33070
vt 0.81550 0.35430
vt 0.81550 0.37800
vt 0.81550 0.40160
vt 0.81550 0.42520
vt 0.81550 0.44880
vt 0.81550 0.47240
vt 0.81550 0.49610
vt 0.81550 0.51970
vt 0.81550 0.54330
f 1063/1063 1064/1064 1183/1183
f 1063/1063 1183/1183 1062/1062
f 1062/1062 1183/1183 1061/1061
f 1061/1061 1183/1183 1060/1060
f 1052/1052 1053/1053 1286/1286
f 1052/1052 1286/1286 1051/1051
f 1037/1037 1038/1038 1308/1308
f 1037/1037 1308/1308 1307/1307
f 1037/1037 1307/1307 1036/1036
f 1029/1029 1030/1030 1300/1300
f 1029/1029 1300/1300 1299/1299
f 1029/1029 1299/1299 1028/1028
f 1027/1027 1028/1028 1298/1298
f 1027/1027 1298/1298 1297/1297
f 1027/1027 1297/1297 1026/1026
f 1016/1016 1017/1017 1287/1287
f 1016/1016 1287/1287 1014/1014
f 1016/1016 1014/1014 1015/1015
f 1012/1012 1013/1013 1257/1257
f 1012/1012 1257/1257 1222/1222
f 1012/1012 1222/1222 1011/1011
f 1008/1008 1009/1009 1105/1105
f 1008/1008 1105/1105 1068/1068
f 1008/1008 1068/1068 1007/1007
f 1007/1007 1068/1068 1005/1005
f 1007/1007 1005/1005 1006/1006
f 1005/1005 1068/1068 1004/1004
f 1004/1004 1068/1068 1069/1069
f 1004/1004 1069/1069 1003/1003
f 1003/1003 1069/1069 1070/1070
f 1003/1003 1070/1070 1002/1002
f 1002/1002 1070/1070 1071/1071
f 1002/1002 1071/1071 1001/1001
f 1001/1001 1071/1071 1072/1072
f 1001/1001 1072/1072 1000/1000
f 1000/1000 1072/1072 1073/1073
f 1000/1000 1073/1073 999/999
f 999/999 1073/1073 1074/1074
f 999/999 1074/1074 998/998
f 998/998 1074/1074 1075/1075
f 998/998 1075/1075 997/997
f 997/997 1075/1075 1076/1076
f 997/997 1076/1076 996/996
f 996/996 1076/1076 1077/1077
f 996/996 1077/1077 995/995
f 995/995 1077/1077 1078/1078
f 995/995 1078/1078 994/994
f 994/994 1078/1078 1079/1079
f 994/994 1079/1079 993/993
f 993/993 1079/1079 1080/1080
f 993/993 1080/1080 992/992
f 992/992 1080/1080 1081/1081
f 992/992 1081/1081 991/991
f 991/991 1081/1081 1082/1082
f 991/991 1082/1082 990/990
f 990/990 1082/1082 1083/1083
f 990/990 1083/1083 989/989
f 989/989 1083/1083 1084/1084
f 989/989 1084/1084 988/988
f 988/988 1084/1084 1085/1085
f 988/988 1085/1085 987/987
f 987/987 1085/1085 1086/1086
f 987/987 1086/1086 986/986
f 986/986 1086/1086 1087/1087
f 986/986 1087/1087 985/985
f 985/985 1087/1087 1088/1088
f 985/985 1088/1088 984/984
f 984/984 1088/1088 1089/1089
f 984/984 1089/1089 983/983
f 983/983 1089/1089 1090/1090
f 983/983 1090/1090 982/982
f 982/982 1090/1090 1091/1091
f 982/982 1091/1091 981/981
f 981/981 1091/1091 1092/1092
f 981/981 1092/1092 980/980
f 980/980 1092/1092 1093/1093
f 980/980 1093/1093 979/979
f 979/979 1093/1093 1094/1094
f 979/979 1094/1094 978/978
f 978/978 1094/1094 1095/1095
f 978/978 1095/1095 977/977
f 977/977 1095/1095 1096/1096
f 977/977 1096/1096 976/976
f 976/976 1096/1096 1097/1097
f 976/976 1097/1097 975/975
f 975/975 1097/1097 1098/1098
f 975/975 1098/1098 974/974
f 974/974 1098/1098 1099/1099
f 974/974 1099/1099 973/973
f 973/973 1099/1099 1100/1100
f 973/973 1100/1100 972/972
f 972/972 1100/1100 1101/1101
f 972/972 1101/1101 971/971
f 971/971 1101/1101 1102/1102
f 971/971 1102/1102 970/970
f 970/970 1102/1102 1103/1103
f 970/970 1103/1103 969/969
f 969/969 1103/1103 1104/1104
f 969/969 1104/1104 968/968
f 968/968 1104/1104 1067/1067
f 1064/1064 1065/1065 1182/1182
f 1064/1064 1182/1182 1183/1183
f 1183/1183 1182/1182 1060/1060
f 1060/1060 1182/1182 1059/1059
f 1053/1053 1054/1054 1286/1286
f 1286/1286 1054/1054 1256/1256
f 1286/1286 1256/1256 1285/1285
f 1286/1286 1285/1285 1051/1051
f 1051/1051 1285/1285 1050/1050
f 1038/1038 1039/1039 1308/1308
f 1308/1308 1039/1039 1279/1279
f 1308/1308 1279/1279 1278/1278
f 1308/1308 1278/1278 1307/1307
f 1307/1307 1278/1278 1277/1277
f 1307/1307 1277/1277 1306/1306
f 1307/1307 1306/1306 1036/1036
f 1036/1036 1306/1306 1035/1035
f 1035/1035 1306/1306 1305/1305
f 1035/1035 1305/1305 1034/1034
f 1033/1033 1034/1034 1304/1304
f 1033/1033 1304/1304 1303/1303
f 1033/1033 1303/1303 1032/1032
f 1031/1031 1032/1032 1302/1302
f 1031/1031 1302/1302 1301/1301
f 1031/1031 1301/1301 1030/1030
f 1030/1030 1301/1301 1300/1300
f 1300/1300 1301/1301 1271/1271
f 1300/1300 1271/1271 1270/1270
f 1300/1300 1270/1270 1299/1299
f 1299/1299 1270/1270 1269/1269
f 1299/1299 1269/1269 1298/1298
f 1299/1299 1298/1298 1028/1028
f 1298/1298 1269/1269 1268/1268
f 1298/1298 1268/1268 1297/1297
f 1297/1297 1268/1268 1267/1267
f 1297/1297 1267/1267 1296/1296
f 1297/1297 1296/1296 1026/1026
f 1026/1026 1296/1296 1025/1025
f 1024/1024 1025/1025 1295/1295
f 1024/1024 1295/1295 1294/1294
f 1024/1024 1294/1294 1023/1023
f 1022/1022 1023/1023 1293/1293
f 1022/1022 1293/1293 1292/1292
f 1022/1022 1292/1292 1021/1021
f 1020/1020 1021/1021 1291/1291
f 1020/1020 1291/1291 1290/1290
f 1020/1020 1290/1290 1019/1019
f 1018/1018 1019/1019 1289/1289
f 1018/1018 1289/1289 1288/1288
f 1018/1018 1288/1288 1017/1017
f 1017/1017 1288/1288 1287/1287
f 1287/1287 1288/1288 1258/1258
f 1287/1287 1258/1258 1257/1257
f 1287/1287 1257/1257 1013/1013
f 1287/1287 1013/1013 1014/1014
f 1257/1257 1258/1258 1223/1223
f 1257/1257 1223/1223 1222/1222
f 1222/1222 1223/1223 1186/1186
f 1222/1222 1186/1186 1185/1185
f 1222/1222 1185/1185 1184/1184
f 1222/1222 1184/1184 1011/1011
f 1011/1011 1184/1184 1010/1010
f 1010/1010 1184/1184 1143/1143
f 1010/1010 1143/1143 1009/1009
f 1009/1009 1143/1143 1105/1105
f 1105/1105 1143/1143 1106/1106
f 1105/1105 1106/1106 1069/1069
f 1105/1105 1069/1069 1068/1068
f 1069/1069 1106/1106 1070/1070
f 1070/1070 1106/1106 1107/1107
f 1070/1070 1107/1107 1071/1071
f 1071/1071 1107/1107 1108/1108
f 1071/1071 1108/1108 1072/1072
f 1072/1072 1108/1108 1109/1109
f 1072/1072 1109/1109 1073/1073
f 1073/1073 1109/1109 1110/1110
f 1073/1073 1110/1110 1074/1074
f 1074/1074 1110/1110 1111/1111
f 1074/1074 1111/1111 1075/1075
f 1075/1075 1111/1111 1112/1112
f 1075/1075 1112/1112 1076/1076
f 1076/1076 1112/1112 1113/1113
f 1076/1076 1113/1113 1077/1077
f 1077/1077 1113/1113 1114/1114
f 1077/1077 1114/1114 1078/1078
f 1078/1078 1114/1114 1115/1115
f 1078/1078 1115/1115 1079/1079
f 1079/1079 1115/1115 1116/1116
f 1079/1079 1116/1116 1080/1080
f 1080/1080 1116/1116 1117/1117
f 1080/1080 1117/1117 1081/1081
f 1081/1081 1117/1117 1118/1118
f 1081/1081 1118/1118 1082/1082
f 1082/1082 1118/1118 1119/1119
f 1082/1082 1119/1119 1083/1083
f 1083/1083 1119/1119 1120/1120
f 1083/1083 1120/1120 1084/1084
f 1084/1084 1120/1120 1121/1121
f 1084/1084 1121/1121 1085/1085
f 1085/1085 1121/1121 1122/1122
f 1085/1085 1122/1122 1086/1086
f 1086/1086 1122/1122 1123/1123
f 1086/1086 1123/1123 1087/1087
f 1087/1087 1123/1123 1124/1124
f 1087/1087 1124/1124 1088/1088
f 1088/1088 1124/1124 1125/1125
f 1088/1088 1125/1125 1089/1089
f 1089/1089 1125/1125 1126/1126
f 1089/1089 1126/1126 1090/1090
f 1090/1090 1126/1126 1127/1127
f 1090/1090 1127/1127 1091/1091
f 1091/1091 1127/1127 1128/1128
f 1091/1091 1128/1128 1092/1092
f 1092/1092 1128/1128 1129/1129
f 1092/1092 1129/1129 1093/1093
f 1093/1093 1129/1129 1130/1130
f 1093/1093 1130/1130 1094/1094
f 1094/1094 1130/1130 1131/1131
f 1094/1094 1131/1131 1095/1095
f 1095/1095 1131/1131 1132/1132
f 1095/1095 1132/1132 1096/1096
f 1096/1096 1132/1132 1133/1133
f 1096/1096 1133/1133 1097/1097
f 1097/1097 1133/1133 1134/1134
f 1097/1097 1134/1134 1098/1098
f 1098/1098 1134/1134 1135/1135
f 1098/1098 1135/1135 1099/1099
f 1099/1099 1135/1135 1136/1136
f 1099/1099 1136/1136 1100/1100
f 1100/1100 1136/1136 1137/1137
f 1100/1100 1137/1137 1101/1101
f 1101/1101 1137/1137 1138/1138
f 1101/1101 1138/1138 1102/1102
f 1102/1102 1138/1138 1139/1139
f 1102/1102 1139/1139 1103/1103
f 1103/1103 1139/1139 1140/1140
f 1103/1103 1140/1140 1104/1104
f 1104/1104 1140/1140 1141/1141
f 1104/1104 1141/1141 1142/1142
f 1104/1104 1142/1142 1067/1067
f 1067/1067 1142/1142 1066/1066
f 1066/1066 1142/1142 1065/1065
f 1065/1065 1142/1142 1181/1181
f 1065/1065 1181/1181 1182/1182
f 1182/1182 1181/1181 1058/1058
f 1182/1182 1058/1058 1059/1059
f 1054/1054 1055/1055 1256/1256
f 1256/1256 1055/1055 1220/1220
f 1256/1256 1220/1220 1219/1219
f 1256/1256 1219/1219 1255/1255
f 1256/1256 1255/1255 1285/1285
f 1285/1285 1255/1255 1284/1284
f 1285/1285 1284/1284 1050/1050
f 1050/1050 1284/1284 1049/1049
f 1039/1039 1040/1040 1280/1280
f 1039/1039 1280/1280 1279/1279
f 1279/1279 1280/1280 1245/1245
f 1279/1279 1245/1245 1244/1244
f 1279/1279 1244/1244 1278/1278
f 1278/1278 1244/1244 1243/1243
f 1278/1278 1243/1243 1277/1277
f 1277/1277 1243/1243 1242/1242
f 1277/1277 1242/1242 1276/1276
f 1277/1277 1276/1276 1306/1306
f 1306/1306 1276/1276 1305/1305
f 1305/1305 1276/1276 1275/1275
f 1305/1305 1275/1275 1304/1304
f 1305/1305 1304/1304 1034/1034
f 1304/1304 1275/1275 1274/1274
f 1304/1304 1274/1274 1303/1303
f 1303/1303 1274/1274 1273/1273
f 1303/1303 1273/1273 1302/1302
f 1303/1303 1302/1302 1032/1032
f 1302/1302 1273/1273 1272/1272
f 1302/1302 1272/1272 1301/1301
f 1301/1301 1272/1272 1271/1271
f 1271/1271 1272/1272 1237/1237
f 1271/1271 1237/1237 1236/1236
f 1271/1271 1236/1236 1270/1270
f 1270/1270 1236/1236 1235/1235
f 1270/1270 1235/1235 1269/1269
f 1269/1269 1235/1235 1234/1234
f 1269/1269 1234/1234 1268/1268
f 1268/1268 1234/1234 1233/1233
f 1268/1268 1233/1233 1267/1267
f 1267/1267 1233/1233 1232/1232
f 1267/1267 1232/1232 1266/1266
f 1267/1267 1266/1266 1296/1296
f 1296/1296 1266/1266 1295/1295
f 1296/1296 1295/1295 1025/1025
f 1295/1295 1266/1266 1265/1265
f 1295/1295 1265/1265 1294/1294
f 1294/1294 1265/1265 1264/1264
f 1294/1294 1264/1264 1293/1293
f 1294/1294 1293/1293 1023/1023
f 1293/1293 1264/1264 1263/1263
f 1293/1293 1263/1263 1292/1292
f 1292/1292 1263/1263 1262/1262
f 1292/1292 1262/1262 1291/1291
f 1292/1292 1291/1291 1021/1021
f 1291/1291 1262/1262 1261/1261
f 1291/1291 1261/1261 1290/1290
f 1290/1290 1261/1261 1260/1260
f 1290/1290 1260/1260 1289/1289
f 1290/1290 1289/1289 1019/1019
f 1289/1289 1260/1260 1259/1259
f 1289/1289 1259/1259 1288/1288
f 1288/1288 1259/1259 1258/1258
f 1258/1258 1259/1259 1224/1224
f 1258/1258 1224/1224 1223/1223
f 1223/1223 1224/1224 1187/1187
f 1223/1223 1187/1187 1186/1186
f 1186/1186 1187/1187 1146/1146
f 1186/1186 1146/1146 1145/1145
f 1186/1186 1145/1145 1185/1185
f 1185/1185 1145/1145 1144/1144
f 1185/1185 1144/1144 1184/1184
f 1184/1184 1144/1144 1143/1143
f 1143/1143 1144/1144 1106/1106
f 1106/1106 1144/1144 1107/1107
f 1107/1107 1144/1144 1145/1145
f 1107/1107 1145/1145 1108/1108
f 1108/1108 1145/1145 1146/1146
f 1108/1108 1146/1146 1109/1109
f 1109/1109 1146/1146 1147/1147
f 1109/1109 1147/1147 1110/1110
f 1110/1110 1147/1147 1148/1148
f 1110/1110 1148/1148 1111/1111
f 1111/1111 1148/1148 1149/1149
f 1111/1111 1149/1149 1112/1112
f 1112/1112 1149/1149 1150/1150
f 1112/1112 1150/1150 1113/1113
f 1113/1113 1150/1150 1151/1151
f 1113/1113 1151/1151 1114/1114
f 1114/1114 1151/1151 1152/1152
f 1114/1114 1152/1152 1115/1115
f 1115/1115 1152/1152 1153/1153
f 1115/1115 1153/1153 1116/1116
f 1116/1116 1153/1153 1154/1154
f 1116/1116 1154/1154 1117/1117
f 1117/1117 1154/1154 1155/1155
f 1117/1117 1155/1155 1118/1118
f 1118/1118 1155/1155 1156/1156
f 1118/1118 1156/1156 1119/1119
f 1119/1119 1156/1156 1157/1157
f 1119/1119 1157/1157 1120/1120
f 1120/1120 1157/1157 1158/1158
f 1120/1120 1158/1158 1121/1121
f 1121/1121 1158/1158 1159/1159
f 1121/1121 1159/1159 1122/1122
f 1122/1122 1159/1159 1160/1160
f 1122/1122 1160/1160 1123/1123
f 1123/1123 1160/1160 1161/1161
f 1123/1123 1161/1161 1124/1124
f 1124/1124 1161/1161 1162/1162
f 1124/1124 1162/1162 1125/1125
f 1125/1125 1162/1162 1163/1163
f 1125/1125 1163/1163 1126/1126
f 1126/1126 1163/1163 1164/1164
f 1126/1126 1164/1164 1127/1127
f 1127/1127 1164/1164 1165/1165
f 1127/1127 1165/1165 1128/1128
f 1128/1128 1165/1165 1166/1166
f 1128/1128 1166/1166 1129/1129
f 1129/1129 1166/1166 1167/1167
f 1129/1129 1167/1167 1130/1130
f 1130/1130 1167/1167 1168/1168
f 1130/1130 1168/1168 1131/1131
f 1131/1131 1168/1168 1169/1169
f 1131/1131 1169/1169 1132/1132
f 1132/1132 1169/1169 1170/1170
f 1132/1132 1170/1170 1133/1133
f 1133/1133 1170/1170 1171/1171
f 1133/1133 1171/1171 1134/1134
f 1134/1134 1171/1171 1172/1172
f 1134/1134 1172/1172 1135/1135
f 1135/1135 1172/1172 1173/1173
f 1135/1135 1173/1173 1136/1136
f 1136/1136 1173/1173 1174/1174
f 1136/1136 1174/1174 1137/1137
f 1137/1137 1174/1174 1175/1175
f 1137/1137 1175/1175 1138/1138
f 1138/1138 1175/1175 1176/1176
f 1138/1138 1176/1176 1139/1139
f 1139/1139 1176/1176 1177/1177
f 1139/1139 1177/1177 1140/1140
f 1140/1140 1177/1177 1178/1178
f 1140/1140 1178/1178 1141/1141
f 1141/1141 1178/1178 1179/1179
f 1141/1141 1179/1179 1142/1142
f 1142/1142 1179/1179 1180/1180
f 1142/1142 1180/1180 1181/1181
f 1181/1181 1180/1180 1221/1221
f 1181/1181 1221/1221 1057/1057
f 1181/1181 1057/1057 1058/1058
f 1055/1055 1056/1056 1221/1221
f 1055/1055 1221/1221 1220/1220
f 1220/1220 1221/1221 1180/1180
f 1220/1220 1180/1180 1179/1179
f 1220/1220 1179/1179 1219/1219
f 1219/1219 1179/1179 1178/1178
f 1219/1219 1178/1178 1218/1218
f 1219/1219 1218/1218 1255/1255
f 1255/1255 1218/1218 1254/1254
f 1255/1255 1254/1254 1284/1284
f 1284/1284 1254/1254 1283/1283
f 1284/1284 1283/1283 1049/1049
f 1049/1049 1283/1283 1048/1048
f 1040/1040 1041/1041 1281/1281
f 1040/1040 1281/1281 1280/1280
f 1280/1280 1281/1281 1246/1246
f 1280/1280 1246/1246 1245/1245
f 1245/1245 1246/1246 1209/1209
f 1245/1245 1209/1209 1208/1208
f 1245/1245 1208/1208 1244/1244
f 1244/1244 1208/1208 1207/1207
f 1244/1244 1207/1207 1243/1243
f 1243/1243 1207/1207 1206/1206
f 1243/1243 1206/1206 1242/1242
f 1242/1242 1206/1206 1205/1205
f 1242/1242 1205/1205 1241/1241
f 1242/1242 1241/1241 1276/1276
f 1276/1276 1241/1241 1275/1275
f 1275/1275 1241/1241 1240/1240
f 1275/1275 1240/1240 1274/1274
f 1274/1274 1240/1240 1239/1239
f 1274/1274 1239/1239 1273/1273
f 1273/1273 1239/1239 1238/1238
f 1273/1273 1238/1238 1272/1272
f 1272/1272 1238/1238 1237/1237
f 1237/1237 1238/1238 1201/1201
f 1237/1237 1201/1201 1200/1200
f 1237/1237 1200/1200 1236/1236
f 1236/1236 1200/1200 1199/1199
f 1236/1236 1199/1199 1235/1235
f 1235/1235 1199/1199 1198/1198
f 1235/1235 1198/1198 1234/1234
f 1234/1234 1198/1198 1197/1197
f 1234/1234 1197/1197 1233/1233
f 1233/1233 1197/1197 1196/1196
f 1233/1233 1196/1196 1232/1232
f 1232/1232 1196/1196 1195/1195
f 1232/1232 1195/1195 1231/1231
f 1232/1232 1231/1231 1266/1266
f 1266/1266 1231/1231 1265/1265
f 1265/1265 1231/1231 1230/1230
f 1265/1265 1230/1230 1264/1264
f 1264/1264 1230/1230 1229/1229
f 1264/1264 1229/1229 1263/1263
f 1263/1263 1229/1229 1228/1228
f 1263/1263 1228/1228 1262/1262
f 1262/1262 1228/1228 1227/1227
f 1262/1262 1227/1227 1261/1261
f 1261/1261 1227/1227 1226/1226
f 1261/1261 1226/1226 1260/1260
f 1260/1260 1226/1226 1225/1225
f 1260/1260 1225/1225 1259/1259
f 1259/1259 1225/1225 1224/1224
f 1224/1224 1225/1225 1188/1188
f 1224/1224 1188/1188 1187/1187
f 1187/1187 1188/1188 1147/1147
f 1187/1187 1147/1147 1146/1146
f 1147/1147 1188/1188 1148/1148
f 1148/1148 1188/1188 1189/1189
f 1148/1148 1189/1189 1149/1149
f 1149/1149 1189/1189 1190/1190
f 1149/1149 1190/1190 1150/1150
f 1150/1150 1190/1190 1191/1191
f 1150/1150 1191/1191 1151/1151
f 1151/1151 1191/1191 1192/1192
f 1151/1151 1192/1192 1152/1152
f 1152/1152 1192/1192 1193/1193
f 1152/1152 1193/1193 1153/1153
f 1153/1153 1193/1193 1194/1194
f 1153/1153 1194/1194 1154/1154
f 1154/1154 1194/1194 1195/1195
f 1154/1154 1195/1195 1155/1155
f 1155/1155 1195/1195 1196/1196
f 1155/1155 1196/1196 1156/1156
f 1156/1156 1196/1196 1197/1197
f 1156/1156 1197/1197 1157/1157
f 1157/1157 1197/1197 1198/1198
f 1157/1157 1198/1198 1158/1158
f 1158/1158 1198/1198 1199/1199
f 1158/1158 1199/1199 1159/1159
f 1159/1159 1199/1199 1200/1200
f 1159/1159 1200/1200 1160/1160
f 1160/1160 1200/1200 1201/1201
f 1160/1160 1201/1201 1161/1161
f 1161/1161 1201/1201 1202/1202
f 1161/1161 1202/1202 1162/1162
f 1162/1162 1202/1202 1203/1203
f 1162/1162 1203/1203 1163/1163
f 1163/1163 1203/1203 1204/1204
f 1163/1163 1204/1204 1164/1164
f 1164/1164 1204/1204 1205/1205
f 1164/1164 1205/1205 1165/1165
f 1165/1165 1205/1205 1206/1206
f 1165/1165 1206/1206 1166/1166
f 1166/1166 1206/1206 1207/1207
f 1166/1166 1207/1207 1167/1167
f 1167/1167 1207/1207 1208/1208
f 1167/1167 1208/1208 1168/1168
f 1168/1168 1208/1208 1209/1209
f 1168/1168 1209/1209 1169/1169
f 1169/1169 1209/1209 1210/1210
f 1169/1169 1210/1210 1170/1170
f 1170/1170 1210/1210 1211/1211
f 1170/1170 1211/1211 1171/1171
f 1171/1171 1211/1211 1212/1212
f 1171/1171 1212/1212 1172/1172
f 1172/1172 1212/1212 1213/1213
f 1172/1172 1213/1213 1173/1173
f 1173/1173 1213/1213 1214/1214
f 1173/1173 1214/1214 1174/1174
f 1174/1174 1214/1214 1215/1215
f 1174/1174 1215/1215 1175/1175
f 1175/1175 1215/1215 1216/1216
f 1175/1175 1216/1216 1176/1176
f 1176/1176 1216/1216 1217/1217
f 1176/1176 1217/1217 1177/1177
f 1177/1177 1217/1217 1218/1218
f 1177/1177 1218/1218 1178/1178
f 1218/1218 1217/1217 1254/1254
f 1254/1254 1217/1217 1253/1253
f 1254/1254 1253/1253 1283/1283
f 1283/1283 1253/1253 1252/1252
f 1283/1283 1252/1252 1047/1047
f 1283/1283 1047/1047 1048/1048
f 1041/1041 1042/1042 1282/1282
f 1041/1041 1282/1282 1281/1281
f 1281/1281 1282/1282 1247/1247
f 1281/1281 1247/1247 1246/1246
f 1246/1246 1247/1247 1210/1210
f 1246/1246 1210/1210 1209/1209
f 1210/1210 1247/1247 1211/1211
f 1211/1211 1247/1247 1248/1248
f 1211/1211 1248/1248 1212/1212
f 1212/1212 1248/1248 1249/1249
f 1212/1212 1249/1249 1213/1213
f 1213/1213 1249/1249 1250/1250
f 1213/1213 1250/1250 1214/1214
f 1214/1214 1250/1250 1251/1251
f 1214/1214 1251/1251 1215/1215
f 1215/1215 1251/1251 1252/1252
f 1215/1215 1252/1252 1216/1216
f 1216/1216 1252/1252 1253/1253
f 1216/1216 1253/1253 1217/1217
f 1252/1252 1251/1251 1047/1047
f 1047/1047 1251/1251 1046/1046
f 1042/1042 1043/1043 1282/1282
f 1282/1282 1043/1043 1248/1248
f 1282/1282 1248/1248 1247/1247
f 1248/1248 1043/1043 1044/1044
f 1248/1248 1044/1044 1249/1249
f 1249/1249 1044/1044 1250/1250
f 1250/1250 1044/1044 1045/1045
f 1250/1250 1045/1045 1046/1046
f 1250/1250 1046/1046 1251/1251
f 1205/1205 1204/1204 1241/1241
f 1241/1241 1204/1204 1240/1240
f 1240/1240 1204/1204 1203/1203
f 1240/1240 1203/1203 1239/1239
f 1239/1239 1203/1203 1202/1202
f 1239/1239 1202/1202 1238/1238
f 1238/1238 1202/1202 1201/1201
f 1195/1195 1194/1194 1231/1231
f 1231/1231 1194/1194 1230/1230
f 1230/1230 1194/1194 1193/1193
f 1230/1230 1193/1193 1229/1229
f 1229/1229 1193/1193 1192/1192
f 1229/1229 1192/1192 1228/1228
f 1228/1228 1192/1192 1191/1191
f 1228/1228 1191/1191 1227/1227
f 1227/1227 1191/1191 1190/1190
f 1227/1227 1190/1190 1226/1226
f 1226/1226 1190/1190 1189/1189
f 1226/1226 1189/1189 1225/1225
f 1225/1225 1189/1189 1188/1188
f 1221/1221 1056/1056 1057/1057
